{
	"credit": "Made with Blockbench",
	"texture_size": [128, 128],
	"textures": {
		"particle": "item/ring/asteroids",
		"layer0": "item/ring/asteroids"
	},
	"elements": [
		{
			"from": [-13, 16, -13],
			"to": [29, 16, 29],
			"faces": {
				"north": {"uv": [0, 0, 4, 4], "texture": "#layer0", "tintindex": 0},
				"east": {"uv": [0, 4, 4, 8], "texture": "#layer0", "tintindex": 0},
				"south": {"uv": [4, 0, 8, 4], "texture": "#layer0", "tintindex": 0},
				"west": {"uv": [4, 4, 8, 8], "texture": "#layer0", "tintindex": 0},
				"up": {"uv": [16, 16, 0, 0], "texture": "#layer0", "tintindex": 0},
				"down": {"uv": [16, 0, 0, 16], "texture": "#layer0", "tintindex": 0}
			}
		}
	]
}