{
	"providers": [
		{
			"type": "bitmap",
			"file": "minecraft:misc/poin.png",
			"ascent": 10,
			"height": 16,
			"chars": [
				"\uE001"
			]
		},
		{
			"type": "bitmap",
			"file": "minecraft:misc/stoin.png",
			"ascent": 8,
			"height": 16,
			"chars": [
				"\uE002"
			]
		},
		{
			"type": "bitmap",
			"file": "minecraft:misc/boin.png",
			"ascent": 8,
			"height": 16,
			"chars": [
				"\uE003"
			]
		},
		{
			"type": "bitmap",
			"file": "minecraft:misc/boinbread.png",
			"ascent": 8,
			"height": 16,
			"chars": [
				"\uE004"
			]
		},
                {
			"type": "bitmap",
			"file": "minecraft:misc/bointree.png",
			"ascent": 8,
			"height": 16,
			"chars": [
				"\uE005"
			]
		},
                {
			"type": "bitmap",
			"file": "minecraft:misc/tree.png",
			"ascent": 7,
			"height": 16,
			"chars": [
				"\uE006"
			]
		},
                {
			"type": "bitmap",
			"file": "minecraft:misc/rank/loaf.png",
			"ascent": 8,
			"height": 16,
			"chars": [
				"\uF001"
			]
		},
                {
			"type": "bitmap",
			"file": "minecraft:misc/rank/tester.png",
			"ascent": 9,
			"height": 16,
			"chars": [
				"\uF002"
			]
		},
                {
			"type": "bitmap",
			"file": "minecraft:misc/rank/builder.png",
			"ascent": 9,
			"height": 16,
			"chars": [
				"\uF003"
			]
		},
                {
			"type": "bitmap",
			"file": "minecraft:misc/rank/dev.png",
			"ascent": 9,
			"height": 16,
			"chars": [
				"\uF004"
			]
		},
                {
			"type": "bitmap",
			"file": "minecraft:misc/rank/ceo.png",
			"ascent": 10,
			"height": 16,
			"chars": [
				"\uF005"
			]
		},
                {
			"type": "bitmap",
			"file": "minecraft:misc/rank/resources.png",
			"ascent": 9,
			"height": 16,
			"chars": [
				"\uF006"
			]
		},
                {
			"type": "bitmap",
			"file": "minecraft:misc/rank/admin.png",
			"ascent": 9,
			"height": 16,
			"chars": [
				"\uF007"
			]
		},
                {
			"type": "bitmap",
			"file": "minecraft:misc/rank/mod.png",
			"ascent": 9,
			"height": 16,
			"chars": [
				"\uF008"
			]
		},
                {
			"type": "bitmap",
			"file": "minecraft:misc/rank/bug.png",
			"ascent": 9,
			"height": 16,
			"chars": [
				"\uF009"
			]
		},
                {
			"type": "bitmap",
			"file": "minecraft:misc/rank/doctor.png",
			"ascent": 9,
			"height": 16,
			"chars": [
				"\uF010"
			]
		},
                {
			"type": "bitmap",
			"file": "minecraft:misc/rank/chemist.png",
			"ascent": 9,
			"height": 16,
			"chars": [
				"\uF011"
			]
		},
                {
			"type": "bitmap",
			"file": "minecraft:misc/rank/mechanic.png",
			"ascent": 9,
			"height": 16,
			"chars": [
				"\uF012"
			]
		},
                {
			"type": "bitmap",
			"file": "minecraft:misc/rank/wheat.png",
			"ascent": 9,
			"height": 16,
			"chars": [
				"\uF013"
			]
		},
                {
			"type": "bitmap",
			"file": "minecraft:misc/rank/chef.png",
			"ascent": 9,
			"height": 16,
			"chars": [
				"\uF014"
			]
		},
                {
			"type": "bitmap",
			"file": "minecraft:misc/rank/inspector.png",
			"ascent": 9,
			"height": 16,
			"chars": [
				"\uF015"
			]
		},
                {
			"type": "bitmap",
			"file": "minecraft:misc/rank/dealer.png",
			"ascent": 11,
			"height": 16,
			"chars": [
				"\uF016"
			]
		},
                {
			"type": "bitmap",
			"file": "minecraft:misc/rank/showman.png",
			"ascent": 9,
			"height": 16,
			"chars": [
				"\uF017"
			]
		},
                {
			"type": "bitmap",
			"file": "minecraft:misc/rank/escapist.png",
			"ascent": 9,
			"height": 16,
			"chars": [
				"\uF018"
			]
		},
                {
			"type": "bitmap",
			"file": "minecraft:misc/rank/bartender.png",
			"ascent": 9,
			"height": 16,
			"chars": [
				"\uF019"
			]
		},
                {
			"type": "bitmap",
			"file": "minecraft:misc/rank/ghost.png",
			"ascent": 8,
			"height": 16,
			"chars": [
				"\uF020"
			]
		},
                {
			"type": "bitmap",
			"file": "minecraft:misc/rank/bdayboy.png",
			"ascent": 9,
			"height": 16,
			"chars": [
				"\uF021"
			]
		},
                {
			"type": "bitmap",
			"file": "minecraft:misc/rank/lieo.png",
			"ascent": 9,
			"height": 16,
			"chars": [
				"\uF022"
			]
		},
                {
			"type": "bitmap",
			"file": "minecraft:misc/rank/1000th.png",
			"ascent": 9,
			"height": 16,
			"chars": [
				"\uF023"
			]
		},
                {
			"type": "bitmap",
			"file": "minecraft:misc/rank/insert.png",
			"ascent": 9,
			"height": 16,
			"chars": [
				"\uF024"
			]
		}
	]
}