{
	"parent": "minecraft:item/generated",
	"textures": {
		"layer0": "item/bone_meal"
	},
	
	"overrides": [
		{"predicate": {"custom_model_data":1}, "model": "item/bonemeal/store"},
		{"predicate": {"custom_model_data":2}, "model": "item/bonemeal/height"},
		{"predicate": {"custom_model_data":3}, "model": "item/bonemeal/20x20"},
		{"predicate": {"custom_model_data":4}, "model": "item/bonemeal/26x26"},
		{"predicate": {"custom_model_data":5}, "model": "item/bonemeal/32x32"},
		{"predicate": {"custom_model_data":6}, "model": "item/bonemeal/basement"},
		{"predicate": {"custom_model_data":7}, "model": "item/bonemeal/billboard"}
	]
}