{
	"credit": "Made with Blockbench",
	"texture_size": [128, 128],
	"textures": {
		"0": "item/skin/dealer",
		"particle": "item/skin/dealer"
	},
	"elements": [
		{
			"from": [0, 0, 3],
			"to": [16, 2, 7],
			"rotation": {"angle": 0, "axis": "y", "origin": [8, 7, 6.25]},
			"faces": {
				"north": {"uv": [4.25, 2.75, 6.25, 3], "texture": "#0"},
				"east": {"uv": [3, 5.625, 3.5, 5.875], "texture": "#0"},
				"south": {"uv": [4.25, 3, 6.25, 3.25], "texture": "#0"},
				"west": {"uv": [3.5, 5.625, 4, 5.875], "texture": "#0"},
				"up": {"uv": [6, 1.25, 4, 0.75], "texture": "#0"},
				"down": {"uv": [6, 1.25, 4, 1.75], "texture": "#0"}
			}
		},
		{
			"from": [0.25, 2, 3.5],
			"to": [14.75, 6, 3.5],
			"rotation": {"angle": 0, "axis": "y", "origin": [8, 7, 6.25]},
			"faces": {
				"north": {"uv": [6.25, 5.5, 8.25, 6], "texture": "#0"},
				"east": {"uv": [0, 0, 0, 0.5], "texture": "#0"},
				"south": {"uv": [5.625, 6.25, 7.625, 6.75], "texture": "#0"},
				"west": {"uv": [0, 0, 0, 0.5], "texture": "#0"},
				"up": {"uv": [2, 0, 0, 0], "texture": "#0"},
				"down": {"uv": [2, 0, 0, 0], "texture": "#0"}
			}
		},
		{
			"from": [0, 0, 7],
			"to": [16, 15, 16],
			"rotation": {"angle": 0, "axis": "y", "origin": [8, 7, 6.25]},
			"faces": {
				"north": {"uv": [0, 0, 2, 1.875], "texture": "#0"},
				"east": {"uv": [2, 2.25, 3.125, 4.125], "texture": "#0"},
				"south": {"uv": [0, 1.875, 2, 3.75], "texture": "#0"},
				"west": {"uv": [3.125, 2.25, 4.25, 4.125], "texture": "#0"},
				"up": {"uv": [4, 1.125, 2, 0], "texture": "#0"},
				"down": {"uv": [4, 1.125, 2, 2.25], "texture": "#0"}
			}
		},
		{
			"from": [0, 9, 5],
			"to": [16, 15, 7],
			"rotation": {"angle": 0, "axis": "y", "origin": [8, 7, 6.25]},
			"faces": {
				"north": {"uv": [0, 3.75, 2, 4.5], "texture": "#0"},
				"east": {"uv": [5.5, 5, 5.75, 5.75], "texture": "#0"},
				"south": {"uv": [4, 0, 6, 0.75], "texture": "#0"},
				"west": {"uv": [2, 5.625, 2.25, 6.375], "texture": "#0"},
				"up": {"uv": [2, 5, 0, 4.75], "texture": "#0"},
				"down": {"uv": [4, 4.875, 2, 5.125], "texture": "#0"}
			}
		},
		{
			"from": [0, 6, 3],
			"to": [16, 8, 7],
			"rotation": {"angle": 0, "axis": "y", "origin": [8, 7, 6.25]},
			"faces": {
				"north": {"uv": [4.25, 3.25, 6.25, 3.5], "texture": "#0"},
				"east": {"uv": [5.75, 5, 6.25, 5.25], "texture": "#0"},
				"south": {"uv": [4.25, 3.5, 6.25, 3.75], "texture": "#0"},
				"west": {"uv": [5.75, 5.25, 6.25, 5.5], "texture": "#0"},
				"up": {"uv": [6, 2.25, 4, 1.75], "texture": "#0"},
				"down": {"uv": [4, 4.125, 2, 4.625], "texture": "#0"}
			}
		},
		{
			"from": [0, 13, 3],
			"to": [16, 15, 5],
			"rotation": {"angle": 0, "axis": "y", "origin": [8, 7, 6.25]},
			"faces": {
				"north": {"uv": [4.25, 3.75, 6.25, 4], "texture": "#0"},
				"east": {"uv": [4, 6.125, 4.25, 6.375], "texture": "#0"},
				"south": {"uv": [0, 4.5, 2, 4.75], "texture": "#0"},
				"west": {"uv": [4.25, 6.125, 4.5, 6.375], "texture": "#0"},
				"up": {"uv": [4, 4.875, 2, 4.625], "texture": "#0"},
				"down": {"uv": [6, 4.625, 4, 4.875], "texture": "#0"}
			}
		},
		{
			"from": [0, 8, 3],
			"to": [16, 9, 7],
			"rotation": {"angle": 0, "axis": "y", "origin": [8, 7, 6.25]},
			"faces": {
				"north": {"uv": [4.25, 4, 6.25, 4.125], "texture": "#0"},
				"east": {"uv": [6.25, 1.25, 6.75, 1.375], "texture": "#0"},
				"south": {"uv": [5, 4.875, 7, 5], "texture": "#0"},
				"west": {"uv": [6.25, 1.375, 6.75, 1.5], "texture": "#0"},
				"up": {"uv": [6, 4.625, 4, 4.125], "texture": "#0"},
				"down": {"uv": [6.25, 2.25, 4.25, 2.75], "texture": "#0"}
			}
		},
		{
			"from": [14, 9, 3],
			"to": [16, 13, 5],
			"rotation": {"angle": 0, "axis": "y", "origin": [8, 7, 6.25]},
			"faces": {
				"north": {"uv": [6, 1.25, 6.25, 1.75], "texture": "#0"},
				"east": {"uv": [1.5, 6, 1.75, 6.5], "texture": "#0"},
				"south": {"uv": [1.75, 6, 2, 6.5], "texture": "#0"},
				"west": {"uv": [6, 1.75, 6.25, 2.25], "texture": "#0"},
				"up": {"uv": [0.25, 6.5, 0, 6.25], "texture": "#0"},
				"down": {"uv": [0.5, 6.25, 0.25, 6.5], "texture": "#0"}
			}
		},
		{
			"from": [0, 9, 3],
			"to": [2, 13, 5],
			"rotation": {"angle": 0, "axis": "y", "origin": [8, 7, 6.25]},
			"faces": {
				"north": {"uv": [2.25, 6, 2.5, 6.5], "texture": "#0"},
				"east": {"uv": [2.5, 6, 2.75, 6.5], "texture": "#0"},
				"south": {"uv": [2.75, 6, 3, 6.5], "texture": "#0"},
				"west": {"uv": [6, 4.125, 6.25, 4.625], "texture": "#0"},
				"up": {"uv": [0.75, 6.5, 0.5, 6.25], "texture": "#0"},
				"down": {"uv": [1, 6.25, 0.75, 6.5], "texture": "#0"}
			}
		},
		{
			"from": [7, 10, 2],
			"to": [9, 12, 3],
			"rotation": {"angle": 0, "axis": "y", "origin": [8, 7, 6.25]},
			"faces": {
				"north": {"uv": [1, 6.25, 1.25, 6.5], "texture": "#0"},
				"east": {"uv": [6.25, 3, 6.375, 3.25], "texture": "#0"},
				"south": {"uv": [1.25, 6.25, 1.5, 6.5], "texture": "#0"},
				"west": {"uv": [6.25, 3.25, 6.375, 3.5], "texture": "#0"},
				"up": {"uv": [6.5, 3.625, 6.25, 3.5], "texture": "#0"},
				"down": {"uv": [6.5, 3.625, 6.25, 3.75], "texture": "#0"}
			}
		},
		{
			"from": [6.75, 7.25, 2],
			"to": [9.5, 10, 3],
			"rotation": {"angle": 0, "axis": "y", "origin": [8, 7, 6.25]},
			"faces": {
				"north": {"uv": [2.25, 5.625, 2.625, 6], "texture": "#0"},
				"east": {"uv": [6.25, 2, 6.375, 2.375], "texture": "#0"},
				"south": {"uv": [2.625, 5.625, 3, 6], "texture": "#0"},
				"west": {"uv": [6.25, 2.375, 6.375, 2.75], "texture": "#0"},
				"up": {"uv": [6.625, 2.875, 6.25, 2.75], "texture": "#0"},
				"down": {"uv": [6.625, 2.875, 6.25, 3], "texture": "#0"}
			}
		},
		{
			"from": [7.25, 8.75, 1],
			"to": [8.75, 9.5, 2],
			"rotation": {"angle": 0, "axis": "y", "origin": [8, 7, 6.25]},
			"faces": {
				"north": {"uv": [6.25, 3.75, 6.5, 3.875], "texture": "#0"},
				"east": {"uv": [6.25, 5.375, 6.375, 5.5], "texture": "#0"},
				"south": {"uv": [6.25, 3.875, 6.5, 4], "texture": "#0"},
				"west": {"uv": [5.5, 6.25, 5.625, 6.375], "texture": "#0"},
				"up": {"uv": [6.5, 4.125, 6.25, 4], "texture": "#0"},
				"down": {"uv": [6.5, 4.125, 6.25, 4.25], "texture": "#0"}
			}
		},
		{
			"from": [7, 7.25, 1],
			"to": [9, 8.75, 2],
			"rotation": {"angle": 0, "axis": "y", "origin": [8, 7, 6.25]},
			"faces": {
				"north": {"uv": [6.25, 1.5, 6.5, 1.75], "texture": "#0"},
				"east": {"uv": [6.25, 4.25, 6.375, 4.5], "texture": "#0"},
				"south": {"uv": [6.25, 1.75, 6.5, 2], "texture": "#0"},
				"west": {"uv": [6.25, 5, 6.375, 5.25], "texture": "#0"},
				"up": {"uv": [6.5, 4.625, 6.25, 4.5], "texture": "#0"},
				"down": {"uv": [6.5, 5.25, 6.25, 5.375], "texture": "#0"}
			}
		},
		{
			"from": [6, 9, 3],
			"to": [10, 13, 5],
			"rotation": {"angle": 0, "axis": "y", "origin": [8, 7, 6.25]},
			"faces": {
				"north": {"uv": [1, 5, 1.5, 5.5], "texture": "#0"},
				"east": {"uv": [5, 6, 5.25, 6.5], "texture": "#0"},
				"south": {"uv": [1.5, 5, 2, 5.5], "texture": "#0"},
				"west": {"uv": [5.25, 6, 5.5, 6.5], "texture": "#0"},
				"up": {"uv": [6.5, 4.875, 6, 4.625], "texture": "#0"},
				"down": {"uv": [6, 6, 5.5, 6.25], "texture": "#0"}
			}
		},
		{
			"from": [14, 4, 3],
			"to": [16, 6, 7],
			"rotation": {"angle": 0, "axis": "y", "origin": [8, 7, 6.25]},
			"faces": {
				"north": {"uv": [6, 5.75, 6.25, 6], "texture": "#0"},
				"east": {"uv": [5.5, 5.75, 6, 6], "texture": "#0"},
				"south": {"uv": [6, 6, 6.25, 6.25], "texture": "#0"},
				"west": {"uv": [5.75, 5.5, 6.25, 5.75], "texture": "#0"},
				"up": {"uv": [3.25, 6.375, 3, 5.875], "texture": "#0"},
				"down": {"uv": [3.5, 5.875, 3.25, 6.375], "texture": "#0"}
			}
		},
		{
			"from": [0, 4, 3],
			"to": [2, 6, 7],
			"rotation": {"angle": 0, "axis": "y", "origin": [8, 7, 6.25]},
			"faces": {
				"north": {"uv": [3.5, 6.125, 3.75, 6.375], "texture": "#0"},
				"east": {"uv": [3.5, 5.875, 4, 6.125], "texture": "#0"},
				"south": {"uv": [3.75, 6.125, 4, 6.375], "texture": "#0"},
				"west": {"uv": [4, 5.875, 4.5, 6.125], "texture": "#0"},
				"up": {"uv": [4.75, 6.375, 4.5, 5.875], "texture": "#0"},
				"down": {"uv": [5, 5.875, 4.75, 6.375], "texture": "#0"}
			}
		},
		{
			"from": [0, 2, 3],
			"to": [4, 4, 7],
			"rotation": {"angle": 0, "axis": "y", "origin": [8, 7, 6.25]},
			"faces": {
				"north": {"uv": [0, 6, 0.5, 6.25], "texture": "#0"},
				"east": {"uv": [6, 0, 6.5, 0.25], "texture": "#0"},
				"south": {"uv": [6, 0.25, 6.5, 0.5], "texture": "#0"},
				"west": {"uv": [0.5, 6, 1, 6.25], "texture": "#0"},
				"up": {"uv": [4.5, 5.375, 4, 4.875], "texture": "#0"},
				"down": {"uv": [5, 4.875, 4.5, 5.375], "texture": "#0"}
			}
		},
		{
			"from": [12, 2, 3],
			"to": [16, 4, 7],
			"rotation": {"angle": 0, "axis": "y", "origin": [8, 7, 6.25]},
			"faces": {
				"north": {"uv": [6, 0.5, 6.5, 0.75], "texture": "#0"},
				"east": {"uv": [6, 0.75, 6.5, 1], "texture": "#0"},
				"south": {"uv": [1, 6, 1.5, 6.25], "texture": "#0"},
				"west": {"uv": [6, 1, 6.5, 1.25], "texture": "#0"},
				"up": {"uv": [0.5, 5.5, 0, 5], "texture": "#0"},
				"down": {"uv": [1, 5, 0.5, 5.5], "texture": "#0"}
			}
		},
		{
			"from": [0, -8, 3],
			"to": [4, -4, 7],
			"rotation": {"angle": 0, "axis": "y", "origin": [8, 7, 6.25]},
			"faces": {
				"north": {"uv": [5, 5, 5.5, 5.5], "texture": "#0"},
				"east": {"uv": [2, 5.125, 2.5, 5.625], "texture": "#0"},
				"south": {"uv": [2.5, 5.125, 3, 5.625], "texture": "#0"},
				"west": {"uv": [3, 5.125, 3.5, 5.625], "texture": "#0"},
				"up": {"uv": [4, 5.625, 3.5, 5.125], "texture": "#0"},
				"down": {"uv": [4.5, 5.375, 4, 5.875], "texture": "#0"}
			}
		},
		{
			"from": [12, -8, 3],
			"to": [16, -4, 7],
			"rotation": {"angle": 0, "axis": "y", "origin": [8, 7, 6.25]},
			"faces": {
				"north": {"uv": [4.5, 5.375, 5, 5.875], "texture": "#0"},
				"east": {"uv": [0, 5.5, 0.5, 6], "texture": "#0"},
				"south": {"uv": [0.5, 5.5, 1, 6], "texture": "#0"},
				"west": {"uv": [1, 5.5, 1.5, 6], "texture": "#0"},
				"up": {"uv": [2, 6, 1.5, 5.5], "texture": "#0"},
				"down": {"uv": [5.5, 5.5, 5, 6], "texture": "#0"}
			}
		}
	],
	"display": {
		"thirdperson_righthand": {
			"scale": [0, 0, 0]
		},
		"thirdperson_lefthand": {
			"scale": [0, 0, 0]
		},
		"firstperson_righthand": {
			"translation": [-10.75, -10, 0]
		},
		"firstperson_lefthand": {
			"translation": [-10.75, -10, 0]
		},
		"ground": {
			"translation": [0, 2.75, 0]
		},
		"gui": {
			"rotation": [14, 148, 0],
			"translation": [0, 1.75, 0],
			"scale": [0.55, 0.55, 0.55]
		},
		"head": {
			"translation": [0, -3, -2],
			"scale": [1.5, 1.5, 1.5]
		},
		"fixed": {
			"translation": [0, 0.75, 0],
			"scale": [1.65, 1.65, 1.65]
		}
	},
	"groups": [
		{
			"name": "head",
			"origin": [0, 0, 0],
			"color": 0,
			"children": [0, 1, 2, 3, 4, 5, 6, 7, 8, 9, 10, 11, 12, 13, 14, 15, 16, 17]
		},
		{
			"name": "hand",
			"origin": [8, 8, 8],
			"color": 0,
			"children": [18]
		},
		{
			"name": "hand",
			"origin": [8, 8, 8],
			"color": 0,
			"children": [19]
		}
	]
}