{
	"credit": "Made with Blockbench",
	"texture_size": [32, 32],
	"textures": {
		"1": "item/ender_wand",
		"particle": "item/ender_wand"
	},
	"elements": [
		{
			"from": [6, 7, 6],
			"to": [8, 24, 8],
			"faces": {
				"north": {"uv": [0, 0, 1, 8.5], "texture": "#1"},
				"east": {"uv": [1, 0, 2, 8.5], "texture": "#1"},
				"south": {"uv": [2, 0, 3, 8.5], "texture": "#1"},
				"west": {"uv": [3, 0, 4, 8.5], "texture": "#1"},
				"up": {"uv": [4, 9.5, 3, 8.5], "texture": "#1"},
				"down": {"uv": [9.5, 3.5, 8.5, 4.5], "texture": "#1"}
			}
		},
		{
			"from": [6.2, 1, 6.2],
			"to": [7.8, 7, 7.8],
			"faces": {
				"north": {"uv": [7, 7, 8, 10], "texture": "#1"},
				"east": {"uv": [5.5, 8, 6.5, 11], "texture": "#1"},
				"south": {"uv": [8, 7, 9, 10], "texture": "#1"},
				"west": {"uv": [0, 8.5, 1, 11.5], "texture": "#1"},
				"up": {"uv": [9.5, 5.5, 8.5, 4.5], "texture": "#1"},
				"down": {"uv": [9.5, 5.5, 8.5, 6.5], "texture": "#1"}
			}
		},
		{
			"from": [5.95, 0, 5.95],
			"to": [8.05, 1, 8.05],
			"faces": {
				"north": {"uv": [9.5, 5.5, 10.5, 6], "texture": "#1"},
				"east": {"uv": [9.5, 6, 10.5, 6.5], "texture": "#1"},
				"south": {"uv": [9, 9.5, 10, 10], "texture": "#1"},
				"west": {"uv": [1, 10, 2, 10.5], "texture": "#1"},
				"up": {"uv": [5, 10, 4, 9], "texture": "#1"},
				"down": {"uv": [10, 6.5, 9, 7.5], "texture": "#1"}
			}
		},
		{
			"from": [5.75, 22, 5.75],
			"to": [8.25, 23, 12],
			"faces": {
				"north": {"uv": [9, 7.5, 10.5, 8], "texture": "#1"},
				"east": {"uv": [8.5, 2.5, 12, 3], "texture": "#1"},
				"south": {"uv": [9, 8, 10.5, 8.5], "texture": "#1"},
				"west": {"uv": [8.5, 3, 12, 3.5], "texture": "#1"},
				"up": {"uv": [8.5, 3.5, 7, 0], "texture": "#1"},
				"down": {"uv": [8.5, 3.5, 7, 7], "texture": "#1"}
			}
		},
		{
			"from": [5.75, 31, 1.75],
			"to": [8.25, 32, 12],
			"faces": {
				"north": {"uv": [9.5, 3.5, 11, 4], "texture": "#1"},
				"east": {"uv": [8.5, 0, 13, 0.5], "texture": "#1"},
				"south": {"uv": [9.5, 4, 11, 4.5], "texture": "#1"},
				"west": {"uv": [8.5, 0.5, 13, 1], "texture": "#1"},
				"up": {"uv": [5.5, 4.5, 4, 0], "texture": "#1"},
				"down": {"uv": [5.5, 4.5, 4, 9], "texture": "#1"}
			}
		},
		{
			"from": [5.75, 23, 11],
			"to": [8.25, 31, 12],
			"rotation": {"angle": 0, "axis": "x", "origin": [7, 23.5, 9.375]},
			"faces": {
				"north": {"uv": [5.5, 0, 7, 4], "texture": "#1"},
				"east": {"uv": [6.5, 8, 7, 12], "texture": "#1"},
				"south": {"uv": [5.5, 4, 7, 8], "texture": "#1"},
				"west": {"uv": [2.5, 8.5, 3, 12.5], "texture": "#1"},
				"up": {"uv": [10.5, 9, 9, 8.5], "texture": "#1"},
				"down": {"uv": [10.5, 9, 9, 9.5], "texture": "#1"}
			}
		},
		{
			"from": [5.75, 29, 1.75],
			"to": [8.25, 31, 2.75],
			"rotation": {"angle": 0, "axis": "y", "origin": [7, 23.5, 9.375]},
			"faces": {
				"north": {"uv": [1, 8.5, 2.5, 10], "texture": "#1"},
				"east": {"uv": [5, 9, 5.5, 10.5], "texture": "#1"},
				"south": {"uv": [8.5, 1, 10, 2.5], "texture": "#1"},
				"west": {"uv": [3, 9.5, 3.5, 11], "texture": "#1"},
				"up": {"uv": [11, 5, 9.5, 4.5], "texture": "#1"},
				"down": {"uv": [11, 5, 9.5, 5.5], "texture": "#1"}
			}
		},
		{
			"from": [4, 24.75, 4.3],
			"to": [9.25, 30, 9.55],
			"faces": {
				"north": {"uv": [7, 10, 9.5, 12.5], "texture": "#1"},
				"east": {"uv": [9.5, 10, 12, 12.5], "texture": "#1"},
				"south": {"uv": [10.5, 5.5, 13, 8], "texture": "#1"},
				"west": {"uv": [3, 11, 5.5, 13.5], "texture": "#1"},
				"up": {"uv": [2.5, 14, 0, 11.5], "texture": "#1"},
				"down": {"uv": [14.5, 1, 12, 3.5], "texture": "#1"}
			}
		}
	],
	"display": {
		"thirdperson_righthand": {
			"translation": [-0.5, 2, 1.5]
		},
		"thirdperson_lefthand": {
			"rotation": [63.75, 0, 0],
			"translation": [-0.25, -3.75, -4.25]
		},
		"firstperson_righthand": {
			"rotation": [-19.11, 116, -5],
			"translation": [3, -7.25, 0.5]
		},
		"firstperson_lefthand": {
			"translation": [0, -8.5, 0]
		},
		"ground": {
			"scale": [0.5, 0.5, 0.5]
		},
		"gui": {
			"rotation": [-22, 152, 27],
			"translation": [-0.5, -4, 0],
			"scale": [0.5, 0.5, 0.5]
		},
		"head": {
			"translation": [2.25, -29.5, 0],
			"scale": [2, 2, 2]
		},
		"fixed": {
			"rotation": [-10.25, 0, 0],
			"translation": [0, -11, -2.75],
			"scale": [2, 2, 2]
		}
	}
}