{
	"parent": "item/generated",
	"textures": {
		"layer0": "item/nether_star"
	},
	
	"overrides": [
		{"predicate": {"custom_model_data":1}, "model": "item/nether_star/nothing"},
		{"predicate": {"custom_model_data":2}, "model": "item/nether_star/gamemode"},
		{"predicate": {"custom_model_data":3}, "model": "item/nether_star/interaction"},
		{"predicate": {"custom_model_data":4}, "model": "item/nether_star/armorstand"},
		{"predicate": {"custom_model_data":5}, "model": "item/nether_star/wireless"},
		{"predicate": {"custom_model_data":6}, "model": "item/nether_star/saveslot"}
	]
}