{
	"parent": "item/generated",
	"textures": {
		"layer0": "item/oak_sign"
	},
	
	"overrides": [
		{"predicate": {"custom_model_data":1}, "model": "item/furniture/oak_sign/1"},
		{"predicate": {"custom_model_data":2}, "model": "item/furniture/oak_sign/2"},
		{"predicate": {"custom_model_data":3}, "model": "item/furniture/oak_sign/3"},
		{"predicate": {"custom_model_data":4}, "model": "item/leather/1"},
		{"predicate": {"custom_model_data":5}, "model": "item/leather/2"},
		{"predicate": {"custom_model_data":6}, "model": "item/leather/3"},
		{"predicate": {"custom_model_data":7}, "model": "item/leather/4"},
		{"predicate": {"custom_model_data":8}, "model": "item/leather/5"},
		{"predicate": {"custom_model_data":9}, "model": "item/leather/6"},
		{"predicate": {"custom_model_data":10}, "model": "item/rabbit_hide/4"},
		{"predicate": {"custom_model_data":11}, "model": "item/leather/7"}
	]
}