{
	"parent": "minecraft:item/template_spawn_egg",
	"textures": {
	},
	
	"overrides": [
		{"predicate": {"custom_model_data":1}, "model": "item/pig_spawn_egg/1"},
		{"predicate": {"custom_model_data":2}, "model": "item/pig_spawn_egg/2"},
		{"predicate": {"custom_model_data":3}, "model": "item/pig_spawn_egg/3"},
		{"predicate": {"custom_model_data":4}, "model": "item/pig_spawn_egg/4"},
		{"predicate": {"custom_model_data":5}, "model": "item/pig_spawn_egg/5"},
		{"predicate": {"custom_model_data":6}, "model": "item/pig_spawn_egg/6"}
	]
}