{
	"parent": "item/handheld",
	"textures": {
		"layer0": "item/rabbit_hide"
	},
	
	"overrides": [
		{"predicate": {"custom_model_data":1}, "model": "item/rabbit_hide/1"},
		{"predicate": {"custom_model_data":2}, "model": "item/rabbit_hide/2"},
		{"predicate": {"custom_model_data":3}, "model": "item/rabbit_hide/3"},
		{"predicate": {"custom_model_data":4}, "model": "item/rabbit_hide/4"},
		{"predicate": {"custom_model_data":5}, "model": "item/rabbit_hide/hair"},
		{"predicate": {"custom_model_data":6}, "model": "item/rabbit_hide/microphone"},
		{"predicate": {"custom_model_data":7}, "model": "item/rabbit_hide/guitar"},
		{"predicate": {"custom_model_data":8}, "model": "item/rabbit_hide/triangle"},
		{"predicate": {"custom_model_data":9}, "model": "item/rabbit_hide/drumset"},
		{"predicate": {"custom_model_data":10}, "model": "item/dealer"}
	]
}