{
	"parent": "minecraft:item/template_spawn_egg",
	"textures": {
	},
	
	"overrides": [
		{"predicate": {"custom_model_data":1}, "model": "item/slime_spawn_egg/presets/1ironshelf"},
		{"predicate": {"custom_model_data":2}, "model": "item/slime_spawn_egg/presets/2ironshelf"},
		{"predicate": {"custom_model_data":3}, "model": "item/slime_spawn_egg/presets/3ironshelf"},
		{"predicate": {"custom_model_data":4}, "model": "item/slime_spawn_egg/presets/spruceironshelf"},
		{"predicate": {"custom_model_data":5}, "model": "item/slime_spawn_egg/presets/spruceshelf"},
		{"predicate": {"custom_model_data":6}, "model": "item/slime_spawn_egg/presets/window"},
		{"predicate": {"custom_model_data":7}, "model": "item/slime_spawn_egg/presets/1flowerpot"},
		{"predicate": {"custom_model_data":8}, "model": "item/slime_spawn_egg/presets/2flowerpot"},
		{"predicate": {"custom_model_data":9}, "model": "item/slime_spawn_egg/presets/register"}
	]
}