{
	"credit": "Made with Blockbench",
	"texture_size": [64, 64],
	"textures": {
		"0": "item/rabbit_hide/1",
		"particle": "item/rabbit_hide/1"
	},
	"elements": [
		{
			"from": [4, 1, 6],
			"to": [12, 10, 11],
			"rotation": {"angle": 22.5, "axis": "x", "origin": [8, 5, 7.5]},
			"faces": {
				"north": {"uv": [2.25, 0, 4.25, 2.25], "texture": "#0"},
				"east": {"uv": [4.5, 4.5, 5.75, 6.75], "texture": "#0"},
				"south": {"uv": [2.25, 2.25, 4.25, 4.5], "texture": "#0"},
				"west": {"uv": [5.75, 4.5, 7, 6.75], "texture": "#0"},
				"up": {"uv": [8, 1.25, 6, 0], "texture": "#0"},
				"down": {"uv": [8, 1.25, 6, 2.5], "texture": "#0"}
			}
		},
		{
			"from": [9.5, 0, 1],
			"to": [12.5, 3, 6],
			"rotation": {"angle": -22.5, "axis": "y", "origin": [11, 2, 3.5]},
			"faces": {
				"north": {"uv": [7.5, 3.25, 8.25, 4], "texture": "#0"},
				"east": {"uv": [4.5, 6.75, 5.75, 7.5], "texture": "#0"},
				"south": {"uv": [6, 7.5, 6.75, 8.25], "texture": "#0"},
				"west": {"uv": [5.75, 6.75, 7, 7.5], "texture": "#0"},
				"up": {"uv": [7.75, 5.5, 7, 4.25], "texture": "#0"},
				"down": {"uv": [7.75, 5.5, 7, 6.75], "texture": "#0"}
			}
		},
		{
			"from": [3.5, 0, 1],
			"to": [6.5, 3, 6],
			"rotation": {"angle": 22.5, "axis": "y", "origin": [5, 2, 3.5]},
			"faces": {
				"north": {"uv": [6.75, 7.5, 7.5, 8.25], "texture": "#0"},
				"east": {"uv": [7, 6.75, 8.25, 7.5], "texture": "#0"},
				"south": {"uv": [7.5, 7.5, 8.25, 8.25], "texture": "#0"},
				"west": {"uv": [7.5, 2.5, 8.75, 3.25], "texture": "#0"},
				"up": {"uv": [5.25, 8.75, 4.5, 7.5], "texture": "#0"},
				"down": {"uv": [6, 7.5, 5.25, 8.75], "texture": "#0"}
			}
		},
		{
			"from": [12, -0.53701, 8.30029],
			"to": [15, 6.46299, 11.30029],
			"rotation": {"angle": 22.5, "axis": "y", "origin": [13.5, 2.96299, 9.80029]},
			"faces": {
				"north": {"uv": [6, 2.5, 6.75, 4.25], "texture": "#0"},
				"east": {"uv": [0, 6.25, 0.75, 8], "texture": "#0"},
				"south": {"uv": [0.75, 6.25, 1.5, 8], "texture": "#0"},
				"west": {"uv": [1.5, 6.25, 2.25, 8], "texture": "#0"},
				"up": {"uv": [8.5, 4.75, 7.75, 4], "texture": "#0"},
				"down": {"uv": [8.5, 4.75, 7.75, 5.5], "texture": "#0"}
			}
		},
		{
			"from": [1, -0.53701, 8.30029],
			"to": [4, 6.46299, 11.30029],
			"rotation": {"angle": -22.5, "axis": "y", "origin": [2.5, 2.96299, 9.80029]},
			"faces": {
				"north": {"uv": [2.25, 6.25, 3, 8], "texture": "#0"},
				"east": {"uv": [3, 6.25, 3.75, 8], "texture": "#0"},
				"south": {"uv": [3.75, 6.25, 4.5, 8], "texture": "#0"},
				"west": {"uv": [6.75, 2.5, 7.5, 4.25], "texture": "#0"},
				"up": {"uv": [8.5, 6.25, 7.75, 5.5], "texture": "#0"},
				"down": {"uv": [0.75, 8, 0, 8.75], "texture": "#0"}
			}
		},
		{
			"from": [3.5, 8, 6],
			"to": [12.5, 17, 13],
			"rotation": {"angle": 0, "axis": "y", "origin": [8, 12.5, 9.5]},
			"faces": {
				"north": {"uv": [2, 11.25, 4, 13.25], "texture": "#0"},
				"east": {"uv": [0, 11.25, 2, 13.25], "texture": "#0"},
				"south": {"uv": [6, 11.25, 8, 13.25], "texture": "#0"},
				"west": {"uv": [4, 11.25, 6, 13.25], "texture": "#0"},
				"up": {"uv": [4, 11.25, 2, 9.25], "texture": "#0"},
				"down": {"uv": [6, 9.25, 4, 11.25], "texture": "#0"}
			}
		},
		{
			"from": [3.25, 8, 5.5],
			"to": [3.25, 17, 13],
			"rotation": {"angle": 0, "axis": "y", "origin": [8, 12.5, 9.5]},
			"faces": {
				"north": {"uv": [2, 11.25, 4, 13.25], "texture": "#0"},
				"east": {"uv": [6, 13.5, 8, 15.5], "texture": "#0"},
				"south": {"uv": [6, 11.25, 8, 13.25], "texture": "#0"},
				"west": {"uv": [4, 13.25, 6, 15.25], "texture": "#0"},
				"up": {"uv": [4, 11.25, 2, 9.25], "texture": "#0"},
				"down": {"uv": [6, 9.25, 4, 11.25], "texture": "#0"}
			}
		},
		{
			"from": [12.6, 8, 5.5],
			"to": [12.6, 17, 13],
			"rotation": {"angle": 0, "axis": "y", "origin": [8, 12.5, 9.5]},
			"faces": {
				"north": {"uv": [2, 11.25, 4, 13.25], "texture": "#0"},
				"east": {"uv": [2, 13.5, 4, 15.5], "texture": "#0"},
				"south": {"uv": [6, 11.25, 8, 13.25], "texture": "#0"},
				"west": {"uv": [5.5, 13.5, 7.5, 15.5], "texture": "#0"},
				"up": {"uv": [4, 11.25, 2, 9.25], "texture": "#0"},
				"down": {"uv": [6, 9.25, 4, 11.25], "texture": "#0"}
			}
		},
		{
			"from": [5, 5, 5.8],
			"to": [6, 6, 5.8],
			"rotation": {"angle": 22.5, "axis": "x", "origin": [8, 5, 7.5]},
			"faces": {
				"north": {"uv": [8, 0, 10.25, 2.25], "texture": "#0"},
				"east": {"uv": [4.5, 4.5, 5.75, 6.75], "texture": "#0"},
				"south": {"uv": [2.25, 2.25, 4.25, 4.5], "texture": "#0"},
				"west": {"uv": [5.75, 4.5, 7, 6.75], "texture": "#0"},
				"up": {"uv": [8, 1.25, 6, 0], "texture": "#0"},
				"down": {"uv": [8, 1.25, 6, 2.5], "texture": "#0"}
			}
		},
		{
			"from": [6, 3, 5.8],
			"to": [7, 4, 5.8],
			"rotation": {"angle": 22.5, "axis": "x", "origin": [8, 5, 7.5]},
			"faces": {
				"north": {"uv": [8, 0, 10.25, 2.25], "texture": "#0"},
				"east": {"uv": [4.5, 4.5, 5.75, 6.75], "texture": "#0"},
				"south": {"uv": [2.25, 2.25, 4.25, 4.5], "texture": "#0"},
				"west": {"uv": [5.75, 4.5, 7, 6.75], "texture": "#0"},
				"up": {"uv": [8, 1.25, 6, 0], "texture": "#0"},
				"down": {"uv": [8, 1.25, 6, 2.5], "texture": "#0"}
			}
		},
		{
			"from": [6.2, 4.2, 5.8],
			"to": [7.2, 5.2, 5.8],
			"rotation": {"angle": 22.5, "axis": "x", "origin": [8, 5, 7.5]},
			"faces": {
				"north": {"uv": [8, 0, 10.25, 2.25], "texture": "#0"},
				"east": {"uv": [4.5, 4.5, 5.75, 6.75], "texture": "#0"},
				"south": {"uv": [2.25, 2.25, 4.25, 4.5], "texture": "#0"},
				"west": {"uv": [5.75, 4.5, 7, 6.75], "texture": "#0"},
				"up": {"uv": [8, 1.25, 6, 0], "texture": "#0"},
				"down": {"uv": [8, 1.25, 6, 2.5], "texture": "#0"}
			}
		},
		{
			"from": [3.5, 8, 5.75],
			"to": [12.5, 17, 5.75],
			"rotation": {"angle": 0, "axis": "y", "origin": [8, 12.5, 9.5]},
			"faces": {
				"north": {"uv": [0, 13.25, 2, 15.25], "texture": "#0"},
				"east": {"uv": [0, 11.25, 2, 13.25], "texture": "#0"},
				"south": {"uv": [6, 11.25, 8, 13.25], "texture": "#0"},
				"west": {"uv": [4, 11.25, 6, 13.25], "texture": "#0"},
				"up": {"uv": [4, 11.25, 2, 9.25], "texture": "#0"},
				"down": {"uv": [6, 9.25, 4, 11.25], "texture": "#0"}
			}
		},
		{
			"from": [3.5, 8, 5.65],
			"to": [12.5, 17, 5.65],
			"rotation": {"angle": 0, "axis": "y", "origin": [8, 12.5, 9.5]},
			"faces": {
				"north": {"uv": [5.75, 13.75, 7.75, 15.75], "texture": "#0"},
				"east": {"uv": [0, 11.25, 2, 13.25], "texture": "#0"},
				"south": {"uv": [6, 11.25, 8, 13.25], "texture": "#0"},
				"west": {"uv": [4, 11.25, 6, 13.25], "texture": "#0"},
				"up": {"uv": [4, 11.25, 2, 9.25], "texture": "#0"},
				"down": {"uv": [6, 9.25, 4, 11.25], "texture": "#0"}
			}
		},
		{
			"from": [2.9, 15.9, 12.1],
			"to": [4.65, 17.65, 13.85],
			"faces": {
				"north": {"uv": [3.25, 8.5, 3.6875, 8.9375], "texture": "#0"},
				"east": {"uv": [3.25, 8.5, 3.6875, 8.9375], "texture": "#0"},
				"south": {"uv": [3.25, 8.5, 3.6875, 8.9375], "texture": "#0"},
				"west": {"uv": [3.25, 8.5, 3.6875, 8.9375], "texture": "#0"},
				"up": {"uv": [3.25, 8.5, 3.6875, 8.9375], "texture": "#0"},
				"down": {"uv": [3.25, 8.5, 3.6875, 8.9375], "texture": "#0"}
			}
		}
	],
	"display": {
		"thirdperson_righthand": {
			"rotation": [70, 0, 0],
			"translation": [0, 1.5, 4.5],
			"scale": [0.7, 0.7, 0.7]
		},
		"thirdperson_lefthand": {
			"rotation": [70, 0, 0],
			"translation": [0, 1.5, 4.5],
			"scale": [0.7, 0.7, 0.7]
		},
		"firstperson_righthand": {
			"rotation": [0, 144, 0],
			"translation": [0, 2, 0]
		},
		"firstperson_lefthand": {
			"rotation": [0, 144, 0],
			"translation": [0, 2, 0]
		},
		"ground": {
			"scale": [0.75, 0.75, 0.75]
		},
		"gui": {
			"rotation": [0, 159, 0],
			"translation": [0, -0.5, 0],
			"scale": [0.8, 0.8, 0.8]
		},
		"head": {
			"translation": [0, 14.5, 0]
		},
		"fixed": {
			"rotation": [-90, 0, 0],
			"translation": [0, 0, -21],
			"scale": [2.5, 2.5, 2.5]
		}
	}
}