{
	"credit": "Made with Blockbench",
	"textures": {
		"0": "item/rabbit_hide/3",
		"particle": "item/rabbit_hide/3"
	},
	"elements": [
		{
			"from": [6, 0, 7],
			"to": [10, 1, 9],
			"faces": {
				"north": {"uv": [2, 10, 6, 11], "texture": "#0"},
				"east": {"uv": [10, 10, 12, 11], "texture": "#0"},
				"south": {"uv": [6, 10, 10, 11], "texture": "#0"},
				"west": {"uv": [2, 11, 4, 12], "texture": "#0"},
				"up": {"uv": [6, 10, 2, 8], "texture": "#0"},
				"down": {"uv": [12, 4, 8, 6], "texture": "#0"}
			}
		},
		{
			"from": [5, 1, 7],
			"to": [11, 5, 9],
			"faces": {
				"north": {"uv": [0, 0, 6, 4], "texture": "#0"},
				"east": {"uv": [6, 4, 8, 8], "texture": "#0"},
				"south": {"uv": [0, 4, 6, 8], "texture": "#0"},
				"west": {"uv": [0, 8, 2, 12], "texture": "#0"},
				"up": {"uv": [12, 2, 6, 0], "texture": "#0"},
				"down": {"uv": [12, 2, 6, 4], "texture": "#0"}
			}
		},
		{
			"from": [6, 5, 7],
			"to": [10, 6, 9],
			"faces": {
				"north": {"uv": [10, 8, 14, 9], "texture": "#0"},
				"east": {"uv": [4, 11, 6, 12], "texture": "#0"},
				"south": {"uv": [10, 9, 14, 10], "texture": "#0"},
				"west": {"uv": [6, 11, 8, 12], "texture": "#0"},
				"up": {"uv": [10, 10, 6, 8], "texture": "#0"},
				"down": {"uv": [12, 6, 8, 8], "texture": "#0"}
			}
		}
	],
	"display": {
		"thirdperson_righthand": {
			"rotation": [0, 180, 0],
			"translation": [-2.25, 3, 1.25],
			"scale": [0.5, 0.5, 0.25]
		},
		"thirdperson_lefthand": {
			"translation": [-2.25, 3, 1.25],
			"scale": [0.5, 0.5, 0.25]
		},
		"firstperson_righthand": {
			"rotation": [0, 126, 0],
			"translation": [2.5, 7.25, 0],
			"scale": [1.25, 1.25, 0.75]
		},
		"firstperson_lefthand": {
			"rotation": [0, -61, 0],
			"translation": [2.5, 7.25, 0],
			"scale": [1.25, 1.25, 0.75]
		},
		"ground": {
			"translation": [0, 7, 0],
			"scale": [1, 1, 0.75]
		},
		"gui": {
			"rotation": [0, 159, 0],
			"translation": [0.5, 9.25, 0],
			"scale": [2, 2, 2]
		},
		"head": {
			"translation": [0, 16, 0],
			"scale": [3, 3, 3]
		},
		"fixed": {
			"translation": [0, 6, -1],
			"scale": [1, 1, 0.75]
		}
	}
}