{
	"credit": "Made with Blockbench",
	"texture_size": [64, 64],
	"textures": {
		"0": "item/rabbit_hide/4bread",
		"1": "item/rabbit_hide/4pot",
		"2": "item/rabbit_hide/4tree",
		"particle": "item/rabbit_hide/4bread"
	},
	"elements": [
		{
			"name": "pot",
			"from": [0, 0, 0],
			"to": [16, 13, 16],
			"faces": {
				"north": {"uv": [5, 10.5, 11, 16], "texture": "#1"},
				"east": {"uv": [5, 11.5, 11, 16], "texture": "#1"},
				"south": {"uv": [5, 11.5, 11, 16], "texture": "#1"},
				"west": {"uv": [5, 10.5, 11, 16], "texture": "#1"},
				"up": {"uv": [5, 0, 11, 6], "texture": "#1"},
				"down": {"uv": [5, 11, 11, 16], "texture": "#1"}
			}
		},
		{
			"name": "pot",
			"from": [2.5, 13, 2.5],
			"to": [13.5, 16, 13.5],
			"faces": {
				"north": {"uv": [5, 10, 11, 11.5], "texture": "#1"},
				"east": {"uv": [5, 10, 11, 11.5], "texture": "#1"},
				"south": {"uv": [5, 10, 11, 11.5], "texture": "#1"},
				"west": {"uv": [5, 10, 11, 11.5], "texture": "#1"},
				"up": {"uv": [5, 5, 11, 11], "texture": "#1"},
				"down": {"uv": [0, 0, 5, 5], "texture": "#1"}
			}
		},
		{
			"name": "branch",
			"from": [4.5, 15, 4.5],
			"to": [11.5, 21, 5.5],
			"faces": {
				"north": {"uv": [3, 8.25, 4.75, 9.75], "texture": "#2"},
				"east": {"uv": [0, 10.75, 0.25, 12.25], "texture": "#2"},
				"south": {"uv": [4.75, 8.25, 6.5, 9.75], "texture": "#2"},
				"west": {"uv": [0.25, 10.75, 0.5, 12.25], "texture": "#2"},
				"up": {"uv": [3.75, 10.75, 2, 10.5], "texture": "#2"},
				"down": {"uv": [5.5, 10.5, 3.75, 10.75], "texture": "#2"}
			}
		},
		{
			"name": "branch",
			"from": [4.5, 21, 4.5],
			"to": [8.5, 24, 5.5],
			"faces": {
				"north": {"uv": [6.75, 3.25, 7.75, 4], "texture": "#2"},
				"east": {"uv": [5.25, 10.75, 5.5, 11.5], "texture": "#2"},
				"south": {"uv": [10, 8, 11, 8.75], "texture": "#2"},
				"west": {"uv": [6.5, 10.75, 6.75, 11.5], "texture": "#2"},
				"up": {"uv": [3.5, 11, 2.5, 10.75], "texture": "#2"},
				"down": {"uv": [11.75, 2.5, 10.75, 2.75], "texture": "#2"}
			}
		},
		{
			"name": "branch",
			"from": [5.5, 15, 5.5],
			"to": [11.5, 28, 11.5],
			"faces": {
				"north": {"uv": [4.75, 0, 6.25, 3.25], "texture": "#2"},
				"east": {"uv": [6.25, 0, 7.75, 3.25], "texture": "#2"},
				"south": {"uv": [0, 6.5, 1.5, 9.75], "texture": "#2"},
				"west": {"uv": [1.5, 6.5, 3, 9.75], "texture": "#2"},
				"up": {"uv": [10, 9.5, 8.5, 8], "texture": "#2"},
				"down": {"uv": [10.25, 0, 8.75, 1.5], "texture": "#2"}
			}
		},
		{
			"name": "branch",
			"from": [10.5, 24, 7.5],
			"to": [14.5, 26, 9.5],
			"rotation": {"angle": 22.5, "axis": "z", "origin": [12.5, 26, 6.5]},
			"faces": {
				"north": {"uv": [10.25, 0.75, 11.25, 1.25], "texture": "#2"},
				"east": {"uv": [10.75, 2.75, 11.25, 3.25], "texture": "#2"},
				"south": {"uv": [9.25, 10.25, 10.25, 10.75], "texture": "#2"},
				"west": {"uv": [10.75, 3.25, 11.25, 3.75], "texture": "#2"},
				"up": {"uv": [11.25, 10.25, 10.25, 9.75], "texture": "#2"},
				"down": {"uv": [11.25, 10.25, 10.25, 10.75], "texture": "#2"}
			}
		},
		{
			"name": "branch",
			"from": [14.25, 25, 7.75],
			"to": [17.5, 26.5, 9.25],
			"rotation": {"angle": 0, "axis": "z", "origin": [12.5, 26, 6.5]},
			"faces": {
				"north": {"uv": [10.5, 6.75, 11.25, 7.25], "texture": "#2"},
				"east": {"uv": [3.5, 10.75, 4, 11.25], "texture": "#2"},
				"south": {"uv": [10.5, 7.25, 11.25, 7.75], "texture": "#2"},
				"west": {"uv": [10.75, 3.75, 11.25, 4.25], "texture": "#2"},
				"up": {"uv": [1.25, 11.25, 0.5, 10.75], "texture": "#2"},
				"down": {"uv": [2, 10.75, 1.25, 11.25], "texture": "#2"}
			}
		},
		{
			"name": "branch",
			"from": [15.125, 23.125, 8.5],
			"to": [15.875, 25.875, 9.25],
			"rotation": {"angle": 22.5, "axis": "z", "origin": [15.875, 25.75, 8.5]},
			"faces": {
				"north": {"uv": [6.75, 10.75, 7, 11.5], "texture": "#2"},
				"east": {"uv": [7, 10.75, 7.25, 11.5], "texture": "#2"},
				"south": {"uv": [7.25, 10.75, 7.5, 11.5], "texture": "#2"},
				"west": {"uv": [7.5, 10.75, 7.75, 11.5], "texture": "#2"},
				"up": {"uv": [8, 4, 7.75, 3.75], "texture": "#2"},
				"down": {"uv": [9, 2.5, 8.75, 2.75], "texture": "#2"}
			}
		},
		{
			"name": "leaves",
			"from": [-2.5, 29, 3.5],
			"to": [13.5, 31, 11.5],
			"faces": {
				"north": {"uv": [8.75, 1.5, 12.75, 2], "texture": "#2"},
				"east": {"uv": [8.25, 9.75, 10.25, 10.25], "texture": "#2"},
				"south": {"uv": [8.75, 2, 12.75, 2.5], "texture": "#2"},
				"west": {"uv": [0, 10, 2, 10.5], "texture": "#2"},
				"up": {"uv": [4, 6.5, 0, 4.5], "texture": "#2"},
				"down": {"uv": [8, 4.5, 4, 6.5], "texture": "#2"}
			}
		},
		{
			"name": "leaves",
			"from": [18.5, 27.15, 7.5],
			"to": [20.5, 27.65, 10.5],
			"faces": {
				"north": {"uv": [8, 6.25, 8.5, 6.5], "texture": "#2"},
				"east": {"uv": [10.75, 5, 11.5, 5.25], "texture": "#2"},
				"south": {"uv": [7.75, 10.75, 8.25, 11], "texture": "#2"},
				"west": {"uv": [10.75, 5.25, 11.5, 5.5], "texture": "#2"},
				"up": {"uv": [8.5, 6.25, 8, 5.5], "texture": "#2"},
				"down": {"uv": [2.5, 10.75, 2, 11.5], "texture": "#2"}
			}
		},
		{
			"name": "leaves",
			"from": [16.5, 25.75, 6.5],
			"to": [24.5, 26, 11.5],
			"faces": {
				"north": {"uv": [10.25, 1.25, 12.25, 1.5], "texture": "#2"},
				"east": {"uv": [4.75, 9.75, 6, 10], "texture": "#2"},
				"south": {"uv": [0, 10.5, 2, 10.75], "texture": "#2"},
				"west": {"uv": [10.5, 7.75, 11.75, 8], "texture": "#2"},
				"up": {"uv": [6.75, 4.5, 4.75, 3.25], "texture": "#2"},
				"down": {"uv": [8.5, 8.25, 6.5, 9.5], "texture": "#2"}
			}
		},
		{
			"name": "leaves",
			"from": [16.5, 24.8, 4.5],
			"to": [23.5, 26.05, 8.5],
			"rotation": {"angle": 45, "axis": "y", "origin": [20, 25.6375, 8.75]},
			"faces": {
				"north": {"uv": [10.5, 5.5, 12.25, 5.75], "texture": "#2"},
				"east": {"uv": [4, 10.75, 5, 11], "texture": "#2"},
				"south": {"uv": [10.5, 5.75, 12.25, 6], "texture": "#2"},
				"west": {"uv": [10.75, 4.25, 11.75, 4.5], "texture": "#2"},
				"up": {"uv": [10.75, 3.5, 9, 2.5], "texture": "#2"},
				"down": {"uv": [10.75, 3.5, 9, 4.5], "texture": "#2"}
			}
		},
		{
			"name": "leaves",
			"from": [17, 23, 4.5],
			"to": [24.5, 25, 9.5],
			"rotation": {"angle": 45, "axis": "y", "origin": [20, 25.6375, 8.75]},
			"faces": {
				"north": {"uv": [2, 10, 4, 10.5], "texture": "#2"},
				"east": {"uv": [6.75, 4, 8, 4.5], "texture": "#2"},
				"south": {"uv": [4, 10, 6, 10.5], "texture": "#2"},
				"west": {"uv": [10.25, 0, 11.5, 0.5], "texture": "#2"},
				"up": {"uv": [10.5, 6.75, 8.5, 5.5], "texture": "#2"},
				"down": {"uv": [10.5, 6.75, 8.5, 8], "texture": "#2"}
			}
		},
		{
			"name": "leaves",
			"from": [16.5, 26.05, 6.5],
			"to": [23.5, 27.05, 10.5],
			"faces": {
				"north": {"uv": [10.5, 6, 12.25, 6.25], "texture": "#2"},
				"east": {"uv": [10.75, 4.5, 11.75, 4.75], "texture": "#2"},
				"south": {"uv": [10.5, 6.25, 12.25, 6.5], "texture": "#2"},
				"west": {"uv": [10.75, 4.75, 11.75, 5], "texture": "#2"},
				"up": {"uv": [10.75, 5.5, 9, 4.5], "texture": "#2"},
				"down": {"uv": [8.25, 9.5, 6.5, 10.5], "texture": "#2"}
			}
		},
		{
			"name": "leaves",
			"from": [-4.5, 28, 3.5],
			"to": [14.5, 29, 12.5],
			"faces": {
				"north": {"uv": [8.25, 9.5, 13, 9.75], "texture": "#2"},
				"east": {"uv": [10, 9.25, 12.25, 9.5], "texture": "#2"},
				"south": {"uv": [0, 9.75, 4.75, 10], "texture": "#2"},
				"west": {"uv": [10.25, 0.5, 12.5, 0.75], "texture": "#2"},
				"up": {"uv": [4.75, 2.25, 0, 0], "texture": "#2"},
				"down": {"uv": [4.75, 2.25, 0, 4.5], "texture": "#2"}
			}
		},
		{
			"name": "leaves",
			"from": [-0.5, 31, 4.5],
			"to": [10.5, 32, 11.5],
			"faces": {
				"north": {"uv": [10, 8.75, 12.75, 9], "texture": "#2"},
				"east": {"uv": [6.5, 10.5, 8.25, 10.75], "texture": "#2"},
				"south": {"uv": [10, 9, 12.75, 9.25], "texture": "#2"},
				"west": {"uv": [10.5, 6.5, 12.25, 6.75], "texture": "#2"},
				"up": {"uv": [5.75, 8.25, 3, 6.5], "texture": "#2"},
				"down": {"uv": [8.5, 6.5, 5.75, 8.25], "texture": "#2"}
			}
		},
		{
			"name": "branch",
			"from": [4.5, 15, 5.5],
			"to": [5.5, 26, 9.5],
			"faces": {
				"north": {"uv": [8.75, 10.25, 9, 13], "texture": "#2"},
				"east": {"uv": [7.75, 0, 8.75, 2.75], "texture": "#2"},
				"south": {"uv": [9, 10.25, 9.25, 13], "texture": "#2"},
				"west": {"uv": [8, 2.75, 9, 5.5], "texture": "#2"},
				"up": {"uv": [8, 3.75, 7.75, 2.75], "texture": "#2"},
				"down": {"uv": [5.25, 10.75, 5, 11.75], "texture": "#2"}
			}
		},
		{
			"name": "branch",
			"from": [4.5, 15, 9.5],
			"to": [5.5, 22, 11.5],
			"faces": {
				"north": {"uv": [5.5, 10.5, 5.75, 12.25], "texture": "#2"},
				"east": {"uv": [6, 9.75, 6.5, 11.5], "texture": "#2"},
				"south": {"uv": [5.75, 10.5, 6, 12.25], "texture": "#2"},
				"west": {"uv": [8.25, 10.25, 8.75, 12], "texture": "#2"},
				"up": {"uv": [9.5, 11.25, 9.25, 10.75], "texture": "#2"},
				"down": {"uv": [9.75, 10.75, 9.5, 11.25], "texture": "#2"}
			}
		},
		{
			"name": "growing bread",
			"from": [-6, 23, 8],
			"to": [-1, 28, 8],
			"rotation": {"angle": -45, "axis": "z", "origin": [-3.5, 25.5, 8]},
			"faces": {
				"north": {"uv": [0, 0, 16, 16], "texture": "#0"},
				"east": {"uv": [0, 0, 0.5, 0.5], "texture": "#0"},
				"south": {"uv": [0, 0, 16, 16], "rotation": 90, "texture": "#0"},
				"west": {"uv": [0, 0, 0.5, 0.5], "texture": "#0"},
				"up": {"uv": [0, 0, 0.5, 0.5], "texture": "#0"},
				"down": {"uv": [0, 0, 0.5, 0.5], "texture": "#0"}
			}
		},
		{
			"name": "growing bread",
			"from": [-2, 28, 4],
			"to": [2, 32, 4],
			"rotation": {"angle": -45, "axis": "z", "origin": [-3.5, 25.5, 8]},
			"faces": {
				"north": {"uv": [0, 0, 16, 16], "texture": "#0"},
				"east": {"uv": [0, 0, 0.5, 0.5], "texture": "#0"},
				"south": {"uv": [0, 0, 16, 16], "rotation": 90, "texture": "#0"},
				"west": {"uv": [0, 0, 0.5, 0.5], "texture": "#0"},
				"up": {"uv": [0, 0, 0.5, 0.5], "texture": "#0"},
				"down": {"uv": [0, 0, 0.5, 0.5], "texture": "#0"}
			}
		},
		{
			"name": "growing bread",
			"from": [0.15685, 24.20711, 12],
			"to": [4.15685, 28.20711, 12],
			"rotation": {"angle": -45, "axis": "z", "origin": [2.15685, 26.20711, 13]},
			"faces": {
				"north": {"uv": [0, 0, 16, 16], "rotation": 180, "texture": "#0"},
				"east": {"uv": [0, 0, 0.5, 0.5], "rotation": 180, "texture": "#0"},
				"south": {"uv": [0, 0, 16, 16], "rotation": 270, "texture": "#0"},
				"west": {"uv": [0, 0, 0.5, 0.5], "rotation": 180, "texture": "#0"},
				"up": {"uv": [0, 0, 0.5, 0.5], "rotation": 180, "texture": "#0"},
				"down": {"uv": [0, 0, 0.5, 0.5], "rotation": 180, "texture": "#0"}
			}
		},
		{
			"name": "growing bread",
			"from": [0.15685, 24.20711, 9],
			"to": [4.15685, 28.20711, 9],
			"rotation": {"angle": -45, "axis": "z", "origin": [2.15685, 26.20711, 13]},
			"faces": {
				"north": {"uv": [0, 0, 16, 16], "rotation": 180, "texture": "#0"},
				"east": {"uv": [0, 0, 0.5, 0.5], "rotation": 180, "texture": "#0"},
				"south": {"uv": [0, 0, 16, 16], "rotation": 270, "texture": "#0"},
				"west": {"uv": [0, 0, 0.5, 0.5], "rotation": 180, "texture": "#0"},
				"up": {"uv": [0, 0, 0.5, 0.5], "rotation": 180, "texture": "#0"},
				"down": {"uv": [0, 0, 0.5, 0.5], "rotation": 180, "texture": "#0"}
			}
		},
		{
			"name": "growing bread",
			"from": [20.64214, 12.72183, 4],
			"to": [22.64214, 14.72183, 4],
			"rotation": {"angle": 45, "axis": "z", "origin": [10.64214, 17.72183, 6.5]},
			"faces": {
				"north": {"uv": [0, 0, 16, 16], "rotation": 90, "texture": "#0"},
				"east": {"uv": [0, 0, 0.5, 0.5], "rotation": 270, "texture": "#0"},
				"south": {"uv": [0, 0, 16, 16], "texture": "#0"},
				"west": {"uv": [0, 0, 0.5, 0.5], "rotation": 270, "texture": "#0"},
				"up": {"uv": [0, 0, 0.5, 0.5], "rotation": 270, "texture": "#0"},
				"down": {"uv": [0, 0, 0.5, 0.5], "rotation": 270, "texture": "#0"}
			}
		},
		{
			"name": "growing bread",
			"from": [17.64214, 14.72183, 7],
			"to": [19.64214, 16.72183, 7],
			"rotation": {"angle": 45, "axis": "z", "origin": [10.64214, 17.72183, 6.5]},
			"faces": {
				"north": {"uv": [0, 0, 16, 16], "rotation": 90, "texture": "#0"},
				"east": {"uv": [0, 0, 0.5, 0.5], "rotation": 270, "texture": "#0"},
				"south": {"uv": [0, 0, 16, 16], "texture": "#0"},
				"west": {"uv": [0, 0, 0.5, 0.5], "rotation": 270, "texture": "#0"},
				"up": {"uv": [0, 0, 0.5, 0.5], "rotation": 270, "texture": "#0"},
				"down": {"uv": [0, 0, 0.5, 0.5], "rotation": 270, "texture": "#0"}
			}
		},
		{
			"name": "growing bread",
			"from": [18.64214, 11.72183, 8],
			"to": [21.64214, 14.72183, 8],
			"rotation": {"angle": 45, "axis": "z", "origin": [10.64214, 17.72183, 6.5]},
			"faces": {
				"north": {"uv": [0, 0, 16, 16], "rotation": 90, "texture": "#0"},
				"east": {"uv": [0, 0, 0.5, 0.5], "rotation": 270, "texture": "#0"},
				"south": {"uv": [0, 0, 16, 16], "texture": "#0"},
				"west": {"uv": [0, 0, 0.5, 0.5], "rotation": 270, "texture": "#0"},
				"up": {"uv": [0, 0, 0.5, 0.5], "rotation": 270, "texture": "#0"},
				"down": {"uv": [0, 0, 0.5, 0.5], "rotation": 270, "texture": "#0"}
			}
		},
		{
			"name": "growing bread",
			"from": [22.64214, 12.72183, 10],
			"to": [25.64214, 15.72183, 10],
			"rotation": {"angle": 45, "axis": "z", "origin": [10.64214, 17.72183, 6.5]},
			"faces": {
				"north": {"uv": [0, 0, 16, 16], "rotation": 270, "texture": "#0"},
				"east": {"uv": [0, 0, 0.5, 0.5], "rotation": 90, "texture": "#0"},
				"south": {"uv": [0, 0, 16, 16], "rotation": 180, "texture": "#0"},
				"west": {"uv": [0, 0, 0.5, 0.5], "rotation": 90, "texture": "#0"},
				"up": {"uv": [0, 0, 0.5, 0.5], "rotation": 90, "texture": "#0"},
				"down": {"uv": [0, 0, 0.5, 0.5], "rotation": 90, "texture": "#0"}
			}
		}
	],
	"display": {
		"thirdperson_righthand": {
			"translation": [0, 0.25, 1.75],
			"scale": [0.2, 0.2, 0.2]
		},
		"thirdperson_lefthand": {
			"translation": [0, 0.25, 1.75],
			"scale": [0.2, 0.2, 0.2]
		},
		"firstperson_righthand": {
			"rotation": [-10, 141, 0],
			"translation": [0, 0.75, 2.5],
			"scale": [0.4, 0.4, 0.4]
		},
		"firstperson_lefthand": {
			"rotation": [-10, 141, 0],
			"translation": [0, 0.75, 2.5],
			"scale": [0.4, 0.4, 0.4]
		},
		"ground": {
			"translation": [0, 0.5, 0],
			"scale": [0.25, 0.25, 0.25]
		},
		"gui": {
			"rotation": [0, -25, 0],
			"translation": [0, -3.75, 0],
			"scale": [0.5, 0.5, 0.5]
		},
		"head": {
			"translation": [0, 2.5, 0],
			"scale": [0.75, 0.75, 0.75]
		},
		"fixed": {
			"rotation": [-90, 0, 0],
			"translation": [0, 0, -16],
			"scale": [2, 2, 2]
		}
	}
}