{
	"credit": "Made with Blockbench",
	"texture_size": [64, 64],
	"textures": {
		"0": "item/rabbit_hide/drumset",
		"particle": "item/rabbit_hide/drumset"
	},
	"elements": [
		{
			"from": [4, 8.25, -2],
			"to": [7, 10.25, 1],
			"rotation": {"angle": 22.5, "axis": "y", "origin": [5.5, 10.5, -0.5]},
			"faces": {
				"north": {"uv": [0, 6.5, 0.75, 7], "texture": "#0"},
				"east": {"uv": [6.5, 0, 7.25, 0.5], "texture": "#0"},
				"south": {"uv": [6.5, 0.5, 7.25, 1], "texture": "#0"},
				"west": {"uv": [6.5, 1, 7.25, 1.5], "texture": "#0"},
				"up": {"uv": [7, 4.5, 6.25, 3.75], "texture": "#0"},
				"down": {"uv": [7, 4.5, 6.25, 5.25], "texture": "#0"}
			}
		},
		{
			"from": [9.0782, 8.25, -2.60685],
			"to": [12.0782, 10.25, 0.39315],
			"rotation": {"angle": -22.5, "axis": "y", "origin": [9.5782, 9.25, -1.10685]},
			"faces": {
				"north": {"uv": [6.5, 1.5, 7.25, 2], "texture": "#0"},
				"east": {"uv": [6.5, 2, 7.25, 2.5], "texture": "#0"},
				"south": {"uv": [2.5, 6.75, 3.25, 7.25], "texture": "#0"},
				"west": {"uv": [3.25, 6.75, 4, 7.25], "texture": "#0"},
				"up": {"uv": [7, 6, 6.25, 5.25], "texture": "#0"},
				"down": {"uv": [7, 6, 6.25, 6.75], "texture": "#0"}
			}
		},
		{
			"from": [4, 0, -3],
			"to": [12, 8, 2],
			"rotation": {"angle": 0, "axis": "y", "origin": [8, 5, 0]},
			"faces": {
				"north": {"uv": [0, 0, 2, 2], "texture": "#0"},
				"east": {"uv": [2, 0, 3.25, 2], "texture": "#0"},
				"south": {"uv": [0, 2, 2, 4], "texture": "#0"},
				"west": {"uv": [2, 2, 3.25, 4], "texture": "#0"},
				"up": {"uv": [5.25, 1.25, 3.25, 0], "texture": "#0"},
				"down": {"uv": [5.25, 1.25, 3.25, 2.5], "texture": "#0"}
			}
		},
		{
			"from": [-0.5, 2, -0.5],
			"to": [3.5, 7, 3.5],
			"rotation": {"angle": 0, "axis": "y", "origin": [8, 5, 0]},
			"faces": {
				"north": {"uv": [2.5, 5, 3.5, 6.25], "texture": "#0"},
				"east": {"uv": [3.5, 5, 4.5, 6.25], "texture": "#0"},
				"south": {"uv": [4.5, 5, 5.5, 6.25], "texture": "#0"},
				"west": {"uv": [0, 5.25, 1, 6.5], "texture": "#0"},
				"up": {"uv": [6.25, 1, 5.25, 0], "texture": "#0"},
				"down": {"uv": [2, 5.25, 1, 6.25], "texture": "#0"}
			}
		},
		{
			"from": [12.25, 5, -0.75],
			"to": [16.75, 7, 3.75],
			"rotation": {"angle": 0, "axis": "y", "origin": [8, 5, 0]},
			"faces": {
				"north": {"uv": [2.5, 6.25, 3.75, 6.75], "texture": "#0"},
				"east": {"uv": [6.25, 2.75, 7.5, 3.25], "texture": "#0"},
				"south": {"uv": [6.25, 3.25, 7.5, 3.75], "texture": "#0"},
				"west": {"uv": [3.75, 6.25, 5, 6.75], "texture": "#0"},
				"up": {"uv": [4.5, 3.75, 3.25, 2.5], "texture": "#0"},
				"down": {"uv": [4.5, 3.75, 3.25, 5], "texture": "#0"}
			}
		},
		{
			"from": [14.25, 0, 1.25],
			"to": [14.75, 5, 1.75],
			"rotation": {"angle": 0, "axis": "y", "origin": [8, 5, 0]},
			"faces": {
				"north": {"uv": [5.25, 1, 5.5, 2.25], "texture": "#0"},
				"east": {"uv": [5.5, 1, 5.75, 2.25], "texture": "#0"},
				"south": {"uv": [1.75, 6.25, 2, 7.5], "texture": "#0"},
				"west": {"uv": [5, 6.25, 5.25, 7.5], "texture": "#0"},
				"up": {"uv": [5.5, 2.5, 5.25, 2.25], "texture": "#0"},
				"down": {"uv": [5.75, 2.25, 5.5, 2.5], "texture": "#0"}
			}
		},
		{
			"from": [1.25, 7.5, 4.25],
			"to": [3.75, 7.75, 6.75],
			"rotation": {"angle": -22.5, "axis": "y", "origin": [2.5, 7.625, 5.5]},
			"faces": {
				"north": {"uv": [2.5, 4.75, 3.25, 5], "texture": "#0"},
				"east": {"uv": [4, 6.75, 4.75, 7], "texture": "#0"},
				"south": {"uv": [4, 7, 4.75, 7.25], "texture": "#0"},
				"west": {"uv": [7, 5, 7.75, 5.25], "texture": "#0"},
				"up": {"uv": [3.25, 4.75, 2.5, 4], "texture": "#0"},
				"down": {"uv": [1.75, 6.25, 1, 7], "texture": "#0"}
			}
		},
		{
			"from": [-0.25, 7.25, 5.25],
			"to": [2.75, 7.5, 5.75],
			"rotation": {"angle": 0, "axis": "y", "origin": [8, 5, 0]},
			"faces": {
				"north": {"uv": [7, 5.25, 7.75, 5.5], "texture": "#0"},
				"east": {"uv": [7.25, 0.75, 7.5, 1], "texture": "#0"},
				"south": {"uv": [7, 5.5, 7.75, 5.75], "texture": "#0"},
				"west": {"uv": [1, 7.25, 1.25, 7.5], "texture": "#0"},
				"up": {"uv": [6.5, 7.25, 5.75, 7], "texture": "#0"},
				"down": {"uv": [7.75, 5.75, 7, 6], "texture": "#0"}
			}
		},
		{
			"from": [-0.75, 0, 5.25],
			"to": [-0.25, 11, 5.75],
			"rotation": {"angle": 0, "axis": "y", "origin": [8, 5, 0]},
			"faces": {
				"north": {"uv": [5.75, 3.75, 6, 6.5], "texture": "#0"},
				"east": {"uv": [6, 1, 6.25, 3.75], "texture": "#0"},
				"south": {"uv": [6, 3.75, 6.25, 6.5], "texture": "#0"},
				"west": {"uv": [6.25, 0, 6.5, 2.75], "texture": "#0"},
				"up": {"uv": [7.5, 0.75, 7.25, 0.5], "texture": "#0"},
				"down": {"uv": [1, 7.25, 0.75, 7.5], "texture": "#0"}
			}
		},
		{
			"from": [17.25, 0, 5.25],
			"to": [17.75, 11, 5.75],
			"rotation": {"angle": 0, "axis": "y", "origin": [8, 5, 0]},
			"faces": {
				"north": {"uv": [2, 5.25, 2.25, 8], "texture": "#0"},
				"east": {"uv": [2.25, 5.25, 2.5, 8], "texture": "#0"},
				"south": {"uv": [5.5, 5, 5.75, 7.75], "texture": "#0"},
				"west": {"uv": [5.75, 1, 6, 3.75], "texture": "#0"},
				"up": {"uv": [7.5, 0.5, 7.25, 0.25], "texture": "#0"},
				"down": {"uv": [0.75, 7.25, 0.5, 7.5], "texture": "#0"}
			}
		},
		{
			"from": [15.25, 10, 3.25],
			"to": [19.75, 10.25, 7.75],
			"rotation": {"angle": 22.5, "axis": "z", "origin": [17.5, 10.125, 5.5]},
			"faces": {
				"north": {"uv": [6.5, 2.5, 7.75, 2.75], "texture": "#0"},
				"east": {"uv": [5.75, 6.75, 7, 7], "texture": "#0"},
				"south": {"uv": [0, 7, 1.25, 7.25], "texture": "#0"},
				"west": {"uv": [7, 3.75, 8.25, 4], "texture": "#0"},
				"up": {"uv": [1.25, 5.25, 0, 4], "texture": "#0"},
				"down": {"uv": [2.5, 4, 1.25, 5.25], "texture": "#0"}
			}
		},
		{
			"from": [-2.75, 10, 3.25],
			"to": [1.75, 10.25, 7.75],
			"rotation": {"angle": -22.5, "axis": "z", "origin": [-0.5, 10.125, 5.5]},
			"faces": {
				"north": {"uv": [7, 4, 8.25, 4.25], "texture": "#0"},
				"east": {"uv": [7, 4.25, 8.25, 4.5], "texture": "#0"},
				"south": {"uv": [7, 4.5, 8.25, 4.75], "texture": "#0"},
				"west": {"uv": [7, 4.75, 8.25, 5], "texture": "#0"},
				"up": {"uv": [5.75, 3.75, 4.5, 2.5], "texture": "#0"},
				"down": {"uv": [5.75, 3.75, 4.5, 5], "texture": "#0"}
			}
		},
		{
			"from": [10.25, 7.75, -0.75],
			"to": [10.75, 8.25, -0.25],
			"rotation": {"angle": 0, "axis": "y", "origin": [8, 5, 0]},
			"faces": {
				"north": {"uv": [1.25, 7, 1.5, 7.25], "texture": "#0"},
				"east": {"uv": [1.5, 7, 1.75, 7.25], "texture": "#0"},
				"south": {"uv": [7, 6, 7.25, 6.25], "texture": "#0"},
				"west": {"uv": [7, 6.25, 7.25, 6.5], "texture": "#0"},
				"up": {"uv": [6.75, 7.25, 6.5, 7], "texture": "#0"},
				"down": {"uv": [7.25, 6.5, 7, 6.75], "texture": "#0"}
			}
		},
		{
			"from": [5.25, 7.75, -0.75],
			"to": [5.75, 8.25, -0.25],
			"rotation": {"angle": 0, "axis": "y", "origin": [8, 5, 0]},
			"faces": {
				"north": {"uv": [6.75, 7, 7, 7.25], "texture": "#0"},
				"east": {"uv": [7, 6.75, 7.25, 7], "texture": "#0"},
				"south": {"uv": [7, 7, 7.25, 7.25], "texture": "#0"},
				"west": {"uv": [0, 7.25, 0.25, 7.5], "texture": "#0"},
				"up": {"uv": [7.5, 0.25, 7.25, 0], "texture": "#0"},
				"down": {"uv": [0.5, 7.25, 0.25, 7.5], "texture": "#0"}
			}
		},
		{
			"from": [1.25, 0, 1.25],
			"to": [1.75, 2, 1.75],
			"rotation": {"angle": 0, "axis": "y", "origin": [8, 5, 0]},
			"faces": {
				"north": {"uv": [5.25, 6.25, 5.5, 6.75], "texture": "#0"},
				"east": {"uv": [0.75, 6.5, 1, 7], "texture": "#0"},
				"south": {"uv": [4.75, 6.75, 5, 7.25], "texture": "#0"},
				"west": {"uv": [5.25, 6.75, 5.5, 7.25], "texture": "#0"},
				"up": {"uv": [6, 6.75, 5.75, 6.5], "texture": "#0"},
				"down": {"uv": [6.25, 6.5, 6, 6.75], "texture": "#0"}
			}
		},
		{
			"from": [5.5, 0, 2],
			"to": [7, 0.25, 4],
			"faces": {
				"north": {"uv": [4.25, 7.25, 4.75, 7.5], "texture": "#0"},
				"east": {"uv": [5.75, 7.25, 6.25, 7.5], "texture": "#0"},
				"south": {"uv": [7.25, 6, 7.75, 6.25], "texture": "#0"},
				"west": {"uv": [6.25, 7.25, 6.75, 7.5], "texture": "#0"},
				"up": {"uv": [7.75, 1.5, 7.25, 1], "texture": "#0"},
				"down": {"uv": [1.75, 7.25, 1.25, 7.75], "texture": "#0"}
			}
		},
		{
			"from": [5.75, 0.25, 2],
			"to": [6.75, 0.5, 4],
			"faces": {
				"north": {"uv": [7.25, 6.25, 7.5, 6.5], "texture": "#0"},
				"east": {"uv": [2.75, 7.25, 3.25, 7.5], "texture": "#0"},
				"south": {"uv": [7.25, 6.5, 7.5, 6.75], "texture": "#0"},
				"west": {"uv": [3.25, 7.25, 3.75, 7.5], "texture": "#0"},
				"up": {"uv": [4, 7.75, 3.75, 7.25], "texture": "#0"},
				"down": {"uv": [4.25, 7.25, 4, 7.75], "texture": "#0"}
			}
		},
		{
			"from": [5.75, 0.5, 2],
			"to": [6.75, 0.75, 3.5],
			"faces": {
				"north": {"uv": [4.75, 7.25, 5, 7.5], "texture": "#0"},
				"east": {"uv": [7.25, 1.5, 7.75, 1.75], "texture": "#0"},
				"south": {"uv": [5.25, 7.25, 5.5, 7.5], "texture": "#0"},
				"west": {"uv": [7.25, 1.75, 7.75, 2], "texture": "#0"},
				"up": {"uv": [7.5, 2.5, 7.25, 2], "texture": "#0"},
				"down": {"uv": [2.75, 7.25, 2.5, 7.75], "texture": "#0"}
			}
		}
	],
	"display": {
		"thirdperson_righthand": {
			"rotation": [70, 0, 0],
			"translation": [0, -8, 5.5],
			"scale": [2, 2, 2]
		},
		"thirdperson_lefthand": {
			"rotation": [70, 0, 0],
			"translation": [0, -8, 5.5],
			"scale": [2, 2, 2]
		},
		"ground": {
			"translation": [0, 3, 5]
		},
		"gui": {
			"rotation": [0, 144, 0],
			"translation": [2.25, 1.5, 0],
			"scale": [0.8, 0.8, 0.8]
		},
		"head": {
			"translation": [0, 7.75, 15],
			"scale": [2, 2, 2]
		},
		"fixed": {
			"rotation": [-90, 0, 0],
			"translation": [0, 13.25, -32],
			"scale": [4, 4, 4]
		}
	}
}