{
	"credit": "Made with Blockbench",
	"texture_size": [64, 64],
	"textures": {
		"0": "item/rabbit_hide/guitar",
		"particle": "item/rabbit_hide/guitar"
	},
	"elements": [
		{
			"from": [23.75, 0.75, 8],
			"to": [31.75, 2.75, 10],
			"rotation": {"angle": 0, "axis": "z", "origin": [7, 15.75, 1]},
			"faces": {
				"north": {"uv": [4.5, 3.75, 6.5, 4.25], "texture": "#0"},
				"east": {"uv": [4.75, 7.5, 5.25, 8], "texture": "#0"},
				"south": {"uv": [4.5, 4.25, 6.5, 4.75], "texture": "#0"},
				"west": {"uv": [7.5, 7.25, 8, 7.75], "texture": "#0"},
				"up": {"uv": [6.5, 5.25, 4.5, 4.75], "texture": "#0"},
				"down": {"uv": [7, 2.5, 5, 3], "texture": "#0"}
			}
		},
		{
			"from": [23.75, 12.75, 8],
			"to": [31.75, 14.75, 10],
			"rotation": {"angle": 0, "axis": "z", "origin": [7, 15.75, 1]},
			"faces": {
				"north": {"uv": [5, 3, 7, 3.5], "texture": "#0"},
				"east": {"uv": [0, 7.75, 0.5, 8.25], "texture": "#0"},
				"south": {"uv": [1, 5.25, 3, 5.75], "texture": "#0"},
				"west": {"uv": [5.25, 7.75, 5.75, 8.25], "texture": "#0"},
				"up": {"uv": [6.5, 5.75, 4.5, 5.25], "texture": "#0"},
				"down": {"uv": [3, 5.75, 1, 6.25], "texture": "#0"}
			}
		},
		{
			"from": [18.75, 1.75, 8],
			"to": [23.75, 13.75, 10],
			"rotation": {"angle": 0, "axis": "z", "origin": [7, 15.75, 1]},
			"faces": {
				"north": {"uv": [0, 0, 1.25, 3], "texture": "#0"},
				"east": {"uv": [0, 3, 0.5, 6], "texture": "#0"},
				"south": {"uv": [1.25, 0, 2.5, 3], "texture": "#0"},
				"west": {"uv": [0.5, 3, 1, 6], "texture": "#0"},
				"up": {"uv": [5.75, 7, 4.5, 6.5], "texture": "#0"},
				"down": {"uv": [1.25, 6.75, 0, 7.25], "texture": "#0"}
			}
		},
		{
			"from": [12.75, 3.25, 8],
			"to": [18.75, 12.25, 10],
			"rotation": {"angle": 0, "axis": "z", "origin": [7, 15.75, 1]},
			"faces": {
				"north": {"uv": [2.5, 0, 4, 2.25], "texture": "#0"},
				"east": {"uv": [2, 3, 2.5, 5.25], "texture": "#0"},
				"south": {"uv": [2.5, 2.25, 4, 4.5], "texture": "#0"},
				"west": {"uv": [4, 3.75, 4.5, 6], "texture": "#0"},
				"up": {"uv": [8, 5, 6.5, 4.5], "texture": "#0"},
				"down": {"uv": [8, 5, 6.5, 5.5], "texture": "#0"}
			}
		},
		{
			"from": [8.75, 5.25, 8],
			"to": [12.75, 10.25, 10],
			"rotation": {"angle": 0, "axis": "z", "origin": [7, 15.75, 1]},
			"faces": {
				"north": {"uv": [1, 3, 2, 4.25], "texture": "#0"},
				"east": {"uv": [1.25, 6.75, 1.75, 8], "texture": "#0"},
				"south": {"uv": [4, 2.5, 5, 3.75], "texture": "#0"},
				"west": {"uv": [1.75, 6.75, 2.25, 8], "texture": "#0"},
				"up": {"uv": [2, 4.75, 1, 4.25], "texture": "#0"},
				"down": {"uv": [2, 4.75, 1, 5.25], "texture": "#0"}
			}
		},
		{
			"from": [-9.25, 6.25, 8],
			"to": [8.75, 9.25, 10],
			"rotation": {"angle": 0, "axis": "z", "origin": [7, 15.75, 1]},
			"faces": {
				"north": {"uv": [4, 0, 8.5, 0.75], "texture": "#0"},
				"east": {"uv": [0.75, 7.25, 1.25, 8], "texture": "#0"},
				"south": {"uv": [4, 0.75, 8.5, 1.5], "texture": "#0"},
				"west": {"uv": [2.25, 7.5, 2.75, 8.25], "texture": "#0"},
				"up": {"uv": [8.5, 2, 4, 1.5], "texture": "#0"},
				"down": {"uv": [8.5, 2, 4, 2.5], "texture": "#0"}
			}
		},
		{
			"from": [-14.25, 6.25, 8],
			"to": [-9.25, 9.25, 10],
			"rotation": {"angle": 0, "axis": "y", "origin": [7, 15.75, 1]},
			"faces": {
				"north": {"uv": [2.5, 4.5, 3.75, 5.25], "texture": "#0"},
				"east": {"uv": [2.75, 7.5, 3.25, 8.25], "texture": "#0"},
				"south": {"uv": [4.5, 5.75, 5.75, 6.5], "texture": "#0"},
				"west": {"uv": [3.25, 7.5, 3.75, 8.25], "texture": "#0"},
				"up": {"uv": [7, 7.25, 5.75, 6.75], "texture": "#0"},
				"down": {"uv": [3.5, 7, 2.25, 7.5], "texture": "#0"}
			}
		},
		{
			"from": [-15.25, 6.75, 8],
			"to": [-14.25, 8.75, 10],
			"rotation": {"angle": 0, "axis": "y", "origin": [7, 15.75, 1]},
			"faces": {
				"north": {"uv": [3.75, 4.5, 4, 5], "texture": "#0"},
				"east": {"uv": [3.75, 7.5, 4.25, 8], "texture": "#0"},
				"south": {"uv": [2, 8, 2.25, 8.5], "texture": "#0"},
				"west": {"uv": [4.25, 7.5, 4.75, 8], "texture": "#0"},
				"up": {"uv": [4, 8.5, 3.75, 8], "texture": "#0"},
				"down": {"uv": [4.25, 8, 4, 8.5], "texture": "#0"}
			}
		},
		{
			"from": [-13.25, 5, 8],
			"to": [-9.25, 6.25, 10],
			"rotation": {"angle": 0, "axis": "y", "origin": [7, 15.75, 1]},
			"faces": {
				"north": {"uv": [5, 3.5, 6, 3.75], "texture": "#0"},
				"east": {"uv": [6, 3.5, 6.5, 3.75], "texture": "#0"},
				"south": {"uv": [3, 5.75, 4, 6], "texture": "#0"},
				"west": {"uv": [6.5, 5.5, 7, 5.75], "texture": "#0"},
				"up": {"uv": [4, 5.75, 3, 5.25], "texture": "#0"},
				"down": {"uv": [8, 2.5, 7, 3], "texture": "#0"}
			}
		},
		{
			"from": [-13.25, 9.25, 8],
			"to": [-9.25, 10.5, 10],
			"rotation": {"angle": 0, "axis": "y", "origin": [7, 15.75, 1]},
			"faces": {
				"north": {"uv": [0, 6, 1, 6.25], "texture": "#0"},
				"east": {"uv": [2.25, 6.75, 2.75, 7], "texture": "#0"},
				"south": {"uv": [7.75, 7, 8.75, 7.25], "texture": "#0"},
				"west": {"uv": [5.25, 7, 5.75, 7.25], "texture": "#0"},
				"up": {"uv": [8, 3.5, 7, 3], "texture": "#0"},
				"down": {"uv": [4.5, 7, 3.5, 7.5], "texture": "#0"}
			}
		},
		{
			"from": [-11.25, 10.5, 8],
			"to": [-9.25, 11.5, 10],
			"rotation": {"angle": 0, "axis": "y", "origin": [7, 15.75, 1]},
			"faces": {
				"north": {"uv": [7.25, 6.5, 7.75, 6.75], "texture": "#0"},
				"east": {"uv": [8, 4, 8.5, 4.25], "texture": "#0"},
				"south": {"uv": [4.25, 8, 4.75, 8.25], "texture": "#0"},
				"west": {"uv": [8, 4.25, 8.5, 4.5], "texture": "#0"},
				"up": {"uv": [2, 8.5, 1.5, 8], "texture": "#0"},
				"down": {"uv": [8.5, 2.5, 8, 3], "texture": "#0"}
			}
		},
		{
			"from": [-11.25, 4, 8],
			"to": [-9.25, 5, 10],
			"rotation": {"angle": 0, "axis": "y", "origin": [7, 15.75, 1]},
			"faces": {
				"north": {"uv": [8, 4.5, 8.5, 4.75], "texture": "#0"},
				"east": {"uv": [4.75, 8, 5.25, 8.25], "texture": "#0"},
				"south": {"uv": [8, 4.75, 8.5, 5], "texture": "#0"},
				"west": {"uv": [8, 5, 8.5, 5.25], "texture": "#0"},
				"up": {"uv": [8.5, 3.5, 8, 3], "texture": "#0"},
				"down": {"uv": [8.5, 3.5, 8, 4], "texture": "#0"}
			}
		},
		{
			"from": [23.75, 10.75, 8],
			"to": [29.75, 12.75, 10],
			"rotation": {"angle": 0, "axis": "z", "origin": [7, 15.75, 1]},
			"faces": {
				"north": {"uv": [5.75, 5.75, 7.25, 6.25], "texture": "#0"},
				"east": {"uv": [5.75, 7.75, 6.25, 8.25], "texture": "#0"},
				"south": {"uv": [3, 6, 4.5, 6.5], "texture": "#0"},
				"west": {"uv": [6.25, 7.75, 6.75, 8.25], "texture": "#0"},
				"up": {"uv": [1.5, 6.75, 0, 6.25], "texture": "#0"},
				"down": {"uv": [3, 6.25, 1.5, 6.75], "texture": "#0"}
			}
		},
		{
			"from": [23.75, 8.75, 8],
			"to": [26.75, 10.75, 10],
			"rotation": {"angle": 0, "axis": "z", "origin": [7, 15.75, 1]},
			"faces": {
				"north": {"uv": [4.5, 7, 5.25, 7.5], "texture": "#0"},
				"east": {"uv": [7.25, 7.75, 7.75, 8.25], "texture": "#0"},
				"south": {"uv": [7, 6.75, 7.75, 7.25], "texture": "#0"},
				"west": {"uv": [7.75, 7.75, 8.25, 8.25], "texture": "#0"},
				"up": {"uv": [0.75, 7.75, 0, 7.25], "texture": "#0"},
				"down": {"uv": [6, 7.25, 5.25, 7.75], "texture": "#0"}
			}
		},
		{
			"from": [23.75, 4.75, 8],
			"to": [26.75, 6.75, 10],
			"rotation": {"angle": 0, "axis": "z", "origin": [7, 15.75, 1]},
			"faces": {
				"north": {"uv": [7.25, 5.5, 8, 6], "texture": "#0"},
				"east": {"uv": [0.5, 8, 1, 8.5], "texture": "#0"},
				"south": {"uv": [6, 7.25, 6.75, 7.75], "texture": "#0"},
				"west": {"uv": [1, 8, 1.5, 8.5], "texture": "#0"},
				"up": {"uv": [8, 6.5, 7.25, 6], "texture": "#0"},
				"down": {"uv": [7.5, 7.25, 6.75, 7.75], "texture": "#0"}
			}
		},
		{
			"from": [23.75, 2.75, 8],
			"to": [29.75, 4.75, 10],
			"rotation": {"angle": 0, "axis": "z", "origin": [7, 15.75, 1]},
			"faces": {
				"north": {"uv": [5.75, 6.25, 7.25, 6.75], "texture": "#0"},
				"east": {"uv": [7.75, 6.5, 8.25, 7], "texture": "#0"},
				"south": {"uv": [3, 6.5, 4.5, 7], "texture": "#0"},
				"west": {"uv": [6.75, 7.75, 7.25, 8.25], "texture": "#0"},
				"up": {"uv": [8, 4, 6.5, 3.5], "texture": "#0"},
				"down": {"uv": [8, 4, 6.5, 4.5], "texture": "#0"}
			}
		}
	],
	"display": {
		"thirdperson_righthand": {
			"rotation": [84.93, -0.99, -6.74],
			"translation": [-4.25, -1, 1.5],
			"scale": [0.5, 0.5, 0.5]
		},
		"thirdperson_lefthand": {
			"rotation": [84.93, -0.99, -6.74],
			"translation": [-4.25, -1, 1.5],
			"scale": [0.5, 0.5, 0.5]
		},
		"firstperson_righthand": {
			"rotation": [167.3, 33.7, -82],
			"translation": [0, 3.75, 0.25],
			"scale": [0.5, 0.5, 0.5]
		},
		"firstperson_lefthand": {
			"rotation": [167.3, 33.7, 112.62],
			"translation": [0, 3.75, 0.25],
			"scale": [0.5, 0.5, 0.5]
		},
		"ground": {
			"scale": [0.5, 0.5, 0.5]
		},
		"gui": {
			"rotation": [-180, 0.75, 128.5],
			"translation": [0.25, 0.25, 0],
			"scale": [0.35, 0.35, 0.35]
		},
		"fixed": {
			"translation": [0, 0, -2]
		}
	}
}