{
	"credit": "Made with Blockbench",
	"textures": {
		"0": "item/haircolors",
		"1": "item/hair",
		"particle": "item/haircolors"
	},
	"elements": [
		{
			"from": [9.9, 8.15, 8.1],
			"to": [8.65, 6.65, 5.85],
			"rotation": {"angle": 0, "axis": "y", "origin": [8.7125, 7.9625, 6.975]},
			"faces": {
				"north": {"uv": [6.25, 0.25, 6.75, 0.75], "texture": "#1"},
				"east": {"uv": [7.25, 0.25, 7.75, 0.75], "texture": "#1"},
				"south": {"uv": [8.25, 0.25, 8.75, 0.75], "texture": "#1"},
				"west": {"uv": [9.25, 0.25, 9.75, 0.75], "texture": "#1"},
				"up": {"uv": [10.25, 0.25, 10.75, 0.75], "texture": "#1"},
				"down": {"uv": [11.25, 0.25, 11.75, 0.75], "texture": "#1"}
			}
		},
		{
			"from": [9.9, 8.9, 8.1],
			"to": [8.15, 8.15, 5.85],
			"rotation": {"angle": 0, "axis": "y", "origin": [8.7125, 7.9625, 6.975]},
			"faces": {
				"north": {"uv": [0.25, 0.25, 0.75, 0.75], "texture": "#1"},
				"east": {"uv": [1.25, 0.25, 1.75, 0.75], "texture": "#1"},
				"south": {"uv": [2.25, 0.25, 2.75, 0.75], "texture": "#1"},
				"west": {"uv": [3.25, 0.25, 3.75, 0.75], "texture": "#1"},
				"up": {"uv": [4.25, 0.25, 4.75, 0.75], "texture": "#1"},
				"down": {"uv": [5.25, 0.25, 5.75, 0.75], "texture": "#1"}
			}
		},
		{
			"from": [7.9, 6.9, 6.1],
			"to": [8.4, 8.15, 7.85],
			"rotation": {"angle": 0, "axis": "y", "origin": [8.7125, 7.9625, 6.975]},
			"faces": {
				"north": {"uv": [0, 0, 0, 2], "texture": "#0"},
				"east": {"uv": [0, 2, 0, 4], "texture": "#0"},
				"south": {"uv": [0.66667, 0, 2.66667, 7.33333], "texture": "#0"},
				"west": {"uv": [0.66667, 0, 2.66667, 7.33333], "texture": "#0"},
				"up": {"uv": [0, 6, 0, 4], "texture": "#0"},
				"down": {"uv": [2.66667, 0, 0.66667, 7.33333], "texture": "#0"}
			}
		},
		{
			"from": [8.4, 6.9, 6.1],
			"to": [9.65, 8.15, 7.85],
			"rotation": {"angle": 0, "axis": "y", "origin": [8.7125, 7.9625, 6.975]},
			"faces": {
				"north": {"uv": [0, 0, 0, 2], "texture": "#0"},
				"east": {"uv": [0, 2, 0, 4], "texture": "#0"},
				"south": {"uv": [0.66667, 0, 2.66667, 7.33333], "texture": "#0"},
				"west": {"uv": [0.66667, 0, 2.66667, 7.33333], "texture": "#0"},
				"up": {"uv": [0, 6, 0, 4], "texture": "#0"},
				"down": {"uv": [2.66667, 0, 0.66667, 7.33333], "texture": "#0"}
			}
		},
		{
			"from": [8.4, 8.15, 6.1],
			"to": [9.65, 8.65, 7.85],
			"rotation": {"angle": 0, "axis": "y", "origin": [8.7125, 7.9625, 6.975]},
			"faces": {
				"north": {"uv": [0, 0, 0, 2], "texture": "#0"},
				"east": {"uv": [0, 2, 0, 4], "texture": "#0"},
				"south": {"uv": [0.66667, 0, 2.66667, 7.33333], "texture": "#0"},
				"west": {"uv": [0.66667, 0, 2.66667, 7.33333], "texture": "#0"},
				"up": {"uv": [0, 6, 0, 4], "texture": "#0"},
				"down": {"uv": [2.66667, 0, 0.66667, 7.33333], "texture": "#0"}
			}
		},
		{
			"from": [8.65, 8.4, 8.1],
			"to": [7.65, 6.65, 5.85],
			"rotation": {"angle": 0, "axis": "y", "origin": [8.7125, 7.9625, 6.975]},
			"faces": {
				"north": {"uv": [12.25, 0.25, 12.75, 0.75], "texture": "#1"},
				"east": {"uv": [13.25, 0.25, 13.75, 0.75], "texture": "#1"},
				"south": {"uv": [14.25, 0.25, 14.75, 0.75], "texture": "#1"},
				"west": {"uv": [15.25, 0.25, 15.75, 0.75], "texture": "#1"},
				"up": {"uv": [0.25, 1.25, 0.75, 1.75], "texture": "#1"},
				"down": {"uv": [1.25, 1.25, 1.75, 1.75], "texture": "#1"}
			}
		}
	],
	"display": {
		"thirdperson_righthand": {
			"rotation": [0, 0, -16],
			"translation": [-1.75, 1.5, 2]
		},
		"thirdperson_lefthand": {
			"rotation": [0, 0, -16],
			"translation": [-1.75, 1.5, 2]
		},
		"firstperson_righthand": {
			"translation": [2.25, 2.75, 0],
			"scale": [2, 2, 2]
		},
		"firstperson_lefthand": {
			"rotation": [0, 0, 90],
			"translation": [0.5, 4.75, 2.5],
			"scale": [2, 2, 2]
		},
		"gui": {
			"rotation": [0, 0, -40],
			"translation": [-2.25, 2.75, 80],
			"scale": [4, 4, 4]
		},
		"head": {
			"translation": [-9.55, 8.5, 6.85],
			"scale": [2, 2, 2]
		}
	}
}