{
	"credit": "Made with Blockbench",
	"textures": {
		"0": "item/rabbit_hide/microphone",
		"particle": "item/rabbit_hide/microphone"
	},
	"elements": [
		{
			"from": [7, 0, 7],
			"to": [9, 6, 9],
			"faces": {
				"north": {"uv": [4, 8, 6, 14], "texture": "#0"},
				"east": {"uv": [8, 4, 10, 10], "texture": "#0"},
				"south": {"uv": [6, 8, 8, 14], "texture": "#0"},
				"west": {"uv": [10, 4, 12, 10], "texture": "#0"},
				"up": {"uv": [10, 12, 8, 10], "texture": "#0"},
				"down": {"uv": [12, 10, 10, 12], "texture": "#0"}
			}
		},
		{
			"from": [6, 6, 6],
			"to": [10, 10, 10],
			"faces": {
				"north": {"uv": [0, 0, 4, 4], "texture": "#0"},
				"east": {"uv": [0, 4, 4, 8], "texture": "#0"},
				"south": {"uv": [4, 0, 8, 4], "texture": "#0"},
				"west": {"uv": [4, 4, 8, 8], "texture": "#0"},
				"up": {"uv": [4, 12, 0, 8], "texture": "#0"},
				"down": {"uv": [12, 0, 8, 4], "texture": "#0"}
			}
		}
	],
	"display": {
		"thirdperson_righthand": {
			"translation": [0, 4, 1.75]
		},
		"thirdperson_lefthand": {
			"translation": [0, 4, 1.75]
		},
		"firstperson_righthand": {
			"translation": [0, 5.5, 0]
		},
		"firstperson_lefthand": {
			"translation": [0, 5.5, 0]
		},
		"ground": {
			"translation": [0, 5.25, 0]
		},
		"gui": {
			"rotation": [0, 49, 0],
			"translation": [0, 4.25, 0],
			"scale": [1.5, 1.5, 1.5]
		},
		"head": {
			"translation": [0, 9.25, 0]
		},
		"fixed": {
			"rotation": [-11, 0, 0],
			"translation": [0, 5.5, -4.75],
			"scale": [2, 2, 2]
		}
	}
}