{
	"credit": "Made with Blockbench",
	"textures": {
		"0": "block/iron_block",
		"1": "item/lead",
		"particle": "block/iron_block"
	},
	"elements": [
		{
			"from": [2, 0, 7],
			"to": [14, 1, 8.75],
			"faces": {
				"north": {"uv": [4, 4, 15, 7], "texture": "#0"},
				"east": {"uv": [3, 2, 4, 2], "texture": "#0"},
				"south": {"uv": [4, 8, 15, 8], "texture": "#0"},
				"west": {"uv": [3, 5, 4, 5], "texture": "#0"},
				"up": {"uv": [4, 14, 15, 15], "texture": "#0"},
				"down": {"uv": [3, 10, 14, 11], "texture": "#0"}
			}
		},
		{
			"from": [2, 1, 7],
			"to": [3, 2, 8.75],
			"rotation": {"angle": 0, "axis": "y", "origin": [16, 0, 0]},
			"faces": {
				"north": {"uv": [11, 8, 6, 11], "texture": "#0"},
				"east": {"uv": [2, 1, 1, 1], "texture": "#0"},
				"south": {"uv": [1, 1, 1, 1], "texture": "#0"},
				"west": {"uv": [2, 1, 1, 1], "texture": "#0"},
				"up": {"uv": [1, 1, 1, 2], "texture": "#0"},
				"down": {"uv": [1, 1, 1, 2], "texture": "#0"}
			}
		},
		{
			"from": [3, 2, 7],
			"to": [4, 3, 8.75],
			"rotation": {"angle": 0, "axis": "y", "origin": [16, 0, 0]},
			"faces": {
				"north": {"uv": [3, 7, 3, 10], "texture": "#0"},
				"east": {"uv": [3, 1, 4, 1], "texture": "#0"},
				"south": {"uv": [3, 1, 3, 1], "texture": "#0"},
				"west": {"uv": [3, 1, 4, 1], "texture": "#0"},
				"up": {"uv": [3, 1, 3, 2], "texture": "#0"},
				"down": {"uv": [3, 1, 3, 2], "texture": "#0"}
			}
		},
		{
			"from": [4, 3, 7],
			"to": [5, 4, 8.75],
			"rotation": {"angle": 0, "axis": "y", "origin": [16, 0, 0]},
			"faces": {
				"north": {"uv": [8, 4, 8, 7], "texture": "#0"},
				"east": {"uv": [8, 2, 7, 2], "texture": "#0"},
				"south": {"uv": [8, 8, 8, 8], "texture": "#0"},
				"west": {"uv": [8, 5, 7, 5], "texture": "#0"},
				"up": {"uv": [8, 14, 8, 15], "texture": "#0"},
				"down": {"uv": [7, 10, 7, 11], "texture": "#0"}
			}
		},
		{
			"from": [5, 4, 7],
			"to": [6, 5, 8.75],
			"rotation": {"angle": 0, "axis": "y", "origin": [16, 0, 0]},
			"faces": {
				"north": {"uv": [3, 7, 3, 10], "texture": "#0"},
				"east": {"uv": [3, 1, 4, 1], "texture": "#0"},
				"south": {"uv": [3, 1, 3, 1], "texture": "#0"},
				"west": {"uv": [3, 1, 4, 1], "texture": "#0"},
				"up": {"uv": [3, 1, 3, 2], "texture": "#0"},
				"down": {"uv": [3, 1, 3, 2], "texture": "#0"}
			}
		},
		{
			"from": [6, 5, 7],
			"to": [7, 6, 8.75],
			"rotation": {"angle": 0, "axis": "y", "origin": [16, 0, 0]},
			"faces": {
				"north": {"uv": [8, 4, 8, 7], "texture": "#0"},
				"east": {"uv": [8, 5, 7, 5], "texture": "#0"},
				"south": {"uv": [8, 8, 8, 8], "texture": "#0"},
				"west": {"uv": [8, 2, 7, 2], "texture": "#0"},
				"up": {"uv": [8, 14, 8, 15], "texture": "#0"},
				"down": {"uv": [7, 10, 7, 11], "texture": "#0"}
			}
		},
		{
			"from": [7, 6, 7],
			"to": [8, 7, 8.75],
			"rotation": {"angle": 0, "axis": "y", "origin": [16, 0, 0]},
			"faces": {
				"north": {"uv": [3, 7, 3, 10], "texture": "#0"},
				"east": {"uv": [5, 8, 7, 8], "texture": "#0"},
				"south": {"uv": [5, 8, 6, 8], "texture": "#0"},
				"west": {"uv": [6, 6, 7, 5], "texture": "#0"},
				"up": {"uv": [5, 8, 6, 9], "texture": "#0"},
				"down": {"uv": [5, 8, 6, 9], "texture": "#0"}
			}
		},
		{
			"from": [7.5, 7, 7.5],
			"to": [8, 10.5, 8.25],
			"rotation": {"angle": 0, "axis": "y", "origin": [16, 0, 0]},
			"faces": {
				"north": {"uv": [8, 13, 5.5, 14.5], "texture": "#1"},
				"east": {"uv": [8, 13, 8, 14.5], "texture": "#1"},
				"south": {"uv": [8, 13, 5.5, 14.5], "texture": "#1"},
				"west": {"uv": [8, 13, 8, 14.5], "texture": "#1"},
				"up": {"uv": [5, 4, 4.5, 3], "texture": "#1"},
				"down": {"uv": [5, 4, 4.5, 3], "texture": "#1"}
			}
		},
		{
			"from": [10, 4, 7],
			"to": [11, 5, 8.75],
			"faces": {
				"north": {"uv": [3, 7, 3, 10], "texture": "#0"},
				"east": {"uv": [4, 1, 3, 1], "texture": "#0"},
				"south": {"uv": [3, 1, 3, 1], "texture": "#0"},
				"west": {"uv": [4, 1, 3, 1], "texture": "#0"},
				"up": {"uv": [3, 1, 3, 2], "texture": "#0"},
				"down": {"uv": [3, 1, 3, 2], "texture": "#0"}
			}
		},
		{
			"from": [9, 5, 7],
			"to": [10, 6, 8.75],
			"faces": {
				"north": {"uv": [8, 4, 8, 7], "texture": "#0"},
				"east": {"uv": [7, 2, 8, 2], "texture": "#0"},
				"south": {"uv": [8, 8, 8, 8], "texture": "#0"},
				"west": {"uv": [7, 5, 8, 5], "texture": "#0"},
				"up": {"uv": [8, 14, 8, 15], "texture": "#0"},
				"down": {"uv": [7, 10, 7, 11], "texture": "#0"}
			}
		},
		{
			"from": [11, 3, 7],
			"to": [12, 4, 8.75],
			"faces": {
				"north": {"uv": [8, 4, 8, 7], "texture": "#0"},
				"east": {"uv": [7, 5, 8, 5], "texture": "#0"},
				"south": {"uv": [8, 8, 8, 8], "texture": "#0"},
				"west": {"uv": [7, 2, 8, 2], "texture": "#0"},
				"up": {"uv": [8, 14, 8, 15], "texture": "#0"},
				"down": {"uv": [7, 10, 7, 11], "texture": "#0"}
			}
		},
		{
			"from": [12, 2, 7],
			"to": [13, 3, 8.75],
			"faces": {
				"north": {"uv": [3, 7, 3, 10], "texture": "#0"},
				"east": {"uv": [4, 1, 3, 1], "texture": "#0"},
				"south": {"uv": [3, 1, 3, 1], "texture": "#0"},
				"west": {"uv": [4, 1, 3, 1], "texture": "#0"},
				"up": {"uv": [3, 1, 3, 2], "texture": "#0"},
				"down": {"uv": [3, 1, 3, 2], "texture": "#0"}
			}
		},
		{
			"from": [13, 1, 7],
			"to": [14, 2, 8.75],
			"faces": {
				"north": {"uv": [6, 8, 11, 11], "texture": "#0"},
				"east": {"uv": [1, 1, 2, 1], "texture": "#0"},
				"south": {"uv": [1, 1, 1, 1], "texture": "#0"},
				"west": {"uv": [1, 1, 2, 1], "texture": "#0"},
				"up": {"uv": [1, 1, 1, 2], "texture": "#0"},
				"down": {"uv": [1, 1, 1, 2], "texture": "#0"}
			}
		},
		{
			"from": [8, 7, 7.5],
			"to": [8.5, 10.5, 8.25],
			"faces": {
				"north": {"uv": [5.5, 13, 8, 14.5], "texture": "#1"},
				"east": {"uv": [8, 13, 8, 14.5], "texture": "#1"},
				"south": {"uv": [5.5, 13, 8, 14.5], "texture": "#1"},
				"west": {"uv": [8, 13, 8, 14.5], "texture": "#1"},
				"up": {"uv": [4.5, 4, 5, 3], "texture": "#1"},
				"down": {"uv": [4.5, 4, 5, 3], "texture": "#1"}
			}
		},
		{
			"from": [8, 6, 7],
			"to": [9, 7, 8.75],
			"faces": {
				"north": {"uv": [3, 7, 3, 10], "texture": "#0"},
				"east": {"uv": [7, 6, 6, 5], "texture": "#0"},
				"south": {"uv": [6, 8, 5, 8], "texture": "#0"},
				"west": {"uv": [7, 8, 5, 8], "texture": "#0"},
				"up": {"uv": [6, 8, 5, 9], "texture": "#0"},
				"down": {"uv": [6, 8, 5, 9], "texture": "#0"}
			}
		}
	],
	"display": {
		"thirdperson_righthand": {
			"rotation": [69, 0, 0],
			"translation": [0, -1.5, -1],
			"scale": [0.5, 0.5, 0.3]
		},
		"thirdperson_lefthand": {
			"rotation": [69, 0, 0],
			"translation": [0, -1.5, -1],
			"scale": [0.5, 0.5, 0.3]
		},
		"firstperson_righthand": {
			"rotation": [27, 16, 14],
			"translation": [2.75, 3.5, 1.5],
			"scale": [1, 1, 0.67]
		},
		"firstperson_lefthand": {
			"rotation": [27, 16, 14],
			"translation": [2.75, 3.5, 1.5],
			"scale": [1, 1, 0.67]
		},
		"ground": {
			"translation": [0, 4.25, 0]
		},
		"gui": {
			"translation": [0.5, 3.25, 0]
		}
	}
}