{
	"credit": "Made with Blockbench",
	"texture_size": [32, 32],
	"textures": {
		"0": "item/breadgun",
		"particle": "item/breadgun"
	},
	"elements": [
		{
			"from": [7.5, 5, 1.5],
			"to": [8.5, 5.5, 9.5],
			"faces": {
				"north": {"uv": [5.5, 10, 6, 10.5], "texture": "#0"},
				"east": {"uv": [8, 6.5, 12, 7], "texture": "#0"},
				"south": {"uv": [6, 10, 6.5, 10.5], "texture": "#0"},
				"west": {"uv": [8.5, 8, 12.5, 8.5], "texture": "#0"},
				"up": {"uv": [2.5, 12.5, 2, 8.5], "texture": "#0"},
				"down": {"uv": [3, 8.5, 2.5, 12.5], "texture": "#0"}
			}
		},
		{
			"from": [5.5, 5.5, 3.25],
			"to": [10.5, 8.25, 12],
			"faces": {
				"north": {"uv": [2, 7, 4.5, 8.5], "texture": "#0"},
				"east": {"uv": [5, 1, 9.5, 2.5], "texture": "#0"},
				"south": {"uv": [7, 4, 9.5, 5.5], "texture": "#0"},
				"west": {"uv": [5, 2.5, 9.5, 4], "texture": "#0"},
				"up": {"uv": [2.5, 4.5, 0, 0], "texture": "#0"},
				"down": {"uv": [5, 0, 2.5, 4.5], "texture": "#0"}
			}
		},
		{
			"from": [7.25, 6.5, 14],
			"to": [8.75, 8.25, 18.5],
			"faces": {
				"north": {"uv": [9, 7, 10, 8], "texture": "#0"},
				"east": {"uv": [6.5, 7, 9, 8], "texture": "#0"},
				"south": {"uv": [9.5, 4, 10.5, 5], "texture": "#0"},
				"west": {"uv": [8, 5.5, 10.5, 6.5], "texture": "#0"},
				"up": {"uv": [7.5, 10.5, 6.5, 8], "texture": "#0"},
				"down": {"uv": [8.5, 8, 7.5, 10.5], "texture": "#0"}
			}
		},
		{
			"from": [7, 3.75, 15],
			"to": [9, 6.5, 20.75],
			"faces": {
				"north": {"uv": [3, 8.5, 4, 10], "texture": "#0"},
				"east": {"uv": [2, 5.5, 5, 7], "texture": "#0"},
				"south": {"uv": [8.5, 8.5, 9.5, 10], "texture": "#0"},
				"west": {"uv": [5, 5.5, 8, 7], "texture": "#0"},
				"up": {"uv": [5.5, 10, 4.5, 7], "texture": "#0"},
				"down": {"uv": [6.5, 7, 5.5, 10], "texture": "#0"}
			}
		},
		{
			"from": [7.25, 8.25, 1],
			"to": [8.75, 10, 16],
			"faces": {
				"north": {"uv": [9.5, 8.5, 10.5, 9.5], "texture": "#0"},
				"east": {"uv": [0, 4.5, 7, 5.5], "texture": "#0"},
				"south": {"uv": [9.5, 9.5, 10.5, 10.5], "texture": "#0"},
				"west": {"uv": [5, 0, 12, 1], "texture": "#0"},
				"up": {"uv": [1, 12.5, 0, 5.5], "texture": "#0"},
				"down": {"uv": [2, 5.5, 1, 12.5], "texture": "#0"}
			}
		},
		{
			"from": [7.25, 5.5, 2],
			"to": [8.75, 8.25, 3],
			"faces": {
				"north": {"uv": [9.5, 1, 10.5, 2.5], "texture": "#0"},
				"east": {"uv": [4, 8.5, 4.5, 10], "texture": "#0"},
				"south": {"uv": [9.5, 2.5, 10.5, 4], "texture": "#0"},
				"west": {"uv": [3, 10, 3.5, 11.5], "texture": "#0"},
				"up": {"uv": [10.5, 5.5, 9.5, 5], "texture": "#0"},
				"down": {"uv": [5.5, 10, 4.5, 10.5], "texture": "#0"}
			}
		},
		{
			"from": [7.75, 10, 12],
			"to": [8.25, 10.5, 14],
			"faces": {
				"north": {"uv": [10, 7, 10.5, 7.5], "texture": "#0"},
				"east": {"uv": [5, 4, 6, 4.5], "texture": "#0"},
				"south": {"uv": [10, 7.5, 10.5, 8], "texture": "#0"},
				"west": {"uv": [6, 4, 7, 4.5], "texture": "#0"},
				"up": {"uv": [4, 11, 3.5, 10], "texture": "#0"},
				"down": {"uv": [4.5, 10, 4, 11], "texture": "#0"}
			}
		}
	],
	"display": {
		"thirdperson_righthand": {
			"translation": [0, 1, -4.25],
			"scale": [0.8, 0.8, 0.8]
		},
		"thirdperson_lefthand": {
			"translation": [0, 1, -4.25],
			"scale": [0.8, 0.8, 0.8]
		},
		"firstperson_righthand": {
			"rotation": [0, 20, 0],
			"translation": [0, 2.75, 0]
		},
		"firstperson_lefthand": {
			"rotation": [0, 20, 0],
			"translation": [0, 2.75, 0]
		},
		"ground": {
			"translation": [0, 1.5, 0],
			"scale": [0.86, 0.86, 0.86]
		},
		"gui": {
			"rotation": [90, 54.75, -90],
			"translation": [0, 1, 0],
			"scale": [0.75, 0.75, 0.75]
		}
	}
}