{
	"credit": "Made with Blockbench",
	"textures": {
		"0": "item/cars/steeringwheel"
	},
	"elements": [
		{
			"from": [7, 5, 6],
			"to": [9, 6, 7],
			"faces": {
				"north": {"uv": [5.5, 7.5, 6.5, 8], "texture": "#0"},
				"east": {"uv": [6.5, 7.5, 7, 8], "texture": "#0"},
				"south": {"uv": [8, 2, 9, 2.5], "texture": "#0"},
				"west": {"uv": [9, 4.5, 9.5, 5], "texture": "#0"},
				"up": {"uv": [9, 3, 8, 2.5], "texture": "#0"},
				"down": {"uv": [4, 8, 3, 8.5], "texture": "#0"}
			}
		},
		{
			"from": [7, 2.5, 7.5],
			"to": [9, 4.5, 9.5],
			"faces": {
				"north": {"uv": [0, 0, 3.5, 1], "texture": "#0"},
				"east": {"uv": [0.5, 7.5, 1.5, 8.5], "texture": "#0"},
				"south": {"uv": [0, 1, 3.5, 2], "texture": "#0"},
				"west": {"uv": [1.5, 7.5, 2.5, 8.5], "texture": "#0"},
				"up": {"uv": [3.5, 3, 0, 2], "texture": "#0"},
				"down": {"uv": [3.5, 3, 0, 4], "texture": "#0"}
			}
		},
		{
			"from": [7, 1, 6],
			"to": [9, 2, 7],
			"faces": {
				"north": {"uv": [8, 3, 9, 3.5], "texture": "#0"},
				"east": {"uv": [5.5, 9, 6, 9.5], "texture": "#0"},
				"south": {"uv": [8, 3.5, 9, 4], "texture": "#0"},
				"west": {"uv": [6, 9, 6.5, 9.5], "texture": "#0"},
				"up": {"uv": [5, 8.5, 4, 8], "texture": "#0"},
				"down": {"uv": [9, 4, 8, 4.5], "texture": "#0"}
			}
		},
		{
			"from": [7, 1, 10],
			"to": [9, 2, 11],
			"faces": {
				"north": {"uv": [8, 4.5, 9, 5], "texture": "#0"},
				"east": {"uv": [6.5, 9, 7, 9.5], "texture": "#0"},
				"south": {"uv": [5, 8, 6, 8.5], "texture": "#0"},
				"west": {"uv": [7, 9, 7.5, 9.5], "texture": "#0"},
				"up": {"uv": [7, 8.5, 6, 8], "texture": "#0"},
				"down": {"uv": [8, 8, 7, 8.5], "texture": "#0"}
			}
		},
		{
			"from": [7, 5, 10],
			"to": [9, 6, 11],
			"faces": {
				"north": {"uv": [8, 8, 9, 8.5], "texture": "#0"},
				"east": {"uv": [7.5, 9, 8, 9.5], "texture": "#0"},
				"south": {"uv": [0.5, 8.5, 1.5, 9], "texture": "#0"},
				"west": {"uv": [8, 9, 8.5, 9.5], "texture": "#0"},
				"up": {"uv": [2.5, 9, 1.5, 8.5], "texture": "#0"},
				"down": {"uv": [4, 8.5, 3, 9], "texture": "#0"}
			}
		},
		{
			"from": [7, 1, 5],
			"to": [9, 6, 6],
			"faces": {
				"north": {"uv": [3.5, 0, 4.5, 2.5], "texture": "#0"},
				"east": {"uv": [2.5, 6.5, 3, 9], "texture": "#0"},
				"south": {"uv": [3.5, 2.5, 4.5, 5], "texture": "#0"},
				"west": {"uv": [6.5, 5, 7, 7.5], "texture": "#0"},
				"up": {"uv": [5, 9, 4, 8.5], "texture": "#0"},
				"down": {"uv": [6, 8.5, 5, 9], "texture": "#0"}
			}
		},
		{
			"from": [7, 6, 6],
			"to": [9, 7, 11],
			"faces": {
				"north": {"uv": [6, 8.5, 7, 9], "texture": "#0"},
				"east": {"uv": [4, 7, 6.5, 7.5], "texture": "#0"},
				"south": {"uv": [7, 8.5, 8, 9], "texture": "#0"},
				"west": {"uv": [7, 5, 9.5, 5.5], "texture": "#0"},
				"up": {"uv": [1, 6.5, 0, 4], "texture": "#0"},
				"down": {"uv": [2, 4, 1, 6.5], "texture": "#0"}
			}
		},
		{
			"from": [7, 1, 11],
			"to": [9, 6, 12],
			"faces": {
				"north": {"uv": [2, 4, 3, 6.5], "texture": "#0"},
				"east": {"uv": [7, 5.5, 7.5, 8], "texture": "#0"},
				"south": {"uv": [4.5, 0, 5.5, 2.5], "texture": "#0"},
				"west": {"uv": [0, 7.5, 0.5, 10], "texture": "#0"},
				"up": {"uv": [9, 9, 8, 8.5], "texture": "#0"},
				"down": {"uv": [1.5, 9, 0.5, 9.5], "texture": "#0"}
			}
		},
		{
			"from": [7, 0, 6],
			"to": [9, 1, 11],
			"faces": {
				"north": {"uv": [1.5, 9, 2.5, 9.5], "texture": "#0"},
				"east": {"uv": [3, 7.5, 5.5, 8], "texture": "#0"},
				"south": {"uv": [9, 2, 10, 2.5], "texture": "#0"},
				"west": {"uv": [7.5, 5.5, 10, 6], "texture": "#0"},
				"up": {"uv": [5.5, 5, 4.5, 2.5], "texture": "#0"},
				"down": {"uv": [4, 5, 3, 7.5], "texture": "#0"}
			}
		},
		{
			"from": [7.5, 3, 5],
			"to": [8.5, 4, 11],
			"faces": {
				"north": {"uv": [0, 0, 1, 1], "texture": "#0"},
				"east": {"uv": [0, 0, 6, 1], "texture": "#0"},
				"south": {"uv": [0, 0, 1, 1], "texture": "#0"},
				"west": {"uv": [0, 0, 6, 1], "texture": "#0"},
				"up": {"uv": [0, 0, 1, 6], "texture": "#0"},
				"down": {"uv": [0, 0, 1, 6], "texture": "#0"}
			}
		},
		{
			"from": [7.5, 1, 8],
			"to": [8.5, 4, 9],
			"faces": {
				"north": {"uv": [0, 0, 1, 3], "texture": "#0"},
				"east": {"uv": [0, 0, 1, 3], "texture": "#0"},
				"south": {"uv": [0, 0, 1, 3], "texture": "#0"},
				"west": {"uv": [0, 0, 1, 3], "texture": "#0"},
				"up": {"uv": [0, 0, 1, 1], "texture": "#missing"},
				"down": {"uv": [0, 0, 1, 1], "texture": "#missing"}
			}
		}
	],
	"display": {
		"thirdperson_righthand": {
			"rotation": [142, -90, 90],
			"translation": [-5.25, 3.25, 4.75],
			"scale": [1.2, 1.2, 1.2]
		},
		"thirdperson_lefthand": {
			"rotation": [142, -90, 90],
			"translation": [-5.25, 3.25, 4.75],
			"scale": [1.2, 1.2, 1.2]
		},
		"firstperson_righthand": {
			"rotation": [0, 90, -23],
			"translation": [-9, 9, 0.75]
		},
		"firstperson_lefthand": {
			"rotation": [0, 90, -23],
			"translation": [-9.25, 9, 0.75]
		},
		"gui": {
			"rotation": [0, 90, 0],
			"translation": [-0.5, 9, 0],
			"scale": [2, 2, 2]
		}
	},
	"groups": [
		{
			"name": "bone",
			"origin": [0, 0, 0],
			"color": 0,
			"children": [
				{
					"name": "bone2",
					"origin": [0, 0, 0],
					"color": 0,
					"children": [
						0,
						1,
						2,
						3,
						4,
						5,
						6,
						7,
						8,
						{
							"name": "bone3",
							"origin": [0, 0, 0],
							"color": 0,
							"children": []
						},
						9,
						10
					]
				}
			]
		}
	]
}