{
	"credit": "Made with Blockbench",
	"texture_size": [64, 64],
	"textures": {
		"0": "item/leather/3",
		"particle": "item/leather/3"
	},
	"elements": [
		{
			"from": [4.9, 1, 4.9],
			"to": [12.9, 10, 9.9],
			"rotation": {"angle": -22.5, "axis": "x", "origin": [8, 5, 7.5]},
			"faces": {
				"north": {"uv": [2.25, 0, 4.25, 2.25], "texture": "#0"},
				"east": {"uv": [4.5, 4.5, 5.75, 6.75], "texture": "#0"},
				"south": {"uv": [2.25, 2.25, 4.25, 4.5], "texture": "#0"},
				"west": {"uv": [5.75, 4.5, 7, 6.75], "texture": "#0"},
				"up": {"uv": [8, 1.25, 6, 0], "texture": "#0"},
				"down": {"uv": [8, 1.25, 6, 2.5], "texture": "#0"}
			}
		},
		{
			"from": [10.3, 0, 1],
			"to": [13.3, 3, 6],
			"rotation": {"angle": -22.5, "axis": "y", "origin": [11, 2, 3.5]},
			"faces": {
				"north": {"uv": [7.5, 3.25, 8.25, 4], "texture": "#0"},
				"east": {"uv": [4.5, 6.75, 5.75, 7.5], "texture": "#0"},
				"south": {"uv": [6, 7.5, 6.75, 8.25], "texture": "#0"},
				"west": {"uv": [5.75, 6.75, 7, 7.5], "texture": "#0"},
				"up": {"uv": [7.75, 5.5, 7, 4.25], "texture": "#0"},
				"down": {"uv": [7.75, 5.5, 7, 6.75], "texture": "#0"}
			}
		},
		{
			"from": [4.5, 0, 0.4],
			"to": [7.5, 3, 5.4],
			"rotation": {"angle": 0, "axis": "y", "origin": [5, 2, 3.5]},
			"faces": {
				"north": {"uv": [6.75, 7.5, 7.5, 8.25], "texture": "#0"},
				"east": {"uv": [7, 6.75, 8.25, 7.5], "texture": "#0"},
				"south": {"uv": [7.5, 7.5, 8.25, 8.25], "texture": "#0"},
				"west": {"uv": [7.5, 2.5, 8.75, 3.25], "texture": "#0"},
				"up": {"uv": [5.25, 8.75, 4.5, 7.5], "texture": "#0"},
				"down": {"uv": [6, 7.5, 5.25, 8.75], "texture": "#0"}
			}
		},
		{
			"from": [12.82446, 0.15432, 3.30029],
			"to": [15.82446, 7.15432, 6.30029],
			"rotation": {"angle": 0, "axis": "x", "origin": [15.02446, 3.65432, 4.80029]},
			"faces": {
				"north": {"uv": [6, 2.5, 6.75, 4.25], "texture": "#0"},
				"east": {"uv": [0, 6.25, 0.75, 8], "texture": "#0"},
				"south": {"uv": [0.75, 6.25, 1.5, 8], "texture": "#0"},
				"west": {"uv": [1.5, 6.25, 2.25, 8], "texture": "#0"},
				"up": {"uv": [8.5, 4.75, 7.75, 4], "texture": "#0"},
				"down": {"uv": [8.5, 4.75, 7.75, 5.5], "texture": "#0"}
			}
		},
		{
			"from": [2, -0.53701, 4.30029],
			"to": [5, 6.46299, 7.30029],
			"rotation": {"angle": 0, "axis": "x", "origin": [2.5, 5.96299, 9.80029]},
			"faces": {
				"north": {"uv": [3, 6.25, 3.75, 8], "texture": "#0"},
				"east": {"uv": [3.75, 6.25, 4.5, 8], "texture": "#0"},
				"south": {"uv": [6.75, 2.5, 7.5, 4.25], "texture": "#0"},
				"west": {"uv": [2.25, 6.25, 3, 8], "texture": "#0"},
				"up": {"uv": [8.5, 6.25, 7.75, 5.5], "rotation": 270, "texture": "#0"},
				"down": {"uv": [0.75, 8, 0, 8.75], "rotation": 90, "texture": "#0"}
			}
		},
		{
			"from": [4.1, 9, 2],
			"to": [13.1, 18, 9],
			"rotation": {"angle": 0, "axis": "x", "origin": [8.5, 13.5, 2.575]},
			"faces": {
				"north": {"uv": [2, 11.25, 4, 13.25], "texture": "#0"},
				"east": {"uv": [0, 11.25, 2, 13.25], "texture": "#0"},
				"south": {"uv": [6, 11.25, 8, 13.25], "texture": "#0"},
				"west": {"uv": [4, 11.25, 6, 13.25], "texture": "#0"},
				"up": {"uv": [4, 11.25, 2, 9.25], "texture": "#0"},
				"down": {"uv": [6, 9.25, 4, 11.25], "texture": "#0"}
			}
		},
		{
			"from": [3.9, 9, 1.65],
			"to": [12.9, 18, 1.65],
			"rotation": {"angle": 0, "axis": "x", "origin": [8.5, 13.5, 2.575]},
			"faces": {
				"north": {"uv": [5.75, 13.75, 7.75, 15.75], "texture": "#0"},
				"east": {"uv": [0, 11.25, 2, 13.25], "texture": "#0"},
				"south": {"uv": [6, 11.25, 8, 13.25], "texture": "#0"},
				"west": {"uv": [4, 11.25, 6, 13.25], "texture": "#0"},
				"up": {"uv": [4, 11.25, 2, 9.25], "texture": "#0"},
				"down": {"uv": [6, 9.25, 4, 11.25], "texture": "#0"}
			}
		}
	],
	"display": {
		"thirdperson_righthand": {
			"rotation": [70, 0, 0],
			"translation": [0, 1.5, 4.5],
			"scale": [0.7, 0.7, 0.7]
		},
		"thirdperson_lefthand": {
			"rotation": [70, 0, 0],
			"translation": [0, 1.5, 4.5],
			"scale": [0.7, 0.7, 0.7]
		},
		"firstperson_righthand": {
			"rotation": [0, 144, 0],
			"translation": [0, 2, 0]
		},
		"firstperson_lefthand": {
			"rotation": [0, 144, 0],
			"translation": [0, 2, 0]
		},
		"ground": {
			"scale": [0.75, 0.75, 0.75]
		},
		"gui": {
			"rotation": [0, 159, 0],
			"translation": [0, -0.5, 0],
			"scale": [0.8, 0.8, 0.8]
		},
		"head": {
			"translation": [0, 14.5, 0]
		},
		"fixed": {
			"rotation": [-90, 0, 0],
			"translation": [0, 0, -21],
			"scale": [2.5, 2.5, 2.5]
		}
	}
}