{
	"credit": "Made with Blockbench",
	"texture_size": [64, 64],
	"textures": {
		"0": "item/leather/5",
		"particle": "item/leather/5"
	},
	"elements": [
		{
			"from": [5, 1, 5],
			"to": [13, 10, 10],
			"rotation": {"angle": 0, "axis": "x", "origin": [8, 5, 7.5]},
			"faces": {
				"north": {"uv": [2.25, 0, 4.25, 2.25], "texture": "#0"},
				"east": {"uv": [4.5, 4.5, 5.75, 6.75], "texture": "#0"},
				"south": {"uv": [2.25, 2.25, 4.25, 4.5], "texture": "#0"},
				"west": {"uv": [5.75, 4.5, 7, 6.75], "texture": "#0"},
				"up": {"uv": [8, 1.25, 6, 0], "texture": "#0"},
				"down": {"uv": [8, 1.25, 6, 2.5], "texture": "#0"}
			}
		},
		{
			"from": [5, 2, 12],
			"to": [13, 11, 12],
			"rotation": {"angle": 22.5, "axis": "x", "origin": [9, 5.5, 10]},
			"faces": {
				"north": {"uv": [2.25, 2.25, 0.25, 4.5], "texture": "#0"},
				"east": {"uv": [4.5, 4.5, 5.75, 6.75], "texture": "#0"},
				"south": {"uv": [0.25, 2.25, 2.25, 4.5], "texture": "#0"},
				"west": {"uv": [5.75, 4.5, 7, 6.75], "texture": "#0"},
				"up": {"uv": [8, 1.25, 6, 0], "texture": "#0"},
				"down": {"uv": [8, 1.25, 6, 2.5], "texture": "#0"}
			}
		},
		{
			"from": [11.5, 0, 1],
			"to": [14.5, 3, 6],
			"rotation": {"angle": -22.5, "axis": "y", "origin": [11, 2, 3.5]},
			"faces": {
				"north": {"uv": [7.5, 3.25, 8.25, 4], "texture": "#0"},
				"east": {"uv": [4.5, 6.75, 5.75, 7.5], "texture": "#0"},
				"south": {"uv": [6, 7.5, 6.75, 8.25], "texture": "#0"},
				"west": {"uv": [5.75, 6.75, 7, 7.5], "texture": "#0"},
				"up": {"uv": [7.75, 5.5, 7, 4.25], "texture": "#0"},
				"down": {"uv": [7.75, 5.5, 7, 6.75], "texture": "#0"}
			}
		},
		{
			"from": [3.5, 0, 1],
			"to": [6.5, 3, 6],
			"rotation": {"angle": 22.5, "axis": "y", "origin": [5, 2, 3.5]},
			"faces": {
				"north": {"uv": [6.75, 7.5, 7.5, 8.25], "texture": "#0"},
				"east": {"uv": [7, 6.75, 8.25, 7.5], "texture": "#0"},
				"south": {"uv": [7.5, 7.5, 8.25, 8.25], "texture": "#0"},
				"west": {"uv": [7.5, 2.5, 8.75, 3.25], "texture": "#0"},
				"up": {"uv": [5.25, 8.75, 4.5, 7.5], "texture": "#0"},
				"down": {"uv": [6, 7.5, 5.25, 8.75], "texture": "#0"}
			}
		},
		{
			"from": [12.27446, 0.15432, 2.30029],
			"to": [15.27446, 7.15432, 5.30029],
			"rotation": {"angle": 45, "axis": "x", "origin": [14.77446, 3.65432, 6.80029]},
			"faces": {
				"north": {"uv": [1.5, 6.25, 2.25, 8], "texture": "#0"},
				"east": {"uv": [6, 2.5, 6.75, 4.25], "texture": "#0"},
				"south": {"uv": [0, 6.25, 0.75, 8], "texture": "#0"},
				"west": {"uv": [0.75, 6.25, 1.5, 8], "texture": "#0"},
				"up": {"uv": [8.5, 4.75, 7.75, 4], "rotation": 90, "texture": "#0"},
				"down": {"uv": [8.5, 4.75, 7.75, 5.5], "rotation": 270, "texture": "#0"}
			}
		},
		{
			"from": [2.75, 0.46299, 3.30029],
			"to": [5.75, 7.46299, 6.30029],
			"rotation": {"angle": 45, "axis": "x", "origin": [3.25, 3.96299, 6.80029]},
			"faces": {
				"north": {"uv": [3, 6.25, 3.75, 8], "texture": "#0"},
				"east": {"uv": [3.75, 6.25, 4.5, 8], "texture": "#0"},
				"south": {"uv": [6.75, 2.5, 7.5, 4.25], "texture": "#0"},
				"west": {"uv": [2.25, 6.25, 3, 8], "texture": "#0"},
				"up": {"uv": [8.5, 6.25, 7.75, 5.5], "rotation": 270, "texture": "#0"},
				"down": {"uv": [0.75, 8, 0, 8.75], "rotation": 90, "texture": "#0"}
			}
		},
		{
			"from": [4.73044, 8.59149, 1],
			"to": [13.73044, 17.59149, 8],
			"rotation": {"angle": -22.5, "axis": "x", "origin": [9.23044, 13.09149, 2.5]},
			"faces": {
				"north": {"uv": [2, 11.25, 4, 13.25], "texture": "#0"},
				"east": {"uv": [0, 11.25, 2, 13.25], "texture": "#0"},
				"south": {"uv": [6, 11.25, 8, 13.25], "texture": "#0"},
				"west": {"uv": [4, 11.25, 6, 13.25], "texture": "#0"},
				"up": {"uv": [4, 11.25, 2, 9.25], "texture": "#0"},
				"down": {"uv": [6, 9.25, 4, 11.25], "texture": "#0"}
			}
		},
		{
			"from": [4.73044, 8.59149, 0.75],
			"to": [13.73044, 13.59149, 0.75],
			"rotation": {"angle": -22.5, "axis": "x", "origin": [9.23044, 13.09149, 2.5]},
			"faces": {
				"north": {"uv": [1.75, 14.5, 4.25, 15.75], "texture": "#0"},
				"east": {"uv": [0, 11.25, 2, 13.25], "texture": "#0"},
				"south": {"uv": [6, 11.25, 8, 13.25], "texture": "#0"},
				"west": {"uv": [4, 11.25, 6, 13.25], "texture": "#0"},
				"up": {"uv": [4, 11.25, 2, 9.25], "texture": "#0"},
				"down": {"uv": [6, 9.25, 4, 11.25], "texture": "#0"}
			}
		},
		{
			"from": [4.73044, 15.19119, -1.22885],
			"to": [8.73044, 20.19119, -1.22885],
			"rotation": {"angle": -22.5, "axis": "x", "origin": [3.73044, 17.69119, -1.02885]},
			"faces": {
				"north": {"uv": [3.25, 13.5, 4.25, 14.5], "texture": "#0"},
				"east": {"uv": [0, 11.25, 2, 13.25], "texture": "#0"},
				"south": {"uv": [3.75, 14, 4.25, 14.5], "rotation": 180, "texture": "#0"},
				"west": {"uv": [4, 11.25, 6, 13.25], "texture": "#0"},
				"up": {"uv": [4, 11.25, 2, 9.25], "texture": "#0"},
				"down": {"uv": [6, 9.25, 4, 11.25], "texture": "#0"}
			}
		},
		{
			"from": [9.73044, 15.19119, -1.22885],
			"to": [13.73044, 20.19119, -1.22885],
			"rotation": {"angle": -22.5, "axis": "x", "origin": [14.73044, 17.69119, -1.02885]},
			"faces": {
				"north": {"uv": [1.75, 13.5, 2.75, 14.5], "texture": "#0"},
				"east": {"uv": [0, 11.25, 2, 13.25], "texture": "#0"},
				"south": {"uv": [1.75, 14, 2.25, 14.5], "rotation": 270, "texture": "#0"},
				"west": {"uv": [4, 11.25, 6, 13.25], "texture": "#0"},
				"up": {"uv": [4, 11.25, 2, 9.25], "texture": "#0"},
				"down": {"uv": [6, 9.25, 4, 11.25], "texture": "#0"}
			}
		}
	],
	"display": {
		"thirdperson_righthand": {
			"rotation": [70, 0, 0],
			"translation": [0, 1.5, 4.5],
			"scale": [0.7, 0.7, 0.7]
		},
		"thirdperson_lefthand": {
			"rotation": [70, 0, 0],
			"translation": [0, 1.5, 4.5],
			"scale": [0.7, 0.7, 0.7]
		},
		"firstperson_righthand": {
			"rotation": [-22, 138, 0],
			"translation": [3.25, 1.5, 0],
			"scale": [0.75, 0.75, 0.75]
		},
		"firstperson_lefthand": {
			"rotation": [-22, 138, 0],
			"translation": [1, 1.5, 0],
			"scale": [0.75, 0.75, 0.75]
		},
		"ground": {
			"scale": [0.75, 0.75, 0.75]
		},
		"gui": {
			"rotation": [0, 159, 0],
			"translation": [0, -0.5, 0],
			"scale": [0.8, 0.8, 0.8]
		},
		"head": {
			"translation": [0, 14.5, 0]
		},
		"fixed": {
			"rotation": [-90, 0, 0],
			"translation": [0, -0.5, -20],
			"scale": [2.5, 2.5, 2.5]
		}
	}
}