{
	"credit": "Made with Blockbench",
	"texture_size": [64, 64],
	"textures": {
		"0": "item/leather/6",
		"particle": "item/leather/6"
	},
	"elements": [
		{
			"from": [2, 0, 1],
			"to": [6, 4, 6],
			"faces": {
				"north": {"uv": [2.25, 10, 3.25, 11], "texture": "#0"},
				"east": {"uv": [2.25, 9, 3.5, 10], "texture": "#0"},
				"south": {"uv": [10, 9.5, 11, 10.5], "texture": "#0"},
				"west": {"uv": [9.25, 3.5, 10.5, 4.5], "texture": "#0"},
				"up": {"uv": [6.5, 10.75, 5.5, 9.5], "texture": "#0"},
				"down": {"uv": [7.5, 9.5, 6.5, 10.75], "texture": "#0"}
			}
		},
		{
			"from": [1.75, 0, 6],
			"to": [14.25, 18, 13],
			"faces": {
				"north": {"uv": [0, 0, 3.25, 4.5], "texture": "#0"},
				"east": {"uv": [0, 4.5, 1.75, 9], "texture": "#0"},
				"south": {"uv": [3.25, 0, 6.5, 4.5], "texture": "#0"},
				"west": {"uv": [1.75, 4.5, 3.5, 9], "texture": "#0"},
				"up": {"uv": [9.75, 1.75, 6.5, 0], "texture": "#0"},
				"down": {"uv": [9.75, 1.75, 6.5, 3.5], "texture": "#0"}
			}
		},
		{
			"from": [2.75, 10, 3],
			"to": [13.25, 15, 6],
			"faces": {
				"north": {"uv": [3.5, 7.25, 6.25, 8.5], "texture": "#0"},
				"east": {"uv": [7.5, 10.5, 8.25, 11.75], "texture": "#0"},
				"south": {"uv": [6.25, 7.25, 9, 8.5], "texture": "#0"},
				"west": {"uv": [8.25, 10.5, 9, 11.75], "texture": "#0"},
				"up": {"uv": [11.75, 7.25, 9, 6.5], "texture": "#0"},
				"down": {"uv": [11.75, 7.25, 9, 8], "texture": "#0"}
			}
		},
		{
			"from": [2.75, 3, 13],
			"to": [13.25, 14, 17],
			"faces": {
				"north": {"uv": [3.5, 4.5, 6.25, 7.25], "texture": "#0"},
				"east": {"uv": [3.5, 8.5, 4.5, 11.25], "texture": "#0"},
				"south": {"uv": [6.25, 4.5, 9, 7.25], "texture": "#0"},
				"west": {"uv": [4.5, 8.5, 5.5, 11.25], "texture": "#0"},
				"up": {"uv": [9.25, 4.5, 6.5, 3.5], "texture": "#0"},
				"down": {"uv": [8.25, 8.5, 5.5, 9.5], "texture": "#0"}
			}
		},
		{
			"from": [3.75, 14, 13],
			"to": [12.25, 16, 17],
			"faces": {
				"north": {"uv": [9, 8, 11.25, 8.5], "texture": "#0"},
				"east": {"uv": [10.5, 3.5, 11.5, 4], "texture": "#0"},
				"south": {"uv": [9.75, 2.5, 12, 3], "texture": "#0"},
				"west": {"uv": [10.5, 4, 11.5, 4.5], "texture": "#0"},
				"up": {"uv": [10.5, 9.5, 8.25, 8.5], "texture": "#0"},
				"down": {"uv": [2.25, 9, 0, 10], "texture": "#0"}
			}
		},
		{
			"from": [3.75, 1, 13],
			"to": [12.25, 3, 17],
			"faces": {
				"north": {"uv": [9.75, 3, 12, 3.5], "texture": "#0"},
				"east": {"uv": [10.5, 8.5, 11.5, 9], "texture": "#0"},
				"south": {"uv": [0, 10, 2.25, 10.5], "texture": "#0"},
				"west": {"uv": [9, 10.5, 10, 11], "texture": "#0"},
				"up": {"uv": [11.25, 5.5, 9, 4.5], "texture": "#0"},
				"down": {"uv": [11.25, 5.5, 9, 6.5], "texture": "#0"}
			}
		},
		{
			"from": [10, 0, 1],
			"to": [14, 4, 6],
			"faces": {
				"north": {"uv": [0, 10.5, 1, 11.5], "texture": "#0"},
				"east": {"uv": [7.5, 9.5, 8.75, 10.5], "texture": "#0"},
				"south": {"uv": [1, 10.5, 2, 11.5], "texture": "#0"},
				"west": {"uv": [8.75, 9.5, 10, 10.5], "texture": "#0"},
				"up": {"uv": [10.75, 1.25, 9.75, 0], "texture": "#0"},
				"down": {"uv": [10.75, 1.25, 9.75, 2.5], "texture": "#0"}
			}
		}
	],
	"display": {
		"thirdperson_righthand": {
			"scale": [0.25, 0.25, 0.25]
		},
		"thirdperson_lefthand": {
			"scale": [0.25, 0.25, 0.25]
		},
		"firstperson_righthand": {
			"rotation": [0, 138, 0]
		},
		"firstperson_lefthand": {
			"rotation": [0, 138, 0]
		},
		"ground": {
			"translation": [0, 3.75, 0]
		},
		"gui": {
			"rotation": [0, 150, 0],
			"translation": [0, -0.75, 0],
			"scale": [0.75, 0.75, 0.75]
		},
		"head": {
			"translation": [0, 10.25, 0],
			"scale": [0.5, 0.5, 0.5]
		},
		"fixed": {
			"rotation": [-90, 0, 0],
			"translation": [0, -0.75, -10.25],
			"scale": [1.25, 1.25, 1.25]
		}
	}
}