{
	"credit": "Made with Blockbench",
	"textures": {
		"0": "item/leather/wholetexture",
		"1": "item/leather/arms",
		"particle": "item/leather/wholetexture"
	},
	"elements": [
		{
			"from": [7, 0, 4],
			"to": [10, 2, 10],
			"rotation": {"angle": -22.5, "axis": "y", "origin": [8, 0, 6]},
			"faces": {
				"north": {"uv": [8.5, 8.5, 10, 9.5], "texture": "#0"},
				"east": {"uv": [6, 6.5, 9, 7.5], "texture": "#0"},
				"south": {"uv": [9, 3, 10.5, 4], "texture": "#0"},
				"west": {"uv": [7, 0, 10, 1], "texture": "#0"},
				"up": {"uv": [4.5, 3, 3, 0], "texture": "#0"},
				"down": {"uv": [4.5, 3, 3, 6], "texture": "#0"}
			}
		},
		{
			"from": [4, 0, 3.2],
			"to": [7, 2, 9.2],
			"rotation": {"angle": 22.5, "axis": "y", "origin": [8, 0, 6]},
			"faces": {
				"north": {"uv": [2, 9.5, 3.5, 10.5], "texture": "#0"},
				"east": {"uv": [4, 7.5, 7, 8.5], "texture": "#0"},
				"south": {"uv": [9.5, 5, 11, 6], "texture": "#0"},
				"west": {"uv": [7, 7.5, 10, 8.5], "texture": "#0"},
				"up": {"uv": [6, 3, 4.5, 0], "texture": "#0"},
				"down": {"uv": [6, 3, 4.5, 6], "texture": "#0"}
			}
		},
		{
			"from": [5.5, 0, 3.8],
			"to": [8.5, 2, 9.8],
			"rotation": {"angle": 0, "axis": "y", "origin": [8, 0, 6]},
			"faces": {
				"north": {"uv": [9, 4, 10.5, 5], "texture": "#0"},
				"east": {"uv": [7, 1, 10, 2], "texture": "#0"},
				"south": {"uv": [9, 6.5, 10.5, 7.5], "texture": "#0"},
				"west": {"uv": [7, 2, 10, 3], "texture": "#0"},
				"up": {"uv": [1.5, 6.5, 0, 3.5], "texture": "#0"},
				"down": {"uv": [3, 3.5, 1.5, 6.5], "texture": "#0"}
			}
		},
		{
			"from": [4, 0, 3.2],
			"to": [7, 2, 9.2],
			"rotation": {"angle": 22.5, "axis": "y", "origin": [8, 0, 6]},
			"color": 8,
			"faces": {
				"north": {"uv": [0, 0, 3, 2], "texture": "#missing"},
				"east": {"uv": [0, 0, 6, 2], "texture": "#missing"},
				"south": {"uv": [0, 0, 3, 2], "texture": "#missing"},
				"west": {"uv": [0, 0, 6, 2], "texture": "#missing"},
				"up": {"uv": [0, 0, 3, 6], "texture": "#missing"},
				"down": {"uv": [0, 0, 3, 6], "texture": "#missing"}
			}
		},
		{
			"from": [5.5, 0, 10],
			"to": [8.5, 7, 12],
			"faces": {
				"north": {"uv": [0, 0, 1.5, 3.5], "texture": "#0"},
				"east": {"uv": [6, 0, 7, 3.5], "texture": "#0"},
				"south": {"uv": [1.5, 0, 3, 3.5], "texture": "#0"},
				"west": {"uv": [3, 6, 4, 9.5], "texture": "#0"},
				"up": {"uv": [9.5, 6.5, 8, 5.5], "texture": "#0"},
				"down": {"uv": [8.5, 8.5, 7, 9.5], "texture": "#0"}
			}
		},
		{
			"from": [5, 7, 9.5],
			"to": [9, 10, 12.5],
			"faces": {
				"north": {"uv": [6, 3.5, 8, 5], "texture": "#0"},
				"east": {"uv": [4, 8.5, 5.5, 10], "texture": "#0"},
				"south": {"uv": [4, 6, 6, 7.5], "texture": "#0"},
				"west": {"uv": [5.5, 8.5, 7, 10], "texture": "#0"},
				"up": {"uv": [8, 6.5, 6, 5], "texture": "#0"},
				"down": {"uv": [2, 6.5, 0, 8], "texture": "#0"}
			}
		},
		{
			"from": [9, 8, 10],
			"to": [10, 12.5, 12],
			"faces": {
				"north": {"uv": [3.5, 9.5, 4, 12], "texture": "#0"},
				"east": {"uv": [2, 6.5, 3, 9], "texture": "#0"},
				"south": {"uv": [7, 9.5, 7.5, 12], "texture": "#0"},
				"west": {"uv": [0, 8, 1, 10.5], "texture": "#0"},
				"up": {"uv": [9, 10.5, 8.5, 9.5], "texture": "#0"},
				"down": {"uv": [9.5, 9.5, 9, 10.5], "texture": "#0"}
			}
		},
		{
			"from": [4, 8, 10],
			"to": [5, 12.5, 12],
			"faces": {
				"north": {"uv": [7.5, 9.5, 8, 12], "texture": "#0"},
				"east": {"uv": [1, 8, 2, 10.5], "texture": "#0"},
				"south": {"uv": [8, 9.5, 8.5, 12], "texture": "#0"},
				"west": {"uv": [8, 3, 9, 5.5], "texture": "#0"},
				"up": {"uv": [10, 10.5, 9.5, 9.5], "texture": "#0"},
				"down": {"uv": [10.5, 0, 10, 1], "texture": "#0"}
			}
		},
		{
			"from": [8, 10, 10],
			"to": [9, 11, 12],
			"faces": {
				"north": {"uv": [6.5, 10, 7, 10.5], "texture": "#0"},
				"east": {"uv": [9.5, 6, 10.5, 6.5], "texture": "#0"},
				"south": {"uv": [10, 7.5, 10.5, 8], "texture": "#0"},
				"west": {"uv": [4, 10, 5, 10.5], "texture": "#0"},
				"up": {"uv": [5.5, 11, 5, 10], "texture": "#0"},
				"down": {"uv": [6, 10, 5.5, 11], "texture": "#0"}
			}
		},
		{
			"from": [5, 10, 10],
			"to": [6, 11, 12],
			"faces": {
				"north": {"uv": [9, 5, 9.5, 5.5], "texture": "#0"},
				"east": {"uv": [7, 3, 8, 3.5], "texture": "#0"},
				"south": {"uv": [6, 10, 6.5, 10.5], "texture": "#0"},
				"west": {"uv": [2, 9, 3, 9.5], "texture": "#0"},
				"up": {"uv": [10.5, 2, 10, 1], "texture": "#0"},
				"down": {"uv": [10.5, 2, 10, 3], "texture": "#0"}
			}
		},
		{
			"from": [8.5, 0.5, 10],
			"to": [10, 6, 12],
			"rotation": {"angle": 0, "axis": "y", "origin": [7, 6, 11]},
			"faces": {
				"north": {"uv": [6, 0, 8, 6], "texture": "#1"},
				"east": {"uv": [2, 6, 4, 12], "texture": "#1"},
				"south": {"uv": [4, 6, 6, 12], "texture": "#1"},
				"west": {"uv": [6, 6, 8, 12], "texture": "#1"},
				"up": {"uv": [10, 6, 8, 4], "texture": "#1"},
				"down": {"uv": [10, 6, 8, 8], "texture": "#1"}
			}
		},
		{
			"from": [4, 0.5, 10],
			"to": [5.5, 6, 12],
			"rotation": {"angle": 0, "axis": "y", "origin": [7, 6, 11]},
			"faces": {
				"north": {"uv": [0, 0, 2, 6], "texture": "#1"},
				"east": {"uv": [2, 0, 4, 6], "texture": "#1"},
				"south": {"uv": [4, 0, 6, 6], "texture": "#1"},
				"west": {"uv": [0, 6, 2, 12], "texture": "#1"},
				"up": {"uv": [10, 2, 8, 0], "texture": "#1"},
				"down": {"uv": [10, 2, 8, 4], "texture": "#1"}
			}
		}
	],
	"display": {
		"thirdperson_righthand": {
			"translation": [1.25, 8, 7]
		},
		"thirdperson_lefthand": {
			"translation": [0, 7.75, 8]
		},
		"firstperson_righthand": {
			"translation": [0, 8.5, 0]
		},
		"firstperson_lefthand": {
			"translation": [0, 8.5, 0]
		},
		"ground": {
			"rotation": [90, 0, 0],
			"translation": [0, 1.75, 0]
		},
		"head": {
			"translation": [1, 14.5, 0]
		},
		"fixed": {
			"rotation": [-90, 0, 0],
			"translation": [4, 1, -32],
			"scale": [4, 4, 4]
		}
	}
}