{
	"credit": "Made with Blockbench",
	"texture_size": [64, 64],
	"textures": {
		"1": "item/leather/8",
		"2": "entity/conduit/base",
		"particle": "item/leather/4"
	},
	"elements": [
		{
			"from": [5, -1.67879, 7.43317],
			"to": [13, 7.32121, 12.43317],
			"rotation": {"angle": 22.5, "axis": "x", "origin": [8.75, 3.6835, 12.15727]},
			"faces": {
				"north": {"uv": [2.25, 0, 4.25, 2.25], "texture": "#1"},
				"east": {"uv": [4.5, 4.5, 5.75, 6.75], "texture": "#1"},
				"south": {"uv": [2.25, 2.25, 4.25, 4.5], "texture": "#1"},
				"west": {"uv": [5.75, 4.5, 7, 6.75], "texture": "#1"},
				"up": {"uv": [8, 1.25, 6, 0], "texture": "#1"},
				"down": {"uv": [8, 1.25, 6, 2.5], "texture": "#1"}
			}
		},
		{
			"from": [5, -1.67879, 7.18317],
			"to": [13, 7.32121, 12.43317],
			"rotation": {"angle": 22.5, "axis": "x", "origin": [8.75, 3.6835, 12.15727]},
			"faces": {
				"north": {"uv": [9.75, 0, 11.75, 2.25], "texture": "#1"},
				"east": {"uv": [12, 4.5, 13.25, 6.75], "texture": "#1"},
				"south": {"uv": [9.75, 2.25, 11.75, 4.5], "texture": "#1"},
				"west": {"uv": [13.25, 4.5, 14.5, 6.75], "texture": "#1"},
				"up": {"uv": [15.5, 1.25, 13.5, 0], "texture": "#1"},
				"down": {"uv": [15.5, 1.25, 13.5, 2.5], "texture": "#1"}
			}
		},
		{
			"from": [11.5, 0, 1],
			"to": [14.5, 3, 6],
			"rotation": {"angle": -22.5, "axis": "y", "origin": [11, 2, 3.5]},
			"faces": {
				"north": {"uv": [6.5, 3, 7.25, 3.75], "texture": "#1"},
				"east": {"uv": [4.5, 6.75, 5.75, 7.5], "texture": "#1"},
				"south": {"uv": [6.5, 6.75, 7.25, 7.5], "texture": "#1"},
				"west": {"uv": [5.75, 6.75, 7, 7.5], "texture": "#1"},
				"up": {"uv": [7.75, 5.5, 7, 4.25], "texture": "#1"},
				"down": {"uv": [7.75, 5.5, 7, 6.75], "texture": "#1"}
			}
		},
		{
			"from": [3.5, 0, 1],
			"to": [6.5, 3, 6],
			"rotation": {"angle": 22.5, "axis": "y", "origin": [5, 2, 3.5]},
			"faces": {
				"north": {"uv": [6.75, 7.5, 7.5, 8.25], "texture": "#1"},
				"east": {"uv": [5.75, 6.75, 7, 7.5], "texture": "#1"},
				"south": {"uv": [6.5, 7.5, 7.25, 8.25], "texture": "#1"},
				"west": {"uv": [7.5, 2.5, 8.75, 3.25], "texture": "#1"},
				"up": {"uv": [5.25, 8.75, 4.5, 7.5], "texture": "#1"},
				"down": {"uv": [6, 7.5, 5.25, 8.75], "texture": "#1"}
			}
		},
		{
			"from": [12.27446, 2.15432, 4.30029],
			"to": [15.27446, 5.15432, 11.30029],
			"rotation": {"angle": 22.5, "axis": "y", "origin": [14.77446, 3.65432, 8.80029]},
			"faces": {
				"north": {"uv": [8.5, 4.75, 7.75, 5.5], "texture": "#1"},
				"east": {"uv": [1.5, 6.25, 2.25, 8], "rotation": 270, "texture": "#1"},
				"south": {"uv": [8.5, 4.75, 7.75, 4], "rotation": 180, "texture": "#1"},
				"west": {"uv": [0, 6.25, 0.75, 8], "rotation": 90, "texture": "#1"},
				"up": {"uv": [0.75, 6.25, 1.5, 8], "rotation": 180, "texture": "#1"},
				"down": {"uv": [6, 2.5, 6.75, 4.25], "texture": "#1"}
			}
		},
		{
			"from": [1.75, 2.46299, 3.30029],
			"to": [4.75, 5.46299, 10.30029],
			"rotation": {"angle": -22.5, "axis": "y", "origin": [3.25, 2.96299, 8.80029]},
			"faces": {
				"north": {"uv": [0.75, 8, 0, 8.75], "rotation": 270, "texture": "#1"},
				"east": {"uv": [3.75, 6.25, 4.5, 8], "rotation": 270, "texture": "#1"},
				"south": {"uv": [8.5, 6.25, 7.75, 5.5], "rotation": 270, "texture": "#1"},
				"west": {"uv": [2.25, 6.25, 3, 8], "rotation": 90, "texture": "#1"},
				"up": {"uv": [3, 6.25, 3.75, 8], "rotation": 180, "texture": "#1"},
				"down": {"uv": [6.75, 2.5, 7.5, 4.25], "texture": "#1"}
			}
		},
		{
			"from": [4.73044, 7.59149, 7],
			"to": [13.73044, 16.59149, 14],
			"rotation": {"angle": 0, "axis": "x", "origin": [9.31883, 9.4931, 9.08903]},
			"faces": {
				"north": {"uv": [2, 11.25, 4, 13.25], "texture": "#1"},
				"east": {"uv": [0, 11.25, 2, 13.25], "texture": "#1"},
				"south": {"uv": [6, 11.25, 8, 13.25], "texture": "#1"},
				"west": {"uv": [4, 11.25, 6, 13.25], "texture": "#1"},
				"up": {"uv": [4, 11.25, 2, 9.25], "texture": "#1"},
				"down": {"uv": [6, 9.25, 4, 11.25], "texture": "#1"}
			}
		},
		{
			"from": [5.94412, 16.73545, 10],
			"to": [8.94412, 20.73545, 10],
			"rotation": {"angle": -45, "axis": "z", "origin": [9.31883, 9.4931, 9.08903]},
			"faces": {
				"north": {"uv": [8.5, 4.225, 10, 6.225], "texture": "#1"},
				"east": {"uv": [0, 11.25, 2, 13.25], "texture": "#1"},
				"south": {"uv": [10, 4.225, 8.5, 6.225], "texture": "#1"},
				"west": {"uv": [4, 11.25, 6, 13.25], "texture": "#1"},
				"up": {"uv": [4, 11.25, 2, 9.25], "texture": "#1"},
				"down": {"uv": [6, 9.25, 4, 11.25], "texture": "#1"}
			}
		},
		{
			"from": [9.56854, 16.61045, 10],
			"to": [12.56854, 20.61045, 10],
			"rotation": {"angle": 45, "axis": "z", "origin": [9.31883, 9.4931, 9.08903]},
			"faces": {
				"north": {"uv": [10, 4.225, 8.5, 6.225], "texture": "#1"},
				"east": {"uv": [0, 11.25, 2, 13.25], "texture": "#1"},
				"south": {"uv": [8.5, 4.225, 10, 6.225], "texture": "#1"},
				"west": {"uv": [4, 11.25, 6, 13.25], "texture": "#1"},
				"up": {"uv": [4, 11.25, 2, 9.25], "texture": "#1"},
				"down": {"uv": [6, 9.25, 4, 11.25], "texture": "#1"}
			}
		},
		{
			"from": [4.73044, 7.59149, 6.75],
			"to": [13.73044, 16.59149, 6.75],
			"rotation": {"angle": 0, "axis": "x", "origin": [9.31883, 9.4931, 9.08903]},
			"faces": {
				"north": {"uv": [2, 13.25, 4, 15.25], "texture": "#1"},
				"east": {"uv": [0, 11.25, 2, 13.25], "texture": "#1"},
				"south": {"uv": [4, 13.25, 6, 15.25], "texture": "#1"},
				"west": {"uv": [4, 11.25, 6, 13.25], "texture": "#1"},
				"up": {"uv": [4, 11.25, 2, 9.25], "texture": "#1"},
				"down": {"uv": [6, 9.25, 4, 11.25], "texture": "#1"}
			}
		},
		{
			"from": [6, -1.1209, 13.99758],
			"to": [11, 11.8791, 13.99758],
			"rotation": {"angle": 45, "axis": "x", "origin": [8.75, 3.6835, 12.15727]},
			"faces": {
				"north": {"uv": [0, 0, 1.25, 3.75], "rotation": 180, "texture": "#1"},
				"east": {"uv": [0, 0, 3.25, 0], "rotation": 90, "texture": "#1"},
				"south": {"uv": [0, 3.75, 1.25, 0], "texture": "#1"},
				"west": {"uv": [0, 0, 3.25, 0], "rotation": 270, "texture": "#1"},
				"up": {"uv": [0, 0, 1.25, 0], "texture": "#1"},
				"down": {"uv": [0, 0, 1.25, 0], "rotation": 180, "texture": "#1"}
			}
		},
		{
			"from": [6, 0, 0],
			"to": [12, 6, 6],
			"faces": {
				"north": {"uv": [0, 6, 3, 12], "texture": "#2"},
				"east": {"uv": [6, 0, 9, 6], "texture": "#2"},
				"south": {"uv": [3, 0, 6, 6], "texture": "#2"},
				"west": {"uv": [9, 6, 12, 12], "texture": "#2"},
				"up": {"uv": [6, 6, 9, 12], "texture": "#2"},
				"down": {"uv": [3, 6, 6, 12], "texture": "#2"}
			}
		}
	],
	"display": {
		"thirdperson_righthand": {
			"rotation": [70, 0, 0],
			"translation": [0, 1.5, 4.5],
			"scale": [0.7, 0.7, 0.7]
		},
		"thirdperson_lefthand": {
			"rotation": [70, 0, 0],
			"translation": [0, 1.5, 4.5],
			"scale": [0.7, 0.7, 0.7]
		},
		"firstperson_righthand": {
			"rotation": [0, 144, 0],
			"translation": [0, 2, 0]
		},
		"firstperson_lefthand": {
			"rotation": [0, 144, 0],
			"translation": [0, 2, 0]
		},
		"ground": {
			"translation": [0, 1.25, 0],
			"scale": [0.75, 0.75, 0.75]
		},
		"gui": {
			"rotation": [0, 159, 0],
			"translation": [0, -0.5, 0],
			"scale": [0.8, 0.8, 0.8]
		},
		"head": {
			"translation": [-1, 14.5, 0]
		},
		"fixed": {
			"rotation": [-90, 0, 0],
			"translation": [-3.5, -0.5, -20],
			"scale": [2.5, 2.5, 2.5]
		}
	}
}