{
	"credit": "Made with Blockbench",
	"texture_size": [64, 64],
	"textures": {
		"0": "item/expansions/store",
		"particle": "item/expansions/store"
	},
	"elements": [
		{
			"from": [26, 11, -16],
			"to": [28, 13, 16],
			"rotation": {"angle": 0, "axis": "y", "origin": [16, 6, 17]},
			"faces": {
				"north": {"uv": [8, 7, 8.25, 7.25], "texture": "#0"},
				"east": {"uv": [4, 6.25, 7, 6.5], "texture": "#0"},
				"south": {"uv": [8, 7.25, 8.25, 7.5], "texture": "#0"},
				"west": {"uv": [6.5, 2.5, 9.5, 2.75], "texture": "#0"},
				"up": {"uv": [0.25, 9.25, 0, 6.25], "texture": "#0"},
				"down": {"uv": [0.5, 6.25, 0.25, 9.25], "texture": "#0"}
			}
		},
		{
			"from": [-10, 11, -16],
			"to": [26, 13, -14],
			"rotation": {"angle": 0, "axis": "y", "origin": [16, 6, 17]},
			"faces": {
				"north": {"uv": [6.5, 3.25, 9, 3.5], "texture": "#0"},
				"east": {"uv": [7.5, 8, 7.75, 8.25], "texture": "#0"},
				"south": {"uv": [6.5, 3.5, 9, 3.75], "texture": "#0"},
				"west": {"uv": [8, 7.5, 8.25, 7.75], "texture": "#0"},
				"up": {"uv": [9, 4, 6.5, 3.75], "texture": "#0"},
				"down": {"uv": [6.5, 6.5, 4, 6.75], "texture": "#0"}
			}
		},
		{
			"from": [8, 11, -14],
			"to": [26, 13, 14],
			"rotation": {"angle": 0, "axis": "y", "origin": [16, 6, 17]},
			"faces": {
				"north": {"uv": [6.5, 4, 9, 4.25], "texture": "#0"},
				"east": {"uv": [6.5, 4.25, 9, 4.5], "texture": "#0"},
				"south": {"uv": [6.5, 4.5, 9, 4.75], "texture": "#0"},
				"west": {"uv": [6.5, 4.75, 9, 5], "texture": "#0"},
				"up": {"uv": [2.5, 2.5, 0, 0], "texture": "#0"},
				"down": {"uv": [2.5, 2.5, 0, 5], "texture": "#0"}
			}
		},
		{
			"from": [-10, 11, -14],
			"to": [8, 13, 14],
			"rotation": {"angle": 0, "axis": "y", "origin": [16, 6, 17]},
			"faces": {
				"north": {"uv": [6.5, 4, 9, 4.25], "texture": "#0"},
				"east": {"uv": [6.5, 4.25, 9, 4.5], "texture": "#0"},
				"south": {"uv": [6.5, 4.5, 9, 4.75], "texture": "#0"},
				"west": {"uv": [6.5, 4.75, 9, 5], "texture": "#0"},
				"up": {"uv": [2.5, 2.5, 0, 0], "texture": "#0"},
				"down": {"uv": [2.5, 2.5, 0, 5], "texture": "#0"}
			}
		},
		{
			"from": [-12, 11, -16],
			"to": [-10, 13, 16],
			"rotation": {"angle": 0, "axis": "y", "origin": [16, 6, 17]},
			"faces": {
				"north": {"uv": [7.75, 8, 8, 8.25], "texture": "#0"},
				"east": {"uv": [6.5, 2.75, 9.5, 3], "texture": "#0"},
				"south": {"uv": [8, 7.75, 8.25, 8], "texture": "#0"},
				"west": {"uv": [6.5, 3, 9.5, 3.25], "texture": "#0"},
				"up": {"uv": [0.75, 9.25, 0.5, 6.25], "texture": "#0"},
				"down": {"uv": [1, 6.25, 0.75, 9.25], "texture": "#0"}
			}
		},
		{
			"from": [-10, 11, 14],
			"to": [26, 13, 16],
			"rotation": {"angle": 0, "axis": "y", "origin": [16, 6, 17]},
			"faces": {
				"north": {"uv": [6.5, 5, 9, 5.25], "texture": "#0"},
				"east": {"uv": [8, 8, 8.25, 8.25], "texture": "#0"},
				"south": {"uv": [6.5, 5.25, 9, 5.5], "texture": "#0"},
				"west": {"uv": [8.25, 0, 8.5, 0.25], "texture": "#0"},
				"up": {"uv": [9, 5.75, 6.5, 5.5], "texture": "#0"},
				"down": {"uv": [9, 5.75, 6.5, 6], "texture": "#0"}
			}
		},
		{
			"from": [-12, 0, -16],
			"to": [-8, 11, -12],
			"rotation": {"angle": 0, "axis": "y", "origin": [16, 6, 17]},
			"faces": {
				"north": {"uv": [1, 6.25, 1.5, 7.5], "texture": "#0"},
				"east": {"uv": [1.5, 6.25, 2, 7.5], "texture": "#0"},
				"south": {"uv": [6.5, 6.5, 7, 7.75], "texture": "#0"},
				"west": {"uv": [6.75, 0, 7.25, 1.25], "texture": "#0"},
				"up": {"uv": [2.5, 5.5, 2, 5], "texture": "#0"},
				"down": {"uv": [4.5, 5.75, 4, 6.25], "texture": "#0"}
			}
		},
		{
			"from": [-12, 0, 12],
			"to": [-8, 11, 16],
			"rotation": {"angle": 0, "axis": "y", "origin": [16, 6, 17]},
			"faces": {
				"north": {"uv": [6.75, 1.25, 7.25, 2.5], "texture": "#0"},
				"east": {"uv": [4, 6.75, 4.5, 8], "texture": "#0"},
				"south": {"uv": [4.5, 6.75, 5, 8], "texture": "#0"},
				"west": {"uv": [5, 6.75, 5.5, 8], "texture": "#0"},
				"up": {"uv": [8, 6.5, 7.5, 6], "texture": "#0"},
				"down": {"uv": [8, 6.5, 7.5, 7], "texture": "#0"}
			}
		},
		{
			"from": [24, 0, 12],
			"to": [28, 11, 16],
			"rotation": {"angle": 0, "axis": "y", "origin": [16, 6, 17]},
			"faces": {
				"north": {"uv": [5.5, 6.75, 6, 8], "texture": "#0"},
				"east": {"uv": [6, 6.75, 6.5, 8], "texture": "#0"},
				"south": {"uv": [2, 7, 2.5, 8.25], "texture": "#0"},
				"west": {"uv": [2.5, 7, 3, 8.25], "texture": "#0"},
				"up": {"uv": [8, 7.5, 7.5, 7], "texture": "#0"},
				"down": {"uv": [8, 7.5, 7.5, 8], "texture": "#0"}
			}
		},
		{
			"from": [24, 0, -16],
			"to": [28, 11, -12],
			"rotation": {"angle": 0, "axis": "y", "origin": [16, 6, 17]},
			"faces": {
				"north": {"uv": [3, 7, 3.5, 8.25], "texture": "#0"},
				"east": {"uv": [3.5, 7, 4, 8.25], "texture": "#0"},
				"south": {"uv": [7, 6, 7.5, 7.25], "texture": "#0"},
				"west": {"uv": [7.25, 0, 7.75, 1.25], "texture": "#0"},
				"up": {"uv": [8.25, 0.5, 7.75, 0], "texture": "#0"},
				"down": {"uv": [8.25, 0.5, 7.75, 1], "texture": "#0"}
			}
		},
		{
			"from": [0, 0, -14],
			"to": [16, 10, 12],
			"rotation": {"angle": 0, "axis": "y", "origin": [16, 6, 17]},
			"faces": {
				"north": {"uv": [2.5, 4.5, 4.5, 5.75], "texture": "#0"},
				"east": {"uv": [4.5, 0, 6.75, 1.25], "texture": "#0"},
				"south": {"uv": [4.5, 2.5, 6.5, 3.75], "texture": "#0"},
				"west": {"uv": [4.5, 1.25, 6.75, 2.5], "texture": "#0"},
				"up": {"uv": [4.5, 2.25, 2.5, 0], "texture": "#0"},
				"down": {"uv": [4.5, 2.25, 2.5, 4.5], "texture": "#0"}
			}
		},
		{
			"from": [16, 0, -14],
			"to": [24, 11, 12],
			"rotation": {"angle": 0, "axis": "y", "origin": [16, 6, 17]},
			"faces": {
				"north": {"uv": [7.25, 1.25, 7.5, 2.5], "texture": "#0"},
				"east": {"uv": [4.5, 3.75, 6.5, 5], "texture": "#0"},
				"south": {"uv": [7.5, 1.25, 7.75, 2.5], "texture": "#0"},
				"west": {"uv": [0, 5, 2, 6.25], "texture": "#0"},
				"up": {"uv": [7.25, 9.25, 7, 7.25], "texture": "#0"},
				"down": {"uv": [7.5, 7.25, 7.25, 9.25], "texture": "#0"}
			}
		},
		{
			"from": [-8, 0, -14],
			"to": [0, 11, 12],
			"rotation": {"angle": 0, "axis": "y", "origin": [16, 6, 17]},
			"faces": {
				"north": {"uv": [1.5, 7.5, 1.75, 8.75], "texture": "#0"},
				"east": {"uv": [4.5, 5, 6.5, 6.25], "texture": "#0"},
				"south": {"uv": [1.75, 7.5, 2, 8.75], "texture": "#0"},
				"west": {"uv": [2, 5.75, 4, 7], "texture": "#0"},
				"up": {"uv": [1.25, 9.5, 1, 7.5], "texture": "#0"},
				"down": {"uv": [1.5, 7.5, 1.25, 9.5], "texture": "#0"}
			}
		},
		{
			"from": [-1, 10, -14],
			"to": [16, 11, 4],
			"rotation": {"angle": 0, "axis": "y", "origin": [16, 6, 17]},
			"faces": {
				"north": {"uv": [1.5, 7.5, 1.75, 8.75], "texture": "#0"},
				"east": {"uv": [4.5, 5, 6.5, 6.25], "texture": "#0"},
				"south": {"uv": [1.75, 7.5, 2, 8.75], "texture": "#0"},
				"west": {"uv": [2, 5.75, 4, 7], "texture": "#0"},
				"up": {"uv": [1.25, 9.5, 1, 7.5], "texture": "#0"},
				"down": {"uv": [1.5, 7.5, 1.25, 9.5], "texture": "#0"}
			}
		},
		{
			"from": [11.5, 0, -16],
			"to": [15.5, 2, -14],
			"rotation": {"angle": 0, "axis": "y", "origin": [16, 6, 17]},
			"faces": {
				"north": {"uv": [2, 5.5, 2.5, 5.75], "texture": "#0"},
				"east": {"uv": [8.25, 0.25, 8.5, 0.5], "texture": "#0"},
				"south": {"uv": [6.5, 6, 7, 6.25], "texture": "#0"},
				"west": {"uv": [8.25, 0.5, 8.5, 0.75], "texture": "#0"},
				"up": {"uv": [8.25, 2.25, 7.75, 2], "texture": "#0"},
				"down": {"uv": [8.25, 2.25, 7.75, 2.5], "texture": "#0"}
			}
		},
		{
			"from": [0.5, 0, -16],
			"to": [4.5, 2, -14],
			"rotation": {"angle": 0, "axis": "y", "origin": [16, 6, 17]},
			"faces": {
				"north": {"uv": [6.5, 7.75, 7, 8], "texture": "#0"},
				"east": {"uv": [8.25, 0.75, 8.5, 1], "texture": "#0"},
				"south": {"uv": [4, 8, 4.5, 8.25], "texture": "#0"},
				"west": {"uv": [2, 8.25, 2.25, 8.5], "texture": "#0"},
				"up": {"uv": [5, 8.25, 4.5, 8], "texture": "#0"},
				"down": {"uv": [5.5, 8, 5, 8.25], "texture": "#0"}
			}
		},
		{
			"from": [10, 0, -15],
			"to": [11, 4, -14],
			"rotation": {"angle": 0, "axis": "y", "origin": [16, 6, 17]},
			"faces": {
				"north": {"uv": [5.5, 8, 5.75, 8.5], "texture": "#0"},
				"east": {"uv": [5.75, 8, 6, 8.5], "texture": "#0"},
				"south": {"uv": [6, 8, 6.25, 8.5], "texture": "#0"},
				"west": {"uv": [8, 6, 8.25, 6.5], "texture": "#0"},
				"up": {"uv": [8.5, 2.25, 8.25, 2], "texture": "#0"},
				"down": {"uv": [2.5, 8.25, 2.25, 8.5], "texture": "#0"}
			}
		},
		{
			"from": [5, 0, -15],
			"to": [6, 4, -14],
			"rotation": {"angle": 0, "axis": "y", "origin": [16, 6, 17]},
			"faces": {
				"north": {"uv": [6.25, 8, 6.5, 8.5], "texture": "#0"},
				"east": {"uv": [6.5, 8, 6.75, 8.5], "texture": "#0"},
				"south": {"uv": [8, 6.5, 8.25, 7], "texture": "#0"},
				"west": {"uv": [6.75, 8, 7, 8.5], "texture": "#0"},
				"up": {"uv": [8.5, 2.5, 8.25, 2.25], "texture": "#0"},
				"down": {"uv": [2.75, 8.25, 2.5, 8.5], "texture": "#0"}
			}
		},
		{
			"from": [5, 4, -15],
			"to": [11, 5, -14],
			"rotation": {"angle": 0, "axis": "y", "origin": [16, 6, 17]},
			"faces": {
				"north": {"uv": [7.75, 1, 8.5, 1.25], "texture": "#0"},
				"east": {"uv": [2.75, 8.25, 3, 8.5], "texture": "#0"},
				"south": {"uv": [7.75, 1.25, 8.5, 1.5], "texture": "#0"},
				"west": {"uv": [3, 8.25, 3.25, 8.5], "texture": "#0"},
				"up": {"uv": [8.5, 1.75, 7.75, 1.5], "texture": "#0"},
				"down": {"uv": [8.5, 1.75, 7.75, 2], "texture": "#0"}
			}
		}
	],
	"display": {
		"thirdperson_righthand": {
			"rotation": [133.51, 67.25, -96.96],
			"translation": [-1.75, 0, 1.5],
			"scale": [0.25, 0.25, 0.25]
		},
		"thirdperson_lefthand": {
			"rotation": [133.51, 67.25, -96.96],
			"translation": [-1.75, 0, 1.5],
			"scale": [0.25, 0.25, 0.25]
		},
		"firstperson_righthand": {
			"rotation": [129.82, 33.22, -166.81],
			"translation": [0, 0.5, -2.5],
			"scale": [0.5, 0.5, 0.5]
		},
		"firstperson_lefthand": {
			"rotation": [129.82, 33.22, -166.81],
			"translation": [0, 0.5, -2.5],
			"scale": [0.5, 0.5, 0.5]
		},
		"ground": {
			"scale": [0.5, 0.5, 0.5]
		},
		"gui": {
			"rotation": [24, 148, 0],
			"translation": [1, 0, 0],
			"scale": [0.5, 0.5, 0.5]
		},
		"fixed": {
			"rotation": [-90, 0, 0],
			"translation": [-2.75, 0.75, -8.25]
		}
	},
	"groups": [
		{
			"name": "store",
			"origin": [0, 0, 0],
			"color": 0,
			"children": [
				0,
				1,
				2,
				3,
				4,
				5,
				6,
				7,
				8,
				9,
				10,
				11,
				12,
				13,
				14,
				15,
				16,
				17,
				18,
				{
					"name": "store",
					"origin": [0, 0, 0],
					"color": 0,
					"children": []
				}
			]
		}
	]
}