{
	"credit": "Made with Blockbench",
	"texture_size": [64, 64],
	"textures": {
		"0": "item/expansions/billboard",
		"particle": "item/expansions/billboard"
	},
	"elements": [
		{
			"from": [-4, 0, 11],
			"to": [-2, 12, 13],
			"rotation": {"angle": 0, "axis": "y", "origin": [-8, 0, -8]},
			"faces": {
				"north": {"uv": [0, 8, 0.5, 11], "texture": "#0"},
				"east": {"uv": [0.5, 8, 1, 11], "texture": "#0"},
				"south": {"uv": [1, 8, 1.5, 11], "texture": "#0"},
				"west": {"uv": [1.5, 8, 2, 11], "texture": "#0"},
				"up": {"uv": [7, 8.5, 6.5, 8], "texture": "#0"},
				"down": {"uv": [8.5, 7.5, 8, 8], "texture": "#0"}
			}
		},
		{
			"from": [-4, 14, 11],
			"to": [-2, 16, 13],
			"rotation": {"angle": 0, "axis": "y", "origin": [-8, 0, -8]},
			"faces": {
				"north": {"uv": [4.5, 8.5, 5, 9], "texture": "#0"},
				"east": {"uv": [5, 8.5, 5.5, 9], "texture": "#0"},
				"south": {"uv": [5.5, 8.5, 6, 9], "texture": "#0"},
				"west": {"uv": [6, 8.5, 6.5, 9], "texture": "#0"},
				"up": {"uv": [7, 9, 6.5, 8.5], "texture": "#0"},
				"down": {"uv": [9, 7.5, 8.5, 8], "texture": "#0"}
			}
		},
		{
			"from": [18, 14, 11],
			"to": [20, 16, 13],
			"rotation": {"angle": 0, "axis": "y", "origin": [-8, 0, -8]},
			"faces": {
				"north": {"uv": [8, 8.5, 8.5, 9], "texture": "#0"},
				"east": {"uv": [8.5, 8, 9, 8.5], "texture": "#0"},
				"south": {"uv": [8.5, 8.5, 9, 9], "texture": "#0"},
				"west": {"uv": [4, 9, 4.5, 9.5], "texture": "#0"},
				"up": {"uv": [5, 9.5, 4.5, 9], "texture": "#0"},
				"down": {"uv": [5.5, 9, 5, 9.5], "texture": "#0"}
			}
		},
		{
			"from": [-6, 16, 11],
			"to": [22, 32, 13],
			"rotation": {"angle": 0, "axis": "y", "origin": [-8, 0, -8]},
			"faces": {
				"north": {"uv": [0, 0, 7, 4], "texture": "#0"},
				"east": {"uv": [7, 7, 7.5, 11], "texture": "#0"},
				"south": {"uv": [0, 4, 7, 8], "texture": "#0"},
				"west": {"uv": [7.5, 7, 8, 11], "texture": "#0"},
				"up": {"uv": [14, 5.5, 7, 5], "texture": "#0"},
				"down": {"uv": [14, 5.5, 7, 6], "texture": "#0"}
			}
		},
		{
			"from": [18, 0, 11],
			"to": [20, 12, 13],
			"rotation": {"angle": 0, "axis": "y", "origin": [-8, 0, -8]},
			"faces": {
				"north": {"uv": [2, 8, 2.5, 11], "texture": "#0"},
				"east": {"uv": [2.5, 8, 3, 11], "texture": "#0"},
				"south": {"uv": [3, 8, 3.5, 11], "texture": "#0"},
				"west": {"uv": [3.5, 8, 4, 11], "texture": "#0"},
				"up": {"uv": [8.5, 8.5, 8, 8], "texture": "#0"},
				"down": {"uv": [4.5, 8.5, 4, 9], "texture": "#0"}
			}
		},
		{
			"from": [-6, 12, 3],
			"to": [22, 14, 13],
			"rotation": {"angle": 0, "axis": "y", "origin": [-8, 0, -8]},
			"faces": {
				"north": {"uv": [7, 6, 14, 6.5], "texture": "#0"},
				"east": {"uv": [4, 8, 6.5, 8.5], "texture": "#0"},
				"south": {"uv": [7, 6.5, 14, 7], "texture": "#0"},
				"west": {"uv": [8, 7, 10.5, 7.5], "texture": "#0"},
				"up": {"uv": [14, 2.5, 7, 0], "texture": "#0"},
				"down": {"uv": [14, 2.5, 7, 5], "texture": "#0"}
			}
		}
	],
	"display": {
		"thirdperson_righthand": {
			"translation": [0.25, 0, 0],
			"scale": [0.25, 0.25, 0.25]
		},
		"thirdperson_lefthand": {
			"translation": [0.25, 0, 0],
			"scale": [0.25, 0.25, 0.25]
		},
		"firstperson_righthand": {
			"rotation": [0, 133, 0],
			"translation": [0, -1.75, -0.25],
			"scale": [0.5, 0.5, 0.5]
		},
		"firstperson_lefthand": {
			"rotation": [0, 133, 0],
			"translation": [0, -1.75, -0.25],
			"scale": [0.5, 0.5, 0.5]
		},
		"gui": {
			"rotation": [0, 159, 0],
			"translation": [0, -4.5, 0],
			"scale": [0.5, 0.5, 0.5]
		},
		"fixed": {
			"rotation": [-90, 0, 0],
			"translation": [0, 7.75, -7.5]
		}
	}
}