{
	"credit": "Made with Blockbench",
	"texture_size": [32, 32],
	"textures": {
		"0": "item/cars/weedy",
		"1": "item/cars/wheel",
		"2": "item/cars/weedother",
		"particle": "item/cars/weedy"
	},
	"elements": [
		{
			"name": "left2",
			"from": [0, 4, 0],
			"to": [2, 12, 16],
			"rotation": {"angle": 0, "axis": "y", "origin": [10, 3.5, 8]},
			"faces": {
				"north": {"uv": [3.25, 6.375, 3.5, 7.375], "texture": "#0"},
				"east": {"uv": [4, 0, 6, 1], "texture": "#0"},
				"south": {"uv": [3.5, 6.375, 3.75, 7.375], "texture": "#0"},
				"west": {"uv": [4, 1, 6, 2], "texture": "#0"},
				"up": {"uv": [6.25, 3.25, 6, 1.25], "texture": "#0"},
				"down": {"uv": [6.25, 3.25, 6, 5.25], "texture": "#0"}
			}
		},
		{
			"name": "right2",
			"from": [14, 4, 0],
			"to": [16, 12, 16],
			"rotation": {"angle": 0, "axis": "y", "origin": [10, 3.5, 8]},
			"faces": {
				"north": {"uv": [3.75, 6.375, 4, 7.375], "texture": "#0"},
				"east": {"uv": [4, 2, 6, 3], "texture": "#0"},
				"south": {"uv": [6.5, 1.5, 6.75, 2.5], "texture": "#0"},
				"west": {"uv": [4, 3, 6, 4], "texture": "#0"},
				"up": {"uv": [6.25, 7.25, 6, 5.25], "texture": "#0"},
				"down": {"uv": [6.5, 1.25, 6.25, 3.25], "texture": "#0"}
			}
		},
		{
			"name": "front2",
			"from": [0, 4, -11],
			"to": [16, 12, 0],
			"rotation": {"angle": 0, "axis": "y", "origin": [10, 3.5, 8]},
			"faces": {
				"north": {"uv": [4, 4, 6, 5], "texture": "#0"},
				"east": {"uv": [4, 6.5, 4.25, 7.5], "texture": "#0"},
				"south": {"uv": [0, 4.875, 2, 5.875], "texture": "#0"},
				"west": {"uv": [4.25, 6.5, 4.5, 7.5], "texture": "#0"},
				"up": {"uv": [8.25, 3.5, 6.25, 3.25], "texture": "#0"},
				"down": {"uv": [8.25, 3.5, 6.25, 3.75], "texture": "#0"}
			}
		},
		{
			"name": "back2",
			"from": [0, 2, 16],
			"to": [16, 12, 26],
			"rotation": {"angle": 0, "axis": "y", "origin": [10, 3.5, 8]},
			"faces": {
				"north": {"uv": [0, 3.625, 2, 4.875], "texture": "#0"},
				"east": {"uv": [6.25, 5.75, 6.5, 7], "texture": "#0"},
				"south": {"uv": [2, 3.625, 4, 4.875], "texture": "#0"},
				"west": {"uv": [0, 6.375, 0.25, 7.625], "texture": "#0"},
				"up": {"uv": [8.25, 4, 6.25, 3.75], "texture": "#0"},
				"down": {"uv": [8.25, 4, 6.25, 4.25], "texture": "#0"}
			}
		},
		{
			"name": "back2",
			"from": [0, 12, 16],
			"to": [16, 22, 26],
			"rotation": {"angle": 0, "axis": "y", "origin": [10, 3.5, 8]},
			"faces": {
				"north": {"uv": [0, 7.75, 2, 9], "texture": "#0"},
				"east": {"uv": [6.25, 9.875, 6.5, 11.125], "texture": "#0"},
				"south": {"uv": [2, 7.75, 4, 9], "texture": "#0"},
				"west": {"uv": [0, 10.5, 0.25, 11.75], "texture": "#0"},
				"up": {"uv": [8.25, 8.125, 6.25, 7.875], "texture": "#0"},
				"down": {"uv": [8.25, 8.125, 6.25, 8.375], "texture": "#0"}
			}
		},
		{
			"name": "base",
			"from": [0, 2, 2],
			"to": [16, 3, 13],
			"rotation": {"angle": 0, "axis": "y", "origin": [10, 3.5, 8]},
			"faces": {
				"north": {"uv": [6.5, 2.5, 8.5, 2.625], "texture": "#0"},
				"east": {"uv": [6.5, 2.75, 7.875, 2.875], "texture": "#0"},
				"south": {"uv": [6.5, 2.625, 8.5, 2.75], "texture": "#0"},
				"west": {"uv": [6.5, 2.875, 7.875, 3], "texture": "#0"},
				"up": {"uv": [2, 3.625, 0, 2.25], "texture": "#0"},
				"down": {"uv": [4, 2.25, 2, 3.625], "texture": "#0"}
			}
		},
		{
			"name": "sittingspce",
			"from": [0, 3, -11],
			"to": [16, 4, 16],
			"rotation": {"angle": 0, "axis": "y", "origin": [10, 3.5, 8]},
			"faces": {
				"north": {"uv": [6.5, 1.25, 8.5, 1.375], "texture": "#0"},
				"east": {"uv": [0.25, 6.375, 2.5, 6.5], "texture": "#0"},
				"south": {"uv": [6.5, 1.375, 8.5, 1.5], "texture": "#0"},
				"west": {"uv": [0.25, 6.5, 2.5, 6.625], "texture": "#0"},
				"up": {"uv": [2, 2.25, 0, 0], "texture": "#0"},
				"down": {"uv": [4, 0, 2, 2.25], "texture": "#0"}
			}
		},
		{
			"name": "ear2",
			"from": [-3, 10, -2],
			"to": [0, 12, -1],
			"rotation": {"angle": 0, "axis": "y", "origin": [10, 3.5, 8]},
			"faces": {
				"north": {"uv": [0, 7, 1.5, 8], "texture": "#2"},
				"east": {"uv": [3.5, 8, 4, 9], "texture": "#2"},
				"south": {"uv": [7, 0, 8.5, 1], "texture": "#2"},
				"west": {"uv": [4, 8, 4.5, 9], "texture": "#2"},
				"up": {"uv": [9.5, 4.5, 8, 4], "texture": "#2"},
				"down": {"uv": [9.5, 4.5, 8, 5], "texture": "#2"}
			}
		},
		{
			"name": "ear1",
			"from": [16, 10, -2],
			"to": [19, 12, -1],
			"rotation": {"angle": 0, "axis": "y", "origin": [10, 3.5, 8]},
			"faces": {
				"north": {"uv": [7, 1, 8.5, 2], "texture": "#2"},
				"east": {"uv": [8, 6, 8.5, 7], "texture": "#2"},
				"south": {"uv": [1.5, 7, 3, 8], "texture": "#2"},
				"west": {"uv": [7, 8, 7.5, 9], "texture": "#2"},
				"up": {"uv": [9.5, 5.5, 8, 5], "texture": "#2"},
				"down": {"uv": [9.5, 5.5, 8, 6], "texture": "#2"}
			}
		},
		{
			"name": "wheel1",
			"from": [-1, 0.5, 13.25],
			"to": [1, 3, 15.75],
			"faces": {
				"north": {"uv": [14, 0, 16, 3], "texture": "#1"},
				"east": {"uv": [3, 3, 11, 11], "texture": "#1"},
				"south": {"uv": [14, 0, 16, 3], "texture": "#1"},
				"west": {"uv": [3, 3, 11, 11], "rotation": 90, "texture": "#1"},
				"up": {"uv": [14, 3, 16, 0], "texture": "#1"},
				"down": {"uv": [16, 0, 14, 3], "texture": "#1"}
			}
		},
		{
			"name": "wheel2",
			"from": [-1, 0.5, -1.25],
			"to": [1, 3, 1.25],
			"faces": {
				"north": {"uv": [14, 0, 16, 3], "texture": "#1"},
				"east": {"uv": [3, 3, 11, 11], "texture": "#1"},
				"south": {"uv": [14, 0, 16, 3], "texture": "#1"},
				"west": {"uv": [3, 3, 11, 11], "rotation": 90, "texture": "#1"},
				"up": {"uv": [14, 3, 16, 0], "texture": "#1"},
				"down": {"uv": [16, 0, 14, 3], "texture": "#1"}
			}
		},
		{
			"name": "wheel3",
			"from": [15, 0.5, 13.25],
			"to": [17, 3, 15.75],
			"faces": {
				"north": {"uv": [14, 0, 16, 3], "texture": "#1"},
				"east": {"uv": [3, 3, 11, 11], "texture": "#1"},
				"south": {"uv": [14, 0, 16, 3], "texture": "#1"},
				"west": {"uv": [3, 3, 11, 11], "rotation": 90, "texture": "#1"},
				"up": {"uv": [14, 3, 16, 0], "texture": "#1"},
				"down": {"uv": [16, 0, 14, 3], "texture": "#1"}
			}
		},
		{
			"name": "wheel4",
			"from": [15, 0.5, -1.25],
			"to": [17, 3, 1.25],
			"faces": {
				"north": {"uv": [14, 0, 16, 3], "texture": "#1"},
				"east": {"uv": [3, 3, 11, 11], "texture": "#1"},
				"south": {"uv": [14, 0, 16, 3], "texture": "#1"},
				"west": {"uv": [3, 3, 11, 11], "rotation": 90, "texture": "#1"},
				"up": {"uv": [14, 3, 16, 0], "texture": "#1"},
				"down": {"uv": [16, 0, 14, 3], "texture": "#1"}
			}
		}
	],
	"display": {
		"thirdperson_righthand": {
			"translation": [0.25, 1.5, 3],
			"scale": [0.25, 0.25, 0.25]
		},
		"thirdperson_lefthand": {
			"translation": [0.25, 1.5, 3],
			"scale": [0.25, 0.25, 0.25]
		},
		"firstperson_righthand": {
			"rotation": [115.99, 61.58, -119.72],
			"translation": [0, 1.75, 2],
			"scale": [0.25, 0.25, 0.25]
		},
		"firstperson_lefthand": {
			"rotation": [115.99, 61.58, -119.72],
			"translation": [0, 1.75, 2],
			"scale": [0.25, 0.25, 0.25]
		},
		"ground": {
			"translation": [0, 1.5, 0]
		},
		"gui": {
			"rotation": [0, 144, 0],
			"scale": [0.5, 0.5, 0.5]
		},
		"head": {
			"scale": [1.07, 0.93, 0.74]
		},
		"fixed": {
			"rotation": [-90, 0, 0],
			"translation": [0, 0, -7.25]
		}
	}
}