{
	"credit": "Made with Blockbench",
	"texture_size": [128, 128],
	"textures": {
		"0": "item/cars/cart",
		"particle": "item/cars/cart"
	},
	"elements": [
		{
			"from": [0, 0, -5],
			"to": [2, 2, -3],
			"faces": {
				"north": {"uv": [7, 1.875, 7.25, 2.125], "texture": "#0"},
				"east": {"uv": [7, 2.125, 7.25, 2.375], "texture": "#0"},
				"south": {"uv": [7, 2.375, 7.25, 2.625], "texture": "#0"},
				"west": {"uv": [7, 2.625, 7.25, 2.875], "texture": "#0"},
				"up": {"uv": [7.25, 3.125, 7, 2.875], "texture": "#0"},
				"down": {"uv": [7.25, 3.125, 7, 3.375], "texture": "#0"}
			}
		},
		{
			"from": [14, 0, -5],
			"to": [16, 2, -3],
			"faces": {
				"north": {"uv": [7, 3.375, 7.25, 3.625], "texture": "#0"},
				"east": {"uv": [3.625, 7, 3.875, 7.25], "texture": "#0"},
				"south": {"uv": [7, 3.625, 7.25, 3.875], "texture": "#0"},
				"west": {"uv": [3.875, 7, 4.125, 7.25], "texture": "#0"},
				"up": {"uv": [4.375, 7.25, 4.125, 7], "texture": "#0"},
				"down": {"uv": [4.625, 7, 4.375, 7.25], "texture": "#0"}
			}
		},
		{
			"from": [0, 0, 17],
			"to": [2, 2, 19],
			"faces": {
				"north": {"uv": [6.125, 7, 6.375, 7.25], "texture": "#0"},
				"east": {"uv": [6.375, 7, 6.625, 7.25], "texture": "#0"},
				"south": {"uv": [6.625, 7, 6.875, 7.25], "texture": "#0"},
				"west": {"uv": [6.875, 7, 7.125, 7.25], "texture": "#0"},
				"up": {"uv": [0.25, 7.375, 0, 7.125], "texture": "#0"},
				"down": {"uv": [0.5, 7.125, 0.25, 7.375], "texture": "#0"}
			}
		},
		{
			"from": [14, 0, 17],
			"to": [16, 2, 19],
			"faces": {
				"north": {"uv": [4.625, 7, 4.875, 7.25], "texture": "#0"},
				"east": {"uv": [4.875, 7, 5.125, 7.25], "texture": "#0"},
				"south": {"uv": [5.125, 7, 5.375, 7.25], "texture": "#0"},
				"west": {"uv": [5.375, 7, 5.625, 7.25], "texture": "#0"},
				"up": {"uv": [5.875, 7.25, 5.625, 7], "texture": "#0"},
				"down": {"uv": [6.125, 7, 5.875, 7.25], "texture": "#0"}
			}
		},
		{
			"from": [0, 5, -5],
			"to": [16, 5.5, 19],
			"rotation": {"angle": 0, "axis": "y", "origin": [0, -6, 0]},
			"faces": {
				"north": {"uv": [7, 0.625, 9, 0.75], "texture": "#0"},
				"east": {"uv": [7, 0.125, 10, 0.25], "texture": "#0"},
				"south": {"uv": [7, 0.75, 9, 0.875], "texture": "#0"},
				"west": {"uv": [7, 0.25, 10, 0.375], "texture": "#0"},
				"up": {"uv": [2, 6.625, 0, 3.625], "texture": "#0"},
				"down": {"uv": [4, 3.625, 2, 6.625], "texture": "#0"}
			}
		},
		{
			"from": [0, 5.5, -5],
			"to": [16, 14.5, -5],
			"rotation": {"angle": 0, "axis": "y", "origin": [0, -6.5, 0]},
			"faces": {
				"north": {"uv": [4, 4, 6, 5], "texture": "#0"},
				"east": {"uv": [0, 0, 0, 1], "texture": "#0"},
				"south": {"uv": [4, 5, 6, 6], "texture": "#0"},
				"west": {"uv": [0, 0, 0, 1], "texture": "#0"},
				"up": {"uv": [2, 0, 0, 0], "texture": "#0"},
				"down": {"uv": [2, 0, 0, 0], "texture": "#0"}
			}
		},
		{
			"from": [0, 5.5, 19],
			"to": [16, 14.5, 19],
			"rotation": {"angle": 0, "axis": "y", "origin": [0, -6.5, 0]},
			"faces": {
				"north": {"uv": [4, 6, 6, 7], "texture": "#0"},
				"east": {"uv": [0, 0, 0, 1], "texture": "#0"},
				"south": {"uv": [6, 4, 8, 5], "texture": "#0"},
				"west": {"uv": [0, 0, 0, 1], "texture": "#0"},
				"up": {"uv": [2, 0, 0, 0], "texture": "#0"},
				"down": {"uv": [2, 0, 0, 0], "texture": "#0"}
			}
		},
		{
			"from": [0, 14.1, 18.2],
			"to": [16, 18.1, 18.2],
			"rotation": {"angle": 45, "axis": "x", "origin": [8, 13.5, 19]},
			"faces": {
				"north": {"uv": [6, 6, 8, 6.5], "texture": "#0"},
				"east": {"uv": [0, 0, 0, 0.5], "texture": "#0"},
				"south": {"uv": [6, 6.5, 8, 7], "texture": "#0"},
				"west": {"uv": [0, 0, 0, 0.5], "texture": "#0"},
				"up": {"uv": [2, 0, 0, 0], "texture": "#0"},
				"down": {"uv": [2, 0, 0, 0], "texture": "#0"}
			}
		},
		{
			"from": [0, 5.5, -5],
			"to": [0, 14.5, 19],
			"rotation": {"angle": 0, "axis": "y", "origin": [0, -6.5, 0]},
			"faces": {
				"north": {"uv": [0, 0, 0, 1], "texture": "#0"},
				"east": {"uv": [4, 0, 7, 1], "texture": "#0"},
				"south": {"uv": [0, 0, 0, 1], "texture": "#0"},
				"west": {"uv": [4, 1, 7, 2], "texture": "#0"},
				"up": {"uv": [0, 3, 0, 0], "texture": "#0"},
				"down": {"uv": [0, 0, 0, 3], "texture": "#0"}
			}
		},
		{
			"from": [16, 5.5, -5],
			"to": [16, 14.5, 19],
			"rotation": {"angle": 0, "axis": "y", "origin": [0, -6.5, 0]},
			"faces": {
				"north": {"uv": [0, 0, 0, 1], "texture": "#0"},
				"east": {"uv": [4, 2, 7, 3], "texture": "#0"},
				"south": {"uv": [0, 0, 0, 1], "texture": "#0"},
				"west": {"uv": [4, 3, 7, 4], "texture": "#0"},
				"up": {"uv": [0, 3, 0, 0], "texture": "#0"},
				"down": {"uv": [0, 0, 0, 3], "texture": "#0"}
			}
		},
		{
			"from": [0.75, 2, -3],
			"to": [1.25, 3, 0],
			"faces": {
				"north": {"uv": [0, 0, 0.25, 0.125], "texture": "#0"},
				"east": {"uv": [0, 0, 0.375, 0.125], "texture": "#0"},
				"south": {"uv": [0, 0, 0.25, 0.125], "texture": "#0"},
				"west": {"uv": [0.25, 0.125, 0.625, 0.25], "texture": "#0"},
				"up": {"uv": [0, 0, 0.25, 0.375], "texture": "#0"},
				"down": {"uv": [0, 0, 0.25, 0.375], "texture": "#0"}
			}
		},
		{
			"from": [1.25, 2, -2],
			"to": [14.75, 3, -1],
			"faces": {
				"north": {"uv": [0, 0, 1.5, 0.125], "texture": "#0"},
				"east": {"uv": [0, 0, 0.125, 0.125], "texture": "#0"},
				"south": {"uv": [0, 0, 1.5, 0.125], "texture": "#0"},
				"west": {"uv": [0.25, 0.125, 0.375, 0.25], "texture": "#0"},
				"up": {"uv": [0, 0, 1.5, 0.125], "texture": "#0"},
				"down": {"uv": [0, 0, 1.5, 0.125], "texture": "#0"}
			}
		},
		{
			"from": [14.75, 2, 16],
			"to": [15.25, 3, 17],
			"faces": {
				"north": {"uv": [0, 0, 0.25, 0.125], "texture": "#0"},
				"east": {"uv": [0, 0, 0.125, 0.125], "texture": "#0"},
				"south": {"uv": [0, 0, 0.25, 0.125], "texture": "#0"},
				"west": {"uv": [0.25, 0.125, 0.375, 0.25], "texture": "#0"},
				"up": {"uv": [0, 0, 0.25, 0.125], "texture": "#0"},
				"down": {"uv": [0, 0, 0.25, 0.125], "texture": "#0"}
			}
		},
		{
			"from": [0.75, 2, 16],
			"to": [1.25, 3, 17],
			"faces": {
				"north": {"uv": [0, 0, 0.25, 0.125], "texture": "#0"},
				"east": {"uv": [0, 0, 0.125, 0.125], "texture": "#0"},
				"south": {"uv": [0, 0, 0.25, 0.125], "texture": "#0"},
				"west": {"uv": [0.25, 0.125, 0.375, 0.25], "texture": "#0"},
				"up": {"uv": [0, 0, 0.25, 0.125], "texture": "#0"},
				"down": {"uv": [0, 0, 0.25, 0.125], "texture": "#0"}
			}
		},
		{
			"from": [14.75, 3, 14],
			"to": [15.25, 4, 16],
			"faces": {
				"north": {"uv": [0, 0, 0.25, 0.125], "texture": "#0"},
				"east": {"uv": [0, 0, 0.25, 0.125], "texture": "#0"},
				"south": {"uv": [0, 0, 0.25, 0.125], "texture": "#0"},
				"west": {"uv": [0.25, 0.125, 0.5, 0.25], "texture": "#0"},
				"up": {"uv": [0, 0, 0.25, 0.25], "texture": "#0"},
				"down": {"uv": [0, 0, 0.25, 0.25], "texture": "#0"}
			}
		},
		{
			"from": [0.75, 3, 14],
			"to": [1.25, 4, 16],
			"faces": {
				"north": {"uv": [0, 0, 0.25, 0.125], "texture": "#0"},
				"east": {"uv": [0, 0, 0.25, 0.125], "texture": "#0"},
				"south": {"uv": [0, 0, 0.25, 0.125], "texture": "#0"},
				"west": {"uv": [0.25, 0.125, 0.5, 0.25], "texture": "#0"},
				"up": {"uv": [0, 0, 0.25, 0.25], "texture": "#0"},
				"down": {"uv": [0, 0, 0.25, 0.25], "texture": "#0"}
			}
		},
		{
			"from": [14.75, 4, 12],
			"to": [15.25, 5, 14],
			"faces": {
				"north": {"uv": [0, 0, 0.25, 0.125], "texture": "#0"},
				"east": {"uv": [0, 0, 0.25, 0.125], "texture": "#0"},
				"south": {"uv": [0, 0, 0.25, 0.125], "texture": "#0"},
				"west": {"uv": [0.25, 0.125, 0.5, 0.25], "texture": "#0"},
				"up": {"uv": [0, 0, 0.25, 0.25], "texture": "#0"},
				"down": {"uv": [0, 0, 0.25, 0.25], "texture": "#0"}
			}
		},
		{
			"from": [0.75, 4, 12],
			"to": [1.25, 5, 14],
			"faces": {
				"north": {"uv": [0, 0, 0.25, 0.125], "texture": "#0"},
				"east": {"uv": [0, 0, 0.25, 0.125], "texture": "#0"},
				"south": {"uv": [0, 0, 0.25, 0.125], "texture": "#0"},
				"west": {"uv": [0.25, 0.125, 0.5, 0.25], "texture": "#0"},
				"up": {"uv": [0, 0, 0.25, 0.25], "texture": "#0"},
				"down": {"uv": [0, 0, 0.25, 0.25], "texture": "#0"}
			}
		},
		{
			"from": [0.75, 4, 8],
			"to": [1.25, 5, 11],
			"faces": {
				"north": {"uv": [0, 0, 0.25, 0.125], "texture": "#0"},
				"east": {"uv": [0, 0, 0.375, 0.125], "texture": "#0"},
				"south": {"uv": [0, 0, 0.25, 0.125], "texture": "#0"},
				"west": {"uv": [0.25, 0.125, 0.625, 0.25], "texture": "#0"},
				"up": {"uv": [0, 0, 0.25, 0.375], "texture": "#0"},
				"down": {"uv": [0, 0, 0.25, 0.375], "texture": "#0"}
			}
		},
		{
			"from": [14.75, 2, -3],
			"to": [15.25, 3, 0],
			"faces": {
				"north": {"uv": [0, 0, 0.25, 0.125], "texture": "#0"},
				"east": {"uv": [0, 0, 0.375, 0.125], "texture": "#0"},
				"south": {"uv": [0, 0, 0.25, 0.125], "texture": "#0"},
				"west": {"uv": [0.25, 0.125, 0.625, 0.25], "texture": "#0"},
				"up": {"uv": [0, 0, 0.25, 0.375], "texture": "#0"},
				"down": {"uv": [0, 0, 0.25, 0.375], "texture": "#0"}
			}
		},
		{
			"from": [14.75, 3, 0],
			"to": [15.25, 4, 8],
			"faces": {
				"north": {"uv": [0, 0, 0.25, 0.125], "texture": "#0"},
				"east": {"uv": [0, 0, 1, 0.125], "texture": "#0"},
				"south": {"uv": [0, 0, 0.25, 0.125], "texture": "#0"},
				"west": {"uv": [0.25, 0.125, 1.25, 0.25], "texture": "#0"},
				"up": {"uv": [0, 0, 0.25, 1], "texture": "#0"},
				"down": {"uv": [0, 0, 0.25, 1], "texture": "#0"}
			}
		},
		{
			"from": [14.75, 4, 8],
			"to": [15.25, 5, 11],
			"faces": {
				"north": {"uv": [0, 0, 0.25, 0.125], "texture": "#0"},
				"east": {"uv": [0, 0, 0.375, 0.125], "texture": "#0"},
				"south": {"uv": [0, 0, 0.25, 0.125], "texture": "#0"},
				"west": {"uv": [0.25, 0.125, 0.625, 0.25], "texture": "#0"},
				"up": {"uv": [0, 0, 0.25, 0.375], "texture": "#0"},
				"down": {"uv": [0, 0, 0.25, 0.375], "texture": "#0"}
			}
		},
		{
			"from": [0.75, 3, 0],
			"to": [1.25, 4, 8],
			"faces": {
				"north": {"uv": [0, 0, 0.25, 0.125], "texture": "#0"},
				"east": {"uv": [0, 0, 1, 0.125], "texture": "#0"},
				"south": {"uv": [0, 0, 0.25, 0.125], "texture": "#0"},
				"west": {"uv": [0.25, 0.125, 1.25, 0.25], "texture": "#0"},
				"up": {"uv": [0, 0, 0.25, 1], "texture": "#0"},
				"down": {"uv": [0, 0, 0.25, 1], "texture": "#0"}
			}
		}
	],
	"display": {
		"thirdperson_righthand": {
			"scale": [0, 0, 0]
		},
		"thirdperson_lefthand": {
			"scale": [0, 0, 0]
		},
		"firstperson_righthand": {
			"scale": [0, 0, 0]
		},
		"firstperson_lefthand": {
			"scale": [0, 0, 0]
		},
		"ground": {
			"scale": [0.5, 0.5, 0.5]
		},
		"gui": {
			"rotation": [0, 133, 0],
			"translation": [0.5, -1.25, 0],
			"scale": [0.5, 0.5, 0.5]
		},
		"head": {
			"translation": [0, 0, -5.5]
		},
		"fixed": {
			"rotation": [-90, 0, 0],
			"translation": [0, 0, -15],
			"scale": [2, 2, 2]
		}
	}
}