{
	"credit": "Made with Blockbench",
	"textures": {
		"0": "item/cars/motorcycle"
	},
	"elements": [
		{
			"from": [6.5, 0, -3.25],
			"to": [9.5, 2.25, 1.25],
			"rotation": {"angle": 0, "axis": "y", "origin": [8, -0.75, 10.25]},
			"faces": {
				"north": {"uv": [13, 0, 16, 2], "texture": "#0"},
				"east": {"uv": [13, 0, 16, 2], "texture": "#0"},
				"south": {"uv": [13, 0, 16, 2], "texture": "#0"},
				"west": {"uv": [13, 0, 16, 2], "texture": "#0"},
				"up": {"uv": [13, 0, 16, 2], "rotation": 90, "texture": "#0"},
				"down": {"uv": [13, 0, 16, 2], "rotation": 90, "texture": "#0"}
			}
		},
		{
			"from": [6.575, 0, 1.25],
			"to": [9.425, 2.25, 6.5525],
			"rotation": {"angle": -45, "axis": "x", "origin": [8, 0, 1.25]},
			"faces": {
				"north": {"uv": [13, 0, 16, 2], "texture": "#0"},
				"east": {"uv": [13, 0, 16, 2], "texture": "#0"},
				"south": {"uv": [13, 0, 16, 2], "texture": "#0"},
				"west": {"uv": [13, 0, 16, 2], "texture": "#0"},
				"up": {"uv": [13, 0, 16, 2], "texture": "#0"},
				"down": {"uv": [13, 0, 16, 2], "texture": "#0"}
			}
		},
		{
			"from": [6.575, 9.375, 1.25],
			"to": [9.425, 11.625, 6.5525],
			"rotation": {"angle": -45, "axis": "x", "origin": [8, 0, 1.25]},
			"faces": {
				"north": {"uv": [13, 0, 16, 2], "texture": "#0"},
				"east": {"uv": [13, 0, 16, 2], "texture": "#0"},
				"south": {"uv": [13, 0, 16, 2], "texture": "#0"},
				"west": {"uv": [13, 0, 16, 2], "texture": "#0"},
				"up": {"uv": [13, 0, 16, 2], "texture": "#0"},
				"down": {"uv": [13, 0, 16, 2], "texture": "#0"}
			}
		},
		{
			"from": [6.575, 2.4, -1.75],
			"to": [9.425, 7.7025, 0.5],
			"rotation": {"angle": -45, "axis": "x", "origin": [8, -0.75, 0.5]},
			"faces": {
				"north": {"uv": [13, 0, 16, 2], "texture": "#0"},
				"east": {"uv": [13, 0, 16, 2], "texture": "#0"},
				"south": {"uv": [13, 0, 16, 2], "texture": "#0"},
				"west": {"uv": [13, 0, 16, 2], "texture": "#0"},
				"up": {"uv": [13, 0, 16, 2], "texture": "#0"},
				"down": {"uv": [13, 0, 16, 2], "texture": "#0"}
			}
		},
		{
			"from": [6.575, 3.15, 7.475],
			"to": [9.425, 8.4525, 9.725],
			"rotation": {"angle": -45, "axis": "x", "origin": [8, 0, 1.25]},
			"faces": {
				"north": {"uv": [13, 0, 16, 2], "texture": "#0"},
				"east": {"uv": [13, 0, 16, 2], "texture": "#0"},
				"south": {"uv": [13, 0, 16, 2], "texture": "#0"},
				"west": {"uv": [13, 0, 16, 2], "texture": "#0"},
				"up": {"uv": [13, 0, 16, 2], "texture": "#0"},
				"down": {"uv": [13, 0, 16, 2], "texture": "#0"}
			}
		},
		{
			"from": [6.5, 9.75, -3.25],
			"to": [9.5, 12, 1.25],
			"rotation": {"angle": 0, "axis": "y", "origin": [8, 0, 12.5]},
			"faces": {
				"north": {"uv": [13, 0, 16, 2], "texture": "#0"},
				"east": {"uv": [13, 0, 16, 2], "texture": "#0"},
				"south": {"uv": [13, 0, 16, 2], "texture": "#0"},
				"west": {"uv": [13, 0, 16, 2], "texture": "#0"},
				"up": {"uv": [16, 2, 13, 0], "texture": "#0"},
				"down": {"uv": [16, 0, 13, 2], "texture": "#0"}
			}
		},
		{
			"from": [6.5, 3.75, -7],
			"to": [9.5, 8.25, -4.75],
			"rotation": {"angle": 0, "axis": "y", "origin": [8, 0, 12.5]},
			"faces": {
				"north": {"uv": [13, 0, 16, 2], "texture": "#0"},
				"east": {"uv": [13, 0, 16, 2], "texture": "#0"},
				"south": {"uv": [13, 0, 16, 2], "texture": "#0"},
				"west": {"uv": [13, 0, 16, 2], "texture": "#0"},
				"up": {"uv": [13, 0, 16, 2], "texture": "#0"},
				"down": {"uv": [13, 0, 16, 2], "texture": "#0"}
			}
		},
		{
			"from": [6.5, 3.75, 2.75],
			"to": [9.5, 8.25, 5],
			"rotation": {"angle": 0, "axis": "y", "origin": [8, 0, 9.5]},
			"faces": {
				"north": {"uv": [13, 0, 16, 2], "texture": "#0"},
				"east": {"uv": [13, 0, 16, 2], "texture": "#0"},
				"south": {"uv": [13, 0, 16, 2], "texture": "#0"},
				"west": {"uv": [13, 0, 16, 2], "texture": "#0"},
				"up": {"uv": [13, 0, 16, 2], "texture": "#0"},
				"down": {"uv": [13, 0, 16, 2], "texture": "#0"}
			}
		},
		{
			"from": [7.25, 2.25, -4.75],
			"to": [8.75, 9.75, 2.75],
			"rotation": {"angle": 0, "axis": "y", "origin": [8, 0, 12.5]},
			"faces": {
				"north": {"uv": [15, 4, 17, 14], "texture": "#0"},
				"east": {"uv": [2.5, 0, 0, 2.5], "texture": "#0"},
				"south": {"uv": [3, 5, 5, 15], "texture": "#0"},
				"west": {"uv": [0, 0, 2.5, 2.5], "texture": "#0"},
				"up": {"uv": [5, 5, 7, 15], "texture": "#0"},
				"down": {"uv": [9, 5, 11, 15], "texture": "#0"}
			}
		},
		{
			"from": [7.25, 2.25, 14.75],
			"to": [8.75, 9.75, 22.25],
			"rotation": {"angle": 0, "axis": "y", "origin": [8, 0, 6.5]},
			"faces": {
				"north": {"uv": [0, 0, 2, 10], "texture": "#0"},
				"east": {"uv": [2.5, 0, 0, 2.5], "texture": "#0"},
				"south": {"uv": [0, 0, 2, 10], "texture": "#0"},
				"west": {"uv": [0, 0, 2.5, 2.5], "texture": "#0"},
				"up": {"uv": [0, 0, 2, 10], "texture": "#0"},
				"down": {"uv": [0, 0, 2, 10], "texture": "#0"}
			}
		},
		{
			"from": [6.5, 0, 16.25],
			"to": [9.5, 2.25, 20.75],
			"rotation": {"angle": 0, "axis": "y", "origin": [8, 0, 30.5]},
			"faces": {
				"north": {"uv": [13, 0, 16, 2], "texture": "#0"},
				"east": {"uv": [13, 0, 16, 2], "texture": "#0"},
				"south": {"uv": [13, 0, 16, 2], "texture": "#0"},
				"west": {"uv": [13, 0, 16, 2], "rotation": 90, "texture": "#0"},
				"up": {"uv": [13, 0, 16, 2], "texture": "#0"},
				"down": {"uv": [13, 0, 16, 2], "texture": "#0"}
			}
		},
		{
			"from": [6.575, 0, 20.75],
			"to": [9.425, 2.25, 26.0525],
			"rotation": {"angle": -45, "axis": "x", "origin": [8, 0, 20.75]},
			"faces": {
				"north": {"uv": [13, 0, 16, 2], "texture": "#0"},
				"east": {"uv": [13, 0, 16, 2], "texture": "#0"},
				"south": {"uv": [13, 0, 16, 2], "texture": "#0"},
				"west": {"uv": [13, 0, 16, 2], "texture": "#0"},
				"up": {"uv": [13, 0, 16, 2], "texture": "#0"},
				"down": {"uv": [13, 0, 16, 2], "texture": "#0"}
			}
		},
		{
			"from": [6.575, 9.375, 20.75],
			"to": [9.425, 11.625, 26.0525],
			"rotation": {"angle": -45, "axis": "x", "origin": [8, 0, 20.75]},
			"faces": {
				"north": {"uv": [0, 0, 3.8, 3], "texture": "#0"},
				"east": {"uv": [13, 0, 16, 2], "texture": "#0"},
				"south": {"uv": [12.2, 0, 15.2, 3], "texture": "#0"},
				"west": {"uv": [13, 0, 16, 2], "texture": "#0"},
				"up": {"uv": [13, 0, 16, 2], "texture": "#0"},
				"down": {"uv": [13, 0, 16, 2], "texture": "#0"}
			}
		},
		{
			"from": [6.575, 3.15, 17.6],
			"to": [9.425, 8.4525, 19.85],
			"rotation": {"angle": -45, "axis": "x", "origin": [8, 0, 20.75]},
			"faces": {
				"north": {"uv": [13, 0, 16, 2], "texture": "#0"},
				"east": {"uv": [13, 0, 16, 2], "texture": "#0"},
				"south": {"uv": [13, 0, 16, 2], "texture": "#0"},
				"west": {"uv": [13, 0, 16, 2], "texture": "#0"},
				"up": {"uv": [13, 0, 16, 2], "texture": "#0"},
				"down": {"uv": [13, 0, 16, 2], "texture": "#0"}
			}
		},
		{
			"from": [6.575, 3.15, 26.75],
			"to": [9.425, 8.4525, 29],
			"rotation": {"angle": -45, "axis": "x", "origin": [8, 0, 20.75]},
			"faces": {
				"north": {"uv": [13, 0, 16, 2], "texture": "#0"},
				"east": {"uv": [13, 0, 16, 2], "texture": "#0"},
				"south": {"uv": [13, 0, 16, 2], "texture": "#0"},
				"west": {"uv": [13, 0, 16, 2], "texture": "#0"},
				"up": {"uv": [13, 0, 16, 2], "texture": "#0"},
				"down": {"uv": [13, 0, 16, 2], "texture": "#0"}
			}
		},
		{
			"from": [6.5, 9.75, 16.25],
			"to": [9.5, 12, 20.75],
			"rotation": {"angle": 0, "axis": "y", "origin": [8, 0, 30.5]},
			"faces": {
				"north": {"uv": [13, 0, 16, 2], "texture": "#0"},
				"east": {"uv": [13, 0, 16, 2], "texture": "#0"},
				"south": {"uv": [13, 0, 16, 2], "texture": "#0"},
				"west": {"uv": [13, 0, 16, 2], "texture": "#0"},
				"up": {"uv": [13, 0, 16, 2], "texture": "#0"},
				"down": {"uv": [13, 0, 16, 2], "texture": "#0"}
			}
		},
		{
			"from": [6.5, 3.75, 12.5],
			"to": [9.5, 8.25, 14.75],
			"rotation": {"angle": 0, "axis": "y", "origin": [8, 0, 30.5]},
			"faces": {
				"north": {"uv": [13, 0, 16, 2], "texture": "#0"},
				"east": {"uv": [13, 0, 16, 2], "texture": "#0"},
				"south": {"uv": [13, 0, 16, 2], "texture": "#0"},
				"west": {"uv": [13, 0, 16, 2], "texture": "#0"},
				"up": {"uv": [13, 0, 16, 2], "texture": "#0"},
				"down": {"uv": [13, 0, 16, 2], "texture": "#0"}
			}
		},
		{
			"from": [6.5, 3.75, 22.25],
			"to": [9.5, 8.25, 24.5],
			"rotation": {"angle": 0, "axis": "y", "origin": [8, 0, 30.5]},
			"faces": {
				"north": {"uv": [13, 0, 16, 2], "texture": "#0"},
				"east": {"uv": [13, 0, 16, 2], "texture": "#0"},
				"south": {"uv": [13, 0, 16, 2], "texture": "#0"},
				"west": {"uv": [13, 0, 16, 2], "texture": "#0"},
				"up": {"uv": [13, 0, 16, 2], "texture": "#0"},
				"down": {"uv": [13, 0, 16, 2], "texture": "#0"}
			}
		},
		{
			"from": [5.75, 5.25, -1.75],
			"to": [10.25, 6.75, -0.25],
			"rotation": {"angle": -22.5, "axis": "x", "origin": [8, 6, -1.75]},
			"faces": {
				"north": {"uv": [2, 2, 2.5, 2.5], "texture": "#0"},
				"east": {"uv": [2, 2, 2.5, 2.5], "texture": "#0"},
				"south": {"uv": [2, 2, 2.5, 2.5], "texture": "#0"},
				"west": {"uv": [2, 2, 2.5, 2.5], "texture": "#0"},
				"up": {"uv": [2, 2, 2.5, 2.5], "texture": "#0"},
				"down": {"uv": [2, 2, 2.5, 2.5], "texture": "#0"}
			}
		},
		{
			"from": [5.75, 5.25, 17.75],
			"to": [10.25, 6.75, 19.25],
			"rotation": {"angle": 22.5, "axis": "x", "origin": [8, 6, 18.5]},
			"faces": {
				"north": {"uv": [1.5, 2, 2, 2.5], "texture": "#0"},
				"east": {"uv": [1.5, 2, 2, 2.5], "texture": "#0"},
				"south": {"uv": [1.5, 2, 2, 2.5], "texture": "#0"},
				"west": {"uv": [2, 2, 2.5, 2.5], "texture": "#0"},
				"up": {"uv": [2, 2, 2.5, 2.5], "texture": "#0"},
				"down": {"uv": [1, 2, 1.5, 2.5], "texture": "#0"}
			}
		},
		{
			"from": [5.75, 7.5, 6.5],
			"to": [10.25, 8.25, 11],
			"rotation": {"angle": 0, "axis": "y", "origin": [8, 0, 10.25]},
			"faces": {
				"north": {"uv": [13, 1, 16, 2], "texture": "#0"},
				"east": {"uv": [13, 0, 16, 1], "texture": "#0"},
				"south": {"uv": [13, 1, 16, 2], "texture": "#0"},
				"west": {"uv": [13, 0, 16, 1], "texture": "#0"},
				"up": {"uv": [13, 0, 16, 2], "texture": "#0"},
				"down": {"uv": [13, 0, 16, 2], "texture": "#0"}
			}
		},
		{
			"from": [5, 3.75, -2.5],
			"to": [5.75, 7.5, 5.75],
			"rotation": {"angle": 0, "axis": "y", "origin": [8, 0, 10.25]},
			"faces": {
				"north": {"uv": [8, 14.5, 16, 16], "texture": "#0"},
				"east": {"uv": [2, 6, 16, 11], "texture": "#0"},
				"south": {"uv": [8, 15, 16, 16], "texture": "#0"},
				"west": {"uv": [5, 11, 16, 16], "texture": "#0"},
				"up": {"uv": [5, 12, 16, 13], "rotation": 90, "texture": "#0"},
				"down": {"uv": [8, 15, 16, 16], "texture": "#0"}
			}
		},
		{
			"from": [10.25, 3.75, -1.75],
			"to": [11, 7.5, 5.75],
			"rotation": {"angle": 0, "axis": "y", "origin": [8, 0, 10.25]},
			"faces": {
				"north": {"uv": [8, 14.5, 16, 16], "texture": "#0"},
				"east": {"uv": [1.5, 11, 16, 16], "texture": "#0"},
				"south": {"uv": [8, 15, 16, 16], "texture": "#0"},
				"west": {"uv": [2, 6, 16, 11], "texture": "#0"},
				"up": {"uv": [2, 12, 16, 13], "rotation": 90, "texture": "#0"},
				"down": {"uv": [8, 15, 16, 16], "texture": "#0"}
			}
		},
		{
			"from": [5, 3.75, 11.75],
			"to": [5.75, 7.5, 20],
			"rotation": {"angle": 0, "axis": "y", "origin": [8, 0, 6.5]},
			"faces": {
				"north": {"uv": [8, 14.5, 16, 16], "texture": "#0"},
				"east": {"uv": [2, 6, 16, 11], "texture": "#0"},
				"south": {"uv": [8, 15, 16, 16], "texture": "#0"},
				"west": {"uv": [2, 11, 13, 16], "texture": "#0"},
				"up": {"uv": [2, 12, 16, 13], "rotation": 90, "texture": "#0"},
				"down": {"uv": [8, 15, 16, 16], "texture": "#0"}
			}
		},
		{
			"from": [10.25, 3.75, 11.75],
			"to": [11, 7.5, 20],
			"rotation": {"angle": 0, "axis": "y", "origin": [8, 0, 10.25]},
			"faces": {
				"north": {"uv": [8, 14.5, 16, 16], "texture": "#0"},
				"east": {"uv": [5, 11, 16, 16], "texture": "#0"},
				"south": {"uv": [8, 15, 16, 16], "texture": "#0"},
				"west": {"uv": [2, 6, 16, 11], "texture": "#0"},
				"up": {"uv": [2, 12.5, 13, 13.5], "rotation": 90, "texture": "#0"},
				"down": {"uv": [8, 15, 16, 16], "texture": "#0"}
			}
		},
		{
			"from": [5, 3.75, 5.75],
			"to": [11, 7.5, 11.75],
			"rotation": {"angle": 0, "axis": "y", "origin": [8, 0, 10.25]},
			"faces": {
				"north": {"uv": [4, 6, 12, 11], "texture": "#0"},
				"east": {"uv": [2.5, 11, 10.5, 16], "texture": "#0"},
				"south": {"uv": [8, 6, 16, 11], "texture": "#0"},
				"west": {"uv": [2.5, 11, 10.5, 16], "texture": "#0"},
				"up": {"uv": [2.5, 12, 10.5, 13], "rotation": 90, "texture": "#0"},
				"down": {"uv": [2.5, 15, 10.5, 16], "texture": "#0"}
			}
		}
	],
	"groups": [
		{
			"name": "Fronttire",
			"origin": [0, 0, 0],
			"color": 0,
			"children": [0, 1, 2, 3, 4, 5, 6, 7, 8]
		},
		{
			"name": "Backtire",
			"origin": [0, 0, 32],
			"color": 0,
			"children": [9, 10, 11, 12, 13, 14, 15, 16, 17]
		},
		{
			"name": "MainBody",
			"origin": [0, 0, 0],
			"color": 0,
			"children": [18, 19, 20, 21, 22, 23, 24, 25]
		}
	]
}