{
	"credit": "Made with Blockbench",
	"texture_size": [64, 64],
	"textures": {
		"0": "item/cars/vanbase",
		"1": "item/cars/wheel",
		"2": "item/cars/vanother",
		"particle": "item/cars/vanbase"
	},
	"elements": [
		{
			"name": "left2",
			"from": [-1.8512, 4.69408, -5.24169],
			"to": [0.6116, 14.54528, 14.46071],
			"rotation": {"angle": 0, "axis": "y", "origin": [8, 11.005, 6.6875]},
			"faces": {
				"north": {"uv": [3.25, 6.375, 3.5, 7.375], "texture": "#0"},
				"east": {"uv": [4, 0, 6, 1], "texture": "#0"},
				"south": {"uv": [3.5, 6.375, 3.75, 7.375], "texture": "#0"},
				"west": {"uv": [4, 1, 6, 2], "texture": "#0"},
				"up": {"uv": [6.25, 3.25, 6, 1.25], "texture": "#0"},
				"down": {"uv": [6.25, 3.25, 6, 5.25], "texture": "#0"}
			}
		},
		{
			"name": "right2",
			"from": [15.3884, 4.69408, -5.24169],
			"to": [17.8512, 14.54528, 14.46071],
			"rotation": {"angle": 0, "axis": "y", "origin": [8, 11.005, 6.6875]},
			"faces": {
				"north": {"uv": [3.75, 6.375, 4, 7.375], "texture": "#0"},
				"east": {"uv": [4, 2, 6, 3], "texture": "#0"},
				"south": {"uv": [6.5, 1.5, 6.75, 2.5], "texture": "#0"},
				"west": {"uv": [4, 3, 6, 4], "texture": "#0"},
				"up": {"uv": [6.25, 7.25, 6, 5.25], "texture": "#0"},
				"down": {"uv": [6.5, 1.25, 6.25, 3.25], "texture": "#0"}
			}
		},
		{
			"name": "front2",
			"from": [-1.8512, 4.69408, -7.70449],
			"to": [17.8512, 14.54528, -5.24169],
			"rotation": {"angle": 0, "axis": "y", "origin": [8, 11.005, 6.6875]},
			"faces": {
				"north": {"uv": [4, 4, 6, 5], "texture": "#0"},
				"east": {"uv": [4, 6.5, 4.25, 7.5], "texture": "#0"},
				"south": {"uv": [0, 4.875, 2, 5.875], "texture": "#0"},
				"west": {"uv": [4.25, 6.5, 4.5, 7.5], "texture": "#0"},
				"up": {"uv": [8.25, 3.5, 6.25, 3.25], "texture": "#0"},
				"down": {"uv": [8.25, 3.5, 6.25, 3.75], "texture": "#0"}
			}
		},
		{
			"name": "back2",
			"from": [-1.8512, 3.46268, 14.46071],
			"to": [17.8512, 14.54528, 25.54331],
			"rotation": {"angle": 0, "axis": "y", "origin": [8, 11.005, 6.6875]},
			"faces": {
				"north": {"uv": [0, 3.625, 2, 4.875], "texture": "#0"},
				"east": {"uv": [6.25, 5.75, 6.5, 7], "texture": "#0"},
				"south": {"uv": [2, 3.625, 4, 4.875], "texture": "#0"},
				"west": {"uv": [0, 6.375, 0.25, 7.625], "texture": "#0"},
				"up": {"uv": [8.25, 4, 6.25, 3.75], "texture": "#0"},
				"down": {"uv": [8.25, 4, 6.25, 4.25], "texture": "#0"}
			}
		},
		{
			"name": "dash",
			"from": [-1.8512, 2.23128, -12.93794],
			"to": [17.8512, 9.61968, -7.70449],
			"rotation": {"angle": 0, "axis": "y", "origin": [8, 11.005, 6.6875]},
			"faces": {
				"north": {"uv": [2, 4.875, 4, 5.625], "texture": "#0"},
				"east": {"uv": [6.25, 4.25, 6.75, 5], "texture": "#0"},
				"south": {"uv": [4, 5, 6, 5.75], "texture": "#0"},
				"west": {"uv": [6.25, 5, 6.75, 5.75], "texture": "#0"},
				"up": {"uv": [2, 6.375, 0, 5.875], "texture": "#0"},
				"down": {"uv": [8, 0, 6, 0.5], "texture": "#0"}
			}
		},
		{
			"name": "dash2",
			"from": [-1.78963, -4.07829, -6.01471],
			"to": [17.78963, 3.37168, -2.32051],
			"rotation": {"angle": 45, "axis": "x", "origin": [8, 11.005, 6.6875]},
			"faces": {
				"north": {"uv": [2, 5.625, 4, 6.375], "texture": "#0"},
				"east": {"uv": [2.5, 6.375, 2.875, 7.125], "texture": "#0"},
				"south": {"uv": [4, 5.75, 6, 6.5], "texture": "#0"},
				"west": {"uv": [2.875, 6.375, 3.25, 7.125], "texture": "#0"},
				"up": {"uv": [8, 0.875, 6, 0.5], "texture": "#0"},
				"down": {"uv": [8, 0.875, 6, 1.25], "texture": "#0"}
			}
		},
		{
			"name": "base",
			"from": [-1.8512, 2.23128, -2.77889],
			"to": [17.8512, 3.46268, 19.38631],
			"rotation": {"angle": 0, "axis": "y", "origin": [8, 11.005, 6.6875]},
			"faces": {
				"north": {"uv": [6.5, 2.5, 8.5, 2.625], "texture": "#0"},
				"east": {"uv": [6.5, 2.75, 7.875, 2.875], "texture": "#0"},
				"south": {"uv": [6.5, 2.625, 8.5, 2.75], "texture": "#0"},
				"west": {"uv": [6.5, 2.875, 7.875, 3], "texture": "#0"},
				"up": {"uv": [2, 3.625, 0, 2.25], "texture": "#0"},
				"down": {"uv": [4, 2.25, 2, 3.625], "texture": "#0"}
			}
		},
		{
			"name": "sittingspce",
			"from": [-1.8512, 3.46268, -7.70449],
			"to": [17.8512, 4.69408, 14.46071],
			"rotation": {"angle": 0, "axis": "y", "origin": [8, 11.005, 6.6875]},
			"faces": {
				"north": {"uv": [6.5, 1.25, 8.5, 1.375], "texture": "#0"},
				"east": {"uv": [0.25, 6.375, 2.5, 6.5], "texture": "#0"},
				"south": {"uv": [6.5, 1.375, 8.5, 1.5], "texture": "#0"},
				"west": {"uv": [0.25, 6.5, 2.5, 6.625], "texture": "#0"},
				"up": {"uv": [2, 2.25, 0, 0], "texture": "#0"},
				"down": {"uv": [4, 0, 2, 2.25], "texture": "#0"}
			}
		},
		{
			"name": "wh2",
			"from": [-1.8512, 14.54528, -7.70449],
			"to": [-0.6198, 19.47088, -6.47309],
			"rotation": {"angle": 0, "axis": "y", "origin": [8, 11.005, 6.6875]},
			"faces": {
				"north": {"uv": [3.5, 3, 3.75, 4], "texture": "#2"},
				"east": {"uv": [3.25, 3.5, 3.5, 4.5], "texture": "#2"},
				"south": {"uv": [3.75, 3, 4, 4], "texture": "#2"},
				"west": {"uv": [0, 4, 0.25, 5], "texture": "#2"},
				"up": {"uv": [4.25, 3.75, 4, 3.5], "texture": "#2"},
				"down": {"uv": [4, 4, 3.75, 4.25], "texture": "#2"}
			}
		},
		{
			"name": "wh1",
			"from": [16.6198, 14.54528, -7.70449],
			"to": [17.8512, 19.47088, -6.47309],
			"rotation": {"angle": 0, "axis": "y", "origin": [8, 11.005, 6.6875]},
			"faces": {
				"north": {"uv": [0.75, 4, 1, 5], "texture": "#2"},
				"east": {"uv": [1, 4, 1.25, 5], "texture": "#2"},
				"south": {"uv": [1.25, 4, 1.5, 5], "texture": "#2"},
				"west": {"uv": [1.5, 4, 1.75, 5], "texture": "#2"},
				"up": {"uv": [4.5, 0.25, 4.25, 0], "texture": "#2"},
				"down": {"uv": [4.5, 0.25, 4.25, 0.5], "texture": "#2"}
			}
		},
		{
			"name": "wh3",
			"from": [-1.8512, 19.47088, -7.70449],
			"to": [17.8512, 20.70228, 4.60951],
			"rotation": {"angle": 0, "axis": "y", "origin": [8, 11.005, 6.6875]},
			"faces": {
				"north": {"uv": [0, 2, 4, 2.25], "texture": "#2"},
				"east": {"uv": [4, 3.75, 4.25, 4], "texture": "#2"},
				"south": {"uv": [0, 2.25, 4, 2.5], "texture": "#2"},
				"west": {"uv": [4, 4, 4.25, 4.25], "texture": "#2"},
				"up": {"uv": [4, 2.75, 0, 2.5], "texture": "#2"},
				"down": {"uv": [4, 2.75, 0, 3], "texture": "#2"}
			}
		},
		{
			"name": "window",
			"from": [-0.6198, 14.54528, -7.08879],
			"to": [16.6198, 19.47088, -6.78094],
			"rotation": {"angle": 0, "axis": "y", "origin": [8, 11.005, 6.6875]},
			"faces": {
				"north": {"uv": [0, 0, 3.5, 1], "texture": "#2"},
				"east": {"uv": [0.25, 4, 0.5, 5], "texture": "#2"},
				"south": {"uv": [0, 1, 3.5, 2], "texture": "#2"},
				"west": {"uv": [0.5, 4, 0.75, 5], "texture": "#2"},
				"up": {"uv": [3.5, 3.25, 0, 3], "texture": "#2"},
				"down": {"uv": [3.5, 3.25, 0, 3.5], "texture": "#2"}
			}
		},
		{
			"name": "ear2",
			"from": [-5.5454, 12.08248, -7.70449],
			"to": [-1.8512, 14.54528, -6.47309],
			"rotation": {"angle": 0, "axis": "y", "origin": [8, 11.005, 6.6875]},
			"faces": {
				"north": {"uv": [0, 3.5, 0.75, 4], "texture": "#2"},
				"east": {"uv": [1.75, 4, 2, 4.5], "texture": "#2"},
				"south": {"uv": [3.5, 0, 4.25, 0.5], "texture": "#2"},
				"west": {"uv": [2, 4, 2.25, 4.5], "texture": "#2"},
				"up": {"uv": [4.75, 2.25, 4, 2], "texture": "#2"},
				"down": {"uv": [4.75, 2.25, 4, 2.5], "texture": "#2"}
			}
		},
		{
			"name": "ear1",
			"from": [17.8512, 12.08248, -7.70449],
			"to": [21.5454, 14.54528, -6.47309],
			"rotation": {"angle": 0, "axis": "y", "origin": [8, 11.005, 6.6875]},
			"faces": {
				"north": {"uv": [3.5, 0.5, 4.25, 1], "texture": "#2"},
				"east": {"uv": [4, 3, 4.25, 3.5], "texture": "#2"},
				"south": {"uv": [0.75, 3.5, 1.5, 4], "texture": "#2"},
				"west": {"uv": [3.5, 4, 3.75, 4.5], "texture": "#2"},
				"up": {"uv": [4.75, 2.75, 4, 2.5], "texture": "#2"},
				"down": {"uv": [4.75, 2.75, 4, 3], "texture": "#2"}
			}
		},
		{
			"name": "wheel1",
			"from": [-3.0826, 0.38418, 19.69416],
			"to": [-0.6198, 3.46268, 22.77266],
			"rotation": {"angle": 0, "axis": "y", "origin": [8, 11.005, 6.6875]},
			"faces": {
				"north": {"uv": [14, 0, 16, 3], "texture": "#1"},
				"east": {"uv": [3, 3, 11, 11], "texture": "#1"},
				"south": {"uv": [14, 0, 16, 3], "texture": "#1"},
				"west": {"uv": [3, 3, 11, 11], "rotation": 90, "texture": "#1"},
				"up": {"uv": [14, 3, 16, 0], "texture": "#1"},
				"down": {"uv": [16, 0, 14, 3], "texture": "#1"}
			}
		},
		{
			"name": "wheel2",
			"from": [-3.0826, 0.38418, -6.78094],
			"to": [-0.6198, 3.46268, -3.70244],
			"rotation": {"angle": 0, "axis": "y", "origin": [8, 11.005, 6.6875]},
			"faces": {
				"north": {"uv": [14, 0, 16, 3], "texture": "#1"},
				"east": {"uv": [3, 3, 11, 11], "texture": "#1"},
				"south": {"uv": [14, 0, 16, 3], "texture": "#1"},
				"west": {"uv": [3, 3, 11, 11], "rotation": 90, "texture": "#1"},
				"up": {"uv": [14, 3, 16, 0], "texture": "#1"},
				"down": {"uv": [16, 0, 14, 3], "texture": "#1"}
			}
		},
		{
			"name": "wheel3",
			"from": [16.6198, 0.38418, 19.69416],
			"to": [19.0826, 3.46268, 22.77266],
			"rotation": {"angle": 0, "axis": "y", "origin": [8, 11.005, 6.6875]},
			"faces": {
				"north": {"uv": [14, 0, 16, 3], "texture": "#1"},
				"east": {"uv": [3, 3, 11, 11], "texture": "#1"},
				"south": {"uv": [14, 0, 16, 3], "texture": "#1"},
				"west": {"uv": [3, 3, 11, 11], "rotation": 90, "texture": "#1"},
				"up": {"uv": [14, 3, 16, 0], "texture": "#1"},
				"down": {"uv": [16, 0, 14, 3], "texture": "#1"}
			}
		},
		{
			"name": "wheel4",
			"from": [16.6198, 0.38418, -6.78094],
			"to": [19.0826, 3.46268, -3.70244],
			"rotation": {"angle": 0, "axis": "y", "origin": [8, 11.005, 6.6875]},
			"faces": {
				"north": {"uv": [14, 0, 16, 3], "texture": "#1"},
				"east": {"uv": [3, 3, 11, 11], "texture": "#1"},
				"south": {"uv": [14, 0, 16, 3], "texture": "#1"},
				"west": {"uv": [3, 3, 11, 11], "rotation": 90, "texture": "#1"},
				"up": {"uv": [14, 3, 16, 0], "texture": "#1"},
				"down": {"uv": [16, 0, 14, 3], "texture": "#1"}
			}
		},
		{
			"name": "window",
			"from": [-0.77372, 14.54528, -6.4423],
			"to": [-0.46587, 19.47088, 4.6403],
			"rotation": {"angle": 0, "axis": "y", "origin": [8, 11.005, 6.6875]},
			"faces": {
				"north": {"uv": [0.25, 4, 0.5, 5], "texture": "#2"},
				"east": {"uv": [0, 1, 1.5, 2], "texture": "#2"},
				"south": {"uv": [0.5, 4, 0.75, 5], "texture": "#2"},
				"west": {"uv": [1.5, 0, 3.5, 1], "texture": "#2"},
				"up": {"uv": [3.5, 3.25, 0, 3], "rotation": 270, "texture": "#2"},
				"down": {"uv": [3.5, 3.25, 0, 3.5], "rotation": 90, "texture": "#2"}
			}
		},
		{
			"name": "window",
			"from": [16.77373, 14.54528, -6.4423],
			"to": [17.08158, 19.47088, 4.6403],
			"rotation": {"angle": 0, "axis": "y", "origin": [8, 11.005, 6.6875]},
			"faces": {
				"north": {"uv": [0.25, 4, 0.5, 5], "texture": "#2"},
				"east": {"uv": [0, 1, 1.75, 2], "texture": "#2"},
				"south": {"uv": [0.5, 4, 0.75, 5], "texture": "#2"},
				"west": {"uv": [1.75, 0, 3.5, 1], "texture": "#2"},
				"up": {"uv": [3.5, 3.25, 0, 3], "rotation": 270, "texture": "#2"},
				"down": {"uv": [3.5, 3.25, 0, 3.5], "rotation": 90, "texture": "#2"}
			}
		},
		{
			"name": "wh3",
			"from": [-1.8512, 14.54528, 4.60951],
			"to": [17.8512, 20.70228, 25.54331],
			"rotation": {"angle": 0, "axis": "y", "origin": [8, 11.005, 6.6875]},
			"faces": {
				"north": {"uv": [4, 7.25, 8, 8.5], "texture": "#2"},
				"east": {"uv": [4.25, 0.5, 8.5, 1.75], "texture": "#2"},
				"south": {"uv": [8, 7.25, 12, 8.5], "texture": "#2"},
				"west": {"uv": [4.75, 1.75, 9, 3], "texture": "#2"},
				"up": {"uv": [8.25, 7.25, 4.25, 3], "texture": "#2"},
				"down": {"uv": [4, 5, 0, 9.25], "texture": "#2"}
			}
		},
		{
			"from": [-2.15905, 9.61968, 7.07231],
			"to": [0.6116, 18.23947, 24.31191],
			"rotation": {"angle": 0, "axis": "y", "origin": [8, 11.005, 6.6875]},
			"faces": {
				"north": {"uv": [2, 7.5, 3.125, 11], "texture": "#0"},
				"east": {"uv": [6.5, 6, 13.5, 9.5], "texture": "#0"},
				"south": {"uv": [6, 9.5, 7.125, 13], "texture": "#0"},
				"west": {"uv": [8.5, 0, 15.5, 3.5], "texture": "#0"},
				"up": {"uv": [5.625, 13.5, 4.5, 6.5], "texture": "#0"},
				"down": {"uv": [1.625, 7, 0.5, 14], "texture": "#0"}
			}
		},
		{
			"name": "base",
			"from": [-1.8512, 2.23128, 21.84911],
			"to": [17.8512, 3.46268, 25.54331],
			"rotation": {"angle": 0, "axis": "y", "origin": [8, 11.005, 6.6875]},
			"faces": {
				"north": {"uv": [6.5, 2.5, 8.5, 2.625], "texture": "#0"},
				"east": {"uv": [6.5, 2.75, 7.875, 2.875], "texture": "#0"},
				"south": {"uv": [6.5, 2.625, 8.5, 2.75], "texture": "#0"},
				"west": {"uv": [6.5, 2.875, 7.875, 3], "texture": "#0"},
				"up": {"uv": [2, 3.625, 0, 2.25], "texture": "#0"},
				"down": {"uv": [4, 2.25, 2, 3.625], "texture": "#0"}
			}
		}
	],
	"display": {
		"thirdperson_righthand": {
			"translation": [0.25, 1.5, 3],
			"scale": [0.25, 0.25, 0.25]
		},
		"thirdperson_lefthand": {
			"translation": [0.25, 1.5, 3],
			"scale": [0.25, 0.25, 0.25]
		},
		"firstperson_righthand": {
			"rotation": [115.99, 61.58, -119.72],
			"translation": [0, 1.75, 2],
			"scale": [0.25, 0.25, 0.25]
		},
		"firstperson_lefthand": {
			"rotation": [115.99, 61.58, -119.72],
			"translation": [0, 1.75, 2],
			"scale": [0.25, 0.25, 0.25]
		},
		"ground": {
			"translation": [0, 1.5, 0]
		},
		"gui": {
			"rotation": [0, 144, 0],
			"scale": [0.5, 0.5, 0.5]
		},
		"head": {
			"scale": [1.07, 0.93, 0.74]
		},
		"fixed": {
			"rotation": [-90, 0, 0],
			"translation": [0, 0, -7.25],
			"scale": [3, 3, 3]
		}
	},
	"groups": [
		{
			"name": "grup",
			"origin": [8, 9.125, 6.6875],
			"color": 0,
			"children": [0, 1, 2, 3, 4, 5, 6, 7, 8, 9, 10, 11, 12, 13, 14, 15, 16, 17, 18, 19, 20, 21, 22]
		}
	]
}