{
	"credit": "Made with Blockbench",
	"texture_size": [16, 64],
	"textures": {
		"0": "block/flowering_azalea_leaves",
		"2": "block/decorated_pot/arms_up_pottery_pattern",
		"3": "block/decorated_pot/burn_pottery_pattern",
		"4": "block/decorated_pot/heart_pottery_pattern",
		"6": "block/decorated_pot/decorated_pot_base",
		"particle": "block/flowering_azalea_leaves"
	},
	"elements": [
		{
			"from": [1, -16, 1],
			"to": [15, 0, 15],
			"faces": {
				"north": {"uv": [1, 0, 15, 16], "texture": "#2"},
				"east": {"uv": [1, 0, 15, 16], "texture": "#3"},
				"south": {"uv": [1, 0, 15, 16], "texture": "#4"},
				"west": {"uv": [1, 0, 15, 16], "texture": "#4"},
				"up": {"uv": [0, 6.5, 7, 13.5], "texture": "#6"},
				"down": {"uv": [7, 6.5, 14, 13.5], "texture": "#6"}
			}
		},
		{
			"from": [0, 16, 0],
			"to": [16, 32, 16],
			"faces": {
				"north": {"uv": [0, 0, 16, 16], "texture": "#0"},
				"east": {"uv": [0, 0, 16, 16], "texture": "#0"},
				"south": {"uv": [0, 0, 16, 16], "texture": "#0"},
				"west": {"uv": [0, 0, 16, 16], "texture": "#0"},
				"up": {"uv": [0, 0, 16, 16], "texture": "#0"},
				"down": {"uv": [0, 0, 16, 16], "texture": "#0"}
			}
		},
		{
			"from": [0, 0, 0],
			"to": [16, 16, 16],
			"faces": {
				"north": {"uv": [0, 0, 16, 16], "texture": "#0"},
				"east": {"uv": [0, 0, 16, 16], "texture": "#0"},
				"south": {"uv": [0, 0, 16, 16], "texture": "#0"},
				"west": {"uv": [0, 0, 16, 16], "texture": "#0"},
				"up": {"uv": [0, 0, 16, 16], "texture": "#0"},
				"down": {"uv": [0, 0, 16, 5.33333], "texture": "#0"}
			}
		}
	]
}