{
	"credit": "Made with Blockbench",
	"textures": {
		"0": "block/iron_trapdoor",
		"1": "block/quartz_block_bottom",
		"particle": "block/iron_trapdoor"
	},
	"elements": [
		{
			"from": [5, 20.9125, 8],
			"to": [12, 21.7875, 15],
			"rotation": {"angle": 0, "axis": "y", "origin": [4.5, 11.55, 11.15]},
			"faces": {
				"north": {"uv": [0, 14, 16, 16], "texture": "#0"},
				"east": {"uv": [0, 0, 16, 1.25], "rotation": 180, "texture": "#0"},
				"south": {"uv": [0, 0, 16, 1], "rotation": 180, "texture": "#0"},
				"west": {"uv": [0, 0, 16, 1.25], "texture": "#0"},
				"up": {"uv": [0, 0, 16, 16], "rotation": 90, "texture": "#0"},
				"down": {"uv": [0, 0, 16, 16], "rotation": 90, "texture": "#0"}
			}
		},
		{
			"from": [5, 7, 14.125],
			"to": [12, 14, 15],
			"rotation": {"angle": 0, "axis": "x", "origin": [4.5, 11.55, 11.15]},
			"faces": {
				"north": {"uv": [0, 0, 16, 16], "rotation": 270, "texture": "#0"},
				"east": {"uv": [0, 0, 16, 1.25], "rotation": 90, "texture": "#0"},
				"south": {"uv": [0, 0, 16, 16], "rotation": 90, "texture": "#0"},
				"west": {"uv": [0, 0, 16, 1.25], "rotation": 90, "texture": "#0"},
				"up": {"uv": [0, 14, 16, 16], "rotation": 180, "texture": "#0"},
				"down": {"uv": [0, 0, 16, 1], "rotation": 180, "texture": "#0"}
			}
		},
		{
			"from": [5, 0, 7.3],
			"to": [12, 7, 8.175],
			"rotation": {"angle": 0, "axis": "y", "origin": [4.5, 11.55, 11.15]},
			"faces": {
				"north": {"uv": [0, 0, 16, 16], "rotation": 270, "texture": "#0"},
				"east": {"uv": [0, 0, 16, 1.25], "rotation": 90, "texture": "#0"},
				"south": {"uv": [0, 0, 16, 16], "rotation": 90, "texture": "#0"},
				"west": {"uv": [0, 0, 16, 1.25], "rotation": 90, "texture": "#0"},
				"up": {"uv": [0, 14, 16, 16], "rotation": 180, "texture": "#0"},
				"down": {"uv": [0, 0, 16, 1], "rotation": 180, "texture": "#0"}
			}
		},
		{
			"from": [4.125, 14, 8],
			"to": [5, 21, 15],
			"rotation": {"angle": 0, "axis": "y", "origin": [4.5, 11.55, 11.15]},
			"faces": {
				"north": {"uv": [0, 14, 16, 16], "rotation": 90, "texture": "#0"},
				"east": {"uv": [0, 0, 16, 16], "texture": "#0"},
				"south": {"uv": [0, 0, 16, 1], "rotation": 90, "texture": "#0"},
				"west": {"uv": [0, 0, 16, 16], "texture": "#0"},
				"up": {"uv": [0, 0, 16, 1.25], "rotation": 90, "texture": "#0"},
				"down": {"uv": [0, 0, 16, 1.25], "rotation": 270, "texture": "#0"}
			}
		},
		{
			"from": [4.125, 7, 8],
			"to": [5, 14, 15],
			"rotation": {"angle": 0, "axis": "y", "origin": [4.5, 11.55, 11.15]},
			"faces": {
				"north": {"uv": [0, 14, 16, 16], "rotation": 90, "texture": "#0"},
				"east": {"uv": [0, 0, 16, 16], "texture": "#0"},
				"south": {"uv": [0, 0, 16, 1], "rotation": 90, "texture": "#0"},
				"west": {"uv": [0, 0, 16, 16], "texture": "#0"},
				"up": {"uv": [0, 0, 16, 1.25], "rotation": 90, "texture": "#0"},
				"down": {"uv": [0, 0, 16, 1.25], "rotation": 270, "texture": "#0"}
			}
		},
		{
			"from": [4.125, 0, 8],
			"to": [5, 7, 15],
			"rotation": {"angle": 0, "axis": "y", "origin": [4.5, 11.55, 11.15]},
			"faces": {
				"north": {"uv": [0, 14, 16, 16], "rotation": 90, "texture": "#0"},
				"east": {"uv": [0, 0, 16, 16], "texture": "#0"},
				"south": {"uv": [0, 0, 16, 1], "rotation": 90, "texture": "#0"},
				"west": {"uv": [0, 0, 16, 16], "texture": "#0"},
				"up": {"uv": [0, 0, 16, 1.25], "rotation": 90, "texture": "#0"},
				"down": {"uv": [0, 0, 16, 1.25], "rotation": 270, "texture": "#0"}
			}
		},
		{
			"from": [12, 14, 8],
			"to": [12.875, 21, 15],
			"rotation": {"angle": 0, "axis": "y", "origin": [4.5, 11.55, 11.15]},
			"faces": {
				"north": {"uv": [0, 14, 16, 16], "rotation": 90, "texture": "#0"},
				"east": {"uv": [0, 0, 16, 16], "texture": "#0"},
				"south": {"uv": [0, 0, 16, 1], "rotation": 90, "texture": "#0"},
				"west": {"uv": [0, 0, 16, 16], "texture": "#0"},
				"up": {"uv": [0, 0, 16, 1.25], "rotation": 90, "texture": "#0"},
				"down": {"uv": [0, 0, 16, 1.25], "rotation": 270, "texture": "#0"}
			}
		},
		{
			"from": [12, 7, 8],
			"to": [12.875, 14, 15],
			"rotation": {"angle": 0, "axis": "y", "origin": [4.5, 11.55, 11.15]},
			"faces": {
				"north": {"uv": [0, 14, 16, 16], "rotation": 90, "texture": "#0"},
				"east": {"uv": [0, 0, 16, 16], "texture": "#0"},
				"south": {"uv": [0, 0, 16, 1], "rotation": 90, "texture": "#0"},
				"west": {"uv": [0, 0, 16, 16], "texture": "#0"},
				"up": {"uv": [0, 0, 16, 1.25], "rotation": 90, "texture": "#0"},
				"down": {"uv": [0, 0, 16, 1.25], "rotation": 270, "texture": "#0"}
			}
		},
		{
			"from": [12, 0, 8],
			"to": [12.875, 7, 15],
			"rotation": {"angle": 0, "axis": "y", "origin": [4.5, 11.55, 11.15]},
			"faces": {
				"north": {"uv": [0, 14, 16, 16], "rotation": 90, "texture": "#0"},
				"east": {"uv": [0, 0, 16, 16], "texture": "#0"},
				"south": {"uv": [0, 0, 16, 1], "rotation": 90, "texture": "#0"},
				"west": {"uv": [0, 0, 16, 16], "texture": "#0"},
				"up": {"uv": [0, 0, 16, 1.25], "rotation": 90, "texture": "#0"},
				"down": {"uv": [0, 0, 16, 1.25], "rotation": 270, "texture": "#0"}
			}
		},
		{
			"from": [5, 14, 11.5],
			"to": [12, 21, 15],
			"rotation": {"angle": 0, "axis": "x", "origin": [4.5, 11.55, 11.15]},
			"faces": {
				"north": {"uv": [0, 0, 16, 16], "rotation": 180, "texture": "#1"},
				"east": {"uv": [0, 8, 16, 16], "rotation": 90, "texture": "#1"},
				"south": {"uv": [0, 0, 16, 8], "texture": "#1"},
				"west": {"uv": [0, 8, 16, 16], "rotation": 270, "texture": "#1"},
				"up": {"uv": [0, 8, 16, 16], "texture": "#1"},
				"down": {"uv": [0, 8, 16, 16], "rotation": 180, "texture": "#1"}
			}
		},
		{
			"from": [5, 17.5, 8],
			"to": [12, 21, 11.5],
			"rotation": {"angle": 0, "axis": "x", "origin": [4.5, 11.55, 11.15]},
			"faces": {
				"north": {"uv": [0, 0, 16, 8], "rotation": 180, "texture": "#1"},
				"east": {"uv": [0, 8, 16, 16], "rotation": 90, "texture": "#1"},
				"south": {"uv": [0, 0, 16, 8], "texture": "#1"},
				"west": {"uv": [0, 8, 16, 16], "rotation": 270, "texture": "#1"},
				"up": {"uv": [0, 8, 16, 16], "texture": "#1"},
				"down": {"uv": [0, 8, 16, 16], "rotation": 180, "texture": "#1"}
			}
		},
		{
			"from": [5, 0, 8],
			"to": [12, 3.5, 15],
			"rotation": {"angle": 0, "axis": "x", "origin": [4.5, 11.55, 11.15]},
			"faces": {
				"north": {"uv": [0, 8, 16, 16], "texture": "#1"},
				"east": {"uv": [0, 8, 16, 16], "texture": "#1"},
				"south": {"uv": [0, 8, 16, 16], "texture": "#1"},
				"west": {"uv": [0, 8, 16, 16], "texture": "#1"},
				"up": {"uv": [0, 0, 16, 16], "texture": "#1"},
				"down": {"uv": [0, 0, 16, 8], "texture": "#1"}
			}
		},
		{
			"from": [5, 3.5, 11.5],
			"to": [12, 7, 15],
			"rotation": {"angle": 0, "axis": "x", "origin": [4.5, 11.55, 11.15]},
			"faces": {
				"north": {"uv": [0, 8, 16, 16], "texture": "#1"},
				"east": {"uv": [0, 8, 16, 16], "texture": "#1"},
				"south": {"uv": [0, 8, 16, 16], "texture": "#1"},
				"west": {"uv": [0, 8, 16, 16], "texture": "#1"},
				"up": {"uv": [0, 0, 16, 8], "texture": "#1"},
				"down": {"uv": [0, 0, 16, 8], "texture": "#1"}
			}
		}
	]
}