{
	"credit": "Made with Blockbench",
	"parent": "block/block",
	"textures": {
		"1": "block/spruce_trapdoor",
		"3": "block/flowering_azalea_side",
		"4": "block/potted_flowering_azalea_bush_plant",
		"5": "block/moss_block",
		"6": "block/flowering_azalea_top",
		"particle": "block/azalea_plant"
	},
	"elements": [
		{
			"from": [-8, 0, 0],
			"to": [8, 16, 16],
			"faces": {
				"north": {"uv": [0, 0, 16, 16], "texture": "#5"},
				"east": {"uv": [0, 0, 16, 4], "texture": "#missing"},
				"south": {"uv": [0, 0, 16, 15.75], "texture": "#5"},
				"west": {"uv": [0, 0, 16, 16], "texture": "#5"},
				"up": {"uv": [0, 0, 16, 16], "texture": "#5"},
				"down": {"uv": [0, 0, 16, 16], "texture": "#5"}
			}
		},
		{
			"from": [8, 0, 0],
			"to": [24, 16, 16],
			"faces": {
				"north": {"uv": [0, 0, 16, 16], "texture": "#5"},
				"east": {"uv": [0, 0, 16, 16], "texture": "#5"},
				"south": {"uv": [0, 0, 16, 16], "texture": "#5"},
				"west": {"uv": [0, 0, 16, 4], "texture": "#5"},
				"up": {"uv": [0, 0, 16, 16], "texture": "#5"},
				"down": {"uv": [0, 0, 16, 16], "texture": "#5"}
			}
		},
		{
			"from": [-8, 0, -2],
			"to": [8, 16, 0],
			"faces": {
				"north": {"uv": [0, 0, 16, 16], "texture": "#1"},
				"east": {"uv": [0, 0, 3, 16], "texture": "#1"},
				"south": {"uv": [0, 0, 16, 16], "texture": "#missing"},
				"west": {"uv": [0, 0, 3, 16], "texture": "#1"},
				"up": {"uv": [0, 0, 16, 3], "texture": "#1"},
				"down": {"uv": [0, 0, 16, 3], "texture": "#1"}
			}
		},
		{
			"from": [8, 0, -2],
			"to": [24, 16, 0],
			"faces": {
				"north": {"uv": [0, 0, 16, 16], "texture": "#1"},
				"east": {"uv": [0, 0, 3, 16], "texture": "#1"},
				"south": {"uv": [0, 0, 16, 16], "texture": "#missing"},
				"west": {"uv": [0, 0, 3, 16], "texture": "#1"},
				"up": {"uv": [0, 0, 16, 3], "texture": "#1"},
				"down": {"uv": [0, 0, 16, 3], "texture": "#1"}
			}
		},
		{
			"from": [24, 0, 0],
			"to": [26, 16, 16],
			"faces": {
				"north": {"uv": [0, 0, 3, 16], "texture": "#1"},
				"east": {"uv": [0, 0, 16, 16], "texture": "#1"},
				"south": {"uv": [0, 0, 3, 16], "texture": "#1"},
				"west": {"uv": [0, 0, 16, 16], "texture": "#missing"},
				"up": {"uv": [0, 0, 16, 3], "rotation": 90, "texture": "#1"},
				"down": {"uv": [0, 0, 16, 3], "rotation": 270, "texture": "#1"}
			}
		},
		{
			"from": [-10, 0, 0],
			"to": [-8, 16, 16],
			"faces": {
				"north": {"uv": [0, 0, 3, 16], "texture": "#1"},
				"east": {"uv": [0, 0, 16, 16], "texture": "#missing"},
				"south": {"uv": [0, 0, 3, 16], "texture": "#1"},
				"west": {"uv": [0, 0, 16, 16], "texture": "#1"},
				"up": {"uv": [0, 0, 16, 3], "rotation": 270, "texture": "#1"},
				"down": {"uv": [0, 0, 16, 3], "rotation": 90, "texture": "#1"}
			}
		},
		{
			"from": [-8, 32, 0],
			"to": [8, 32, 16],
			"rotation": {"angle": 0, "axis": "y", "origin": [-8, 16, 0]},
			"faces": {
				"up": {"uv": [0, 0, 16, 16], "texture": "#6", "cullface": "up"},
				"down": {"uv": [0, 16, 16, 0], "texture": "#6"}
			}
		},
		{
			"from": [-8, 21, 0],
			"to": [8, 32, 0.01],
			"rotation": {"angle": 0, "axis": "y", "origin": [-8, 16, 0]},
			"faces": {
				"north": {"uv": [0, 0, 16, 11], "texture": "#3", "cullface": "north"},
				"south": {"uv": [16, 0, 0, 11], "texture": "#3"}
			}
		},
		{
			"from": [-8, 21, 15.99],
			"to": [8, 32, 16],
			"rotation": {"angle": 0, "axis": "y", "origin": [-8, 16, 0]},
			"faces": {
				"north": {"uv": [16, 0, 0, 11], "texture": "#3"},
				"south": {"uv": [0, 0, 16, 11], "texture": "#3", "cullface": "south"}
			}
		},
		{
			"from": [-8, 21, 0],
			"to": [-7.99, 32, 16],
			"rotation": {"angle": 0, "axis": "y", "origin": [-8, 16, 0]},
			"faces": {
				"east": {"uv": [16, 0, 0, 11], "texture": "#3"},
				"west": {"uv": [0, 0, 16, 11], "texture": "#3", "cullface": "west"}
			}
		},
		{
			"from": [7.99, 21, 0],
			"to": [8, 32, 16],
			"rotation": {"angle": 0, "axis": "y", "origin": [-8, 16, 0]},
			"faces": {
				"east": {"uv": [0, 0, 16, 11], "texture": "#3", "cullface": "east"},
				"west": {"uv": [16, 0, 0, 11], "texture": "#3"}
			}
		},
		{
			"from": [-7.9, 16, 8],
			"to": [7.9, 31.9, 8],
			"rotation": {"angle": 45, "axis": "y", "origin": [0, 24, 8], "rescale": true},
			"faces": {
				"north": {"uv": [0, 0, 16, 16], "texture": "#4"},
				"south": {"uv": [0, 0, 16, 16], "texture": "#4"}
			}
		},
		{
			"from": [0, 16, 0.1],
			"to": [0, 31.9, 15.9],
			"rotation": {"angle": 45, "axis": "y", "origin": [0, 24, 8], "rescale": true},
			"faces": {
				"east": {"uv": [0, 0, 16, 16], "texture": "#4"},
				"west": {"uv": [0, 0, 16, 16], "texture": "#4"}
			}
		},
		{
			"from": [8, 32, 0],
			"to": [24, 32, 16],
			"rotation": {"angle": 0, "axis": "y", "origin": [8, 16, 0]},
			"faces": {
				"up": {"uv": [0, 0, 16, 16], "texture": "#6", "cullface": "up"},
				"down": {"uv": [0, 16, 16, 0], "texture": "#6"}
			}
		},
		{
			"from": [8, 21, 0],
			"to": [24, 32, 0.01],
			"rotation": {"angle": 0, "axis": "y", "origin": [8, 16, 0]},
			"faces": {
				"north": {"uv": [0, 0, 16, 11], "texture": "#3", "cullface": "north"},
				"south": {"uv": [16, 0, 0, 11], "texture": "#3"}
			}
		},
		{
			"from": [8, 21, 15.99],
			"to": [24, 32, 16],
			"rotation": {"angle": 0, "axis": "y", "origin": [8, 16, 0]},
			"faces": {
				"north": {"uv": [16, 0, 0, 11], "texture": "#3"},
				"south": {"uv": [0, 0, 16, 11], "texture": "#3", "cullface": "south"}
			}
		},
		{
			"from": [8, 21, 0],
			"to": [8.01, 32, 16],
			"rotation": {"angle": 0, "axis": "y", "origin": [8, 16, 0]},
			"faces": {
				"east": {"uv": [16, 0, 0, 11], "texture": "#3"},
				"west": {"uv": [0, 0, 16, 11], "texture": "#3", "cullface": "west"}
			}
		},
		{
			"from": [23.99, 21, 0],
			"to": [24, 32, 16],
			"rotation": {"angle": 0, "axis": "y", "origin": [8, 16, 0]},
			"faces": {
				"east": {"uv": [0, 0, 16, 11], "texture": "#3", "cullface": "east"},
				"west": {"uv": [16, 0, 0, 11], "texture": "#3"}
			}
		},
		{
			"from": [8.1, 16, 8],
			"to": [23.9, 31.9, 8],
			"rotation": {"angle": 45, "axis": "y", "origin": [16, 24, 8], "rescale": true},
			"faces": {
				"north": {"uv": [0, 0, 16, 16], "texture": "#4"},
				"south": {"uv": [0, 0, 16, 16], "texture": "#4"}
			}
		},
		{
			"from": [16, 16, 0.1],
			"to": [16, 31.9, 15.9],
			"rotation": {"angle": 45, "axis": "y", "origin": [16, 24, 8], "rescale": true},
			"faces": {
				"east": {"uv": [0, 0, 16, 16], "texture": "#4"},
				"west": {"uv": [0, 0, 16, 16], "texture": "#4"}
			}
		}
	],
	"groups": [
		0,
		1,
		2,
		3,
		4,
		5,
		{
			"name": "template_azalea",
			"origin": [8, 8, 8],
			"color": 0,
			"children": [6, 7, 8, 9, 10, 11, 12]
		},
		{
			"name": "template_azalea",
			"origin": [8, 8, 8],
			"color": 0,
			"children": [13, 14, 15, 16, 17, 18, 19]
		}
	]
}