{
	"credit": "Made with Blockbench",
	"textures": {
		"0": "block/iron_trapdoor",
		"1": "block/quartz_block_bottom",
		"particle": "block/iron_trapdoor"
	},
	"elements": [
		{
			"from": [8, 20.9125, 3],
			"to": [15, 21.7875, 10],
			"rotation": {"angle": 0, "axis": "y", "origin": [8, 15.925, 7.9125]},
			"faces": {
				"north": {"uv": [0, 14, 16, 16], "texture": "#0"},
				"east": {"uv": [0, 0, 16, 1.25], "rotation": 180, "texture": "#0"},
				"south": {"uv": [0, 0, 16, 1], "rotation": 180, "texture": "#0"},
				"west": {"uv": [0, 0, 16, 1.25], "texture": "#0"},
				"up": {"uv": [0, 0, 16, 16], "rotation": 90, "texture": "#0"},
				"down": {"uv": [0, 0, 16, 16], "rotation": 90, "texture": "#0"}
			}
		},
		{
			"from": [8, 7, 9.125],
			"to": [15, 14, 10],
			"rotation": {"angle": 0, "axis": "x", "origin": [8, 15.925, 7.9125]},
			"faces": {
				"north": {"uv": [0, 0, 16, 16], "rotation": 270, "texture": "#0"},
				"east": {"uv": [0, 0, 16, 1.25], "rotation": 90, "texture": "#0"},
				"south": {"uv": [0, 0, 16, 16], "rotation": 90, "texture": "#0"},
				"west": {"uv": [0, 0, 16, 1.25], "rotation": 90, "texture": "#0"},
				"up": {"uv": [0, 14, 16, 16], "rotation": 180, "texture": "#0"},
				"down": {"uv": [0, 0, 16, 1], "rotation": 180, "texture": "#0"}
			}
		},
		{
			"from": [8, 0, 2.3],
			"to": [15, 7, 3.175],
			"rotation": {"angle": 0, "axis": "y", "origin": [8, 15.925, 7.9125]},
			"faces": {
				"north": {"uv": [0, 0, 16, 16], "rotation": 270, "texture": "#0"},
				"east": {"uv": [0, 0, 16, 1.25], "rotation": 90, "texture": "#0"},
				"south": {"uv": [0, 0, 16, 16], "rotation": 90, "texture": "#0"},
				"west": {"uv": [0, 0, 16, 1.25], "rotation": 90, "texture": "#0"},
				"up": {"uv": [0, 14, 16, 16], "rotation": 180, "texture": "#0"},
				"down": {"uv": [0, 0, 16, 1], "rotation": 180, "texture": "#0"}
			}
		},
		{
			"from": [1, 0, 3],
			"to": [8, 3.5, 10],
			"rotation": {"angle": 0, "axis": "y", "origin": [4.5, 3.5, 12.375]},
			"faces": {
				"north": {"uv": [0, 8, 16, 16], "texture": "#1"},
				"east": {"uv": [0, 8, 16, 16], "texture": "#1"},
				"south": {"uv": [0, 8, 16, 16], "texture": "#1"},
				"west": {"uv": [0, 8, 16, 16], "texture": "#1"},
				"up": {"uv": [0, 0, 16, 16], "texture": "#1"},
				"down": {"uv": [0, 0, 16, 8], "texture": "#1"}
			}
		},
		{
			"from": [1, 14, 6.5],
			"to": [8, 21, 10],
			"rotation": {"angle": 0, "axis": "y", "origin": [4.5, 3.5, 12.375]},
			"faces": {
				"north": {"uv": [0, 0, 16, 16], "rotation": 180, "texture": "#1"},
				"east": {"uv": [0, 8, 16, 16], "rotation": 90, "texture": "#1"},
				"south": {"uv": [0, 0, 16, 8], "texture": "#1"},
				"west": {"uv": [0, 8, 16, 16], "rotation": 270, "texture": "#1"},
				"up": {"uv": [0, 8, 16, 16], "texture": "#1"},
				"down": {"uv": [0, 8, 16, 16], "rotation": 180, "texture": "#1"}
			}
		},
		{
			"from": [1, 20.9125, 3],
			"to": [8, 21.7875, 10],
			"rotation": {"angle": 0, "axis": "y", "origin": [8, 15.925, 7.9125]},
			"faces": {
				"north": {"uv": [0, 14, 16, 16], "texture": "#0"},
				"east": {"uv": [0, 0, 16, 1.25], "rotation": 180, "texture": "#0"},
				"south": {"uv": [0, 0, 16, 1], "rotation": 180, "texture": "#0"},
				"west": {"uv": [0, 0, 16, 1.25], "texture": "#0"},
				"up": {"uv": [0, 0, 16, 16], "rotation": 90, "texture": "#0"},
				"down": {"uv": [0, 0, 16, 16], "rotation": 90, "texture": "#0"}
			}
		},
		{
			"from": [1, 7, 9.125],
			"to": [8, 14, 10],
			"rotation": {"angle": 0, "axis": "y", "origin": [8, 15.925, 7.9125]},
			"faces": {
				"north": {"uv": [0, 0, 16, 16], "rotation": 270, "texture": "#0"},
				"east": {"uv": [0, 0, 16, 1.25], "rotation": 90, "texture": "#0"},
				"south": {"uv": [0, 0, 16, 16], "rotation": 90, "texture": "#0"},
				"west": {"uv": [0, 0, 16, 1.25], "rotation": 90, "texture": "#0"},
				"up": {"uv": [0, 14, 16, 16], "rotation": 180, "texture": "#0"},
				"down": {"uv": [0, 0, 16, 1], "rotation": 180, "texture": "#0"}
			}
		},
		{
			"from": [1, 17.5, 3],
			"to": [8, 21, 6.5],
			"rotation": {"angle": 0, "axis": "y", "origin": [4.5, 3.5, 12.375]},
			"faces": {
				"north": {"uv": [0, 0, 16, 8], "rotation": 180, "texture": "#1"},
				"east": {"uv": [0, 8, 16, 16], "rotation": 90, "texture": "#1"},
				"south": {"uv": [0, 0, 16, 8], "texture": "#1"},
				"west": {"uv": [0, 8, 16, 16], "rotation": 270, "texture": "#1"},
				"up": {"uv": [0, 8, 16, 16], "texture": "#1"},
				"down": {"uv": [0, 8, 16, 16], "rotation": 180, "texture": "#1"}
			}
		},
		{
			"from": [1, 3.5, 6.5],
			"to": [8, 7, 10],
			"rotation": {"angle": 0, "axis": "y", "origin": [4.5, 3.5, 12.375]},
			"faces": {
				"north": {"uv": [0, 8, 16, 16], "texture": "#1"},
				"east": {"uv": [0, 8, 16, 16], "texture": "#1"},
				"south": {"uv": [0, 8, 16, 16], "texture": "#1"},
				"west": {"uv": [0, 8, 16, 16], "texture": "#1"},
				"up": {"uv": [0, 0, 16, 8], "texture": "#1"},
				"down": {"uv": [0, 0, 16, 8], "texture": "#1"}
			}
		},
		{
			"from": [1, 0, 2.3],
			"to": [8, 7, 3.175],
			"rotation": {"angle": 0, "axis": "y", "origin": [8, 15.925, 7.9125]},
			"faces": {
				"north": {"uv": [0, 0, 16, 16], "rotation": 270, "texture": "#0"},
				"east": {"uv": [0, 0, 16, 1.25], "rotation": 90, "texture": "#0"},
				"south": {"uv": [0, 0, 16, 16], "rotation": 90, "texture": "#0"},
				"west": {"uv": [0, 0, 16, 1.25], "rotation": 90, "texture": "#0"},
				"up": {"uv": [0, 14, 16, 16], "rotation": 180, "texture": "#0"},
				"down": {"uv": [0, 0, 16, 1], "rotation": 180, "texture": "#0"}
			}
		},
		{
			"from": [0.125, 14, 3],
			"to": [1, 21, 10],
			"rotation": {"angle": 0, "axis": "y", "origin": [8, 15.925, 7.9125]},
			"faces": {
				"north": {"uv": [0, 14, 16, 16], "rotation": 90, "texture": "#0"},
				"east": {"uv": [0, 0, 16, 16], "texture": "#0"},
				"south": {"uv": [0, 0, 16, 1], "rotation": 90, "texture": "#0"},
				"west": {"uv": [0, 0, 16, 16], "texture": "#0"},
				"up": {"uv": [0, 0, 16, 1.25], "rotation": 90, "texture": "#0"},
				"down": {"uv": [0, 0, 16, 1.25], "rotation": 270, "texture": "#0"}
			}
		},
		{
			"from": [0.125, 7, 3],
			"to": [1, 14, 10],
			"rotation": {"angle": 0, "axis": "y", "origin": [8, 15.925, 7.9125]},
			"faces": {
				"north": {"uv": [0, 14, 16, 16], "rotation": 90, "texture": "#0"},
				"east": {"uv": [0, 0, 16, 16], "texture": "#0"},
				"south": {"uv": [0, 0, 16, 1], "rotation": 90, "texture": "#0"},
				"west": {"uv": [0, 0, 16, 16], "texture": "#0"},
				"up": {"uv": [0, 0, 16, 1.25], "rotation": 90, "texture": "#0"},
				"down": {"uv": [0, 0, 16, 1.25], "rotation": 270, "texture": "#0"}
			}
		},
		{
			"from": [0.125, 0, 3],
			"to": [1, 7, 10],
			"rotation": {"angle": 0, "axis": "y", "origin": [8, 15.925, 7.9125]},
			"faces": {
				"north": {"uv": [0, 14, 16, 16], "rotation": 90, "texture": "#0"},
				"east": {"uv": [0, 0, 16, 16], "texture": "#0"},
				"south": {"uv": [0, 0, 16, 1], "rotation": 90, "texture": "#0"},
				"west": {"uv": [0, 0, 16, 16], "texture": "#0"},
				"up": {"uv": [0, 0, 16, 1.25], "rotation": 90, "texture": "#0"},
				"down": {"uv": [0, 0, 16, 1.25], "rotation": 270, "texture": "#0"}
			}
		},
		{
			"from": [15, 14, 3],
			"to": [15.875, 21, 10],
			"rotation": {"angle": 0, "axis": "y", "origin": [8, 15.925, 7.9125]},
			"faces": {
				"north": {"uv": [0, 14, 16, 16], "rotation": 90, "texture": "#0"},
				"east": {"uv": [0, 0, 16, 16], "texture": "#0"},
				"south": {"uv": [0, 0, 16, 1], "rotation": 90, "texture": "#0"},
				"west": {"uv": [0, 0, 16, 16], "texture": "#0"},
				"up": {"uv": [0, 0, 16, 1.25], "rotation": 90, "texture": "#0"},
				"down": {"uv": [0, 0, 16, 1.25], "rotation": 270, "texture": "#0"}
			}
		},
		{
			"from": [15, 7, 3],
			"to": [15.875, 14, 10],
			"rotation": {"angle": 0, "axis": "y", "origin": [8, 15.925, 7.9125]},
			"faces": {
				"north": {"uv": [0, 14, 16, 16], "rotation": 90, "texture": "#0"},
				"east": {"uv": [0, 0, 16, 16], "texture": "#0"},
				"south": {"uv": [0, 0, 16, 1], "rotation": 90, "texture": "#0"},
				"west": {"uv": [0, 0, 16, 16], "texture": "#0"},
				"up": {"uv": [0, 0, 16, 1.25], "rotation": 90, "texture": "#0"},
				"down": {"uv": [0, 0, 16, 1.25], "rotation": 270, "texture": "#0"}
			}
		},
		{
			"from": [15, 0, 3],
			"to": [15.875, 7, 10],
			"rotation": {"angle": 0, "axis": "y", "origin": [8, 15.925, 7.9125]},
			"faces": {
				"north": {"uv": [0, 14, 16, 16], "rotation": 90, "texture": "#0"},
				"east": {"uv": [0, 0, 16, 16], "texture": "#0"},
				"south": {"uv": [0, 0, 16, 1], "rotation": 90, "texture": "#0"},
				"west": {"uv": [0, 0, 16, 16], "texture": "#0"},
				"up": {"uv": [0, 0, 16, 1.25], "rotation": 90, "texture": "#0"},
				"down": {"uv": [0, 0, 16, 1.25], "rotation": 270, "texture": "#0"}
			}
		},
		{
			"from": [8, 14, 6.5],
			"to": [15, 21, 10],
			"rotation": {"angle": 0, "axis": "x", "origin": [4.5, 3.5, 12.375]},
			"faces": {
				"north": {"uv": [0, 0, 16, 16], "rotation": 180, "texture": "#1"},
				"east": {"uv": [0, 8, 16, 16], "rotation": 90, "texture": "#1"},
				"south": {"uv": [0, 0, 16, 8], "texture": "#1"},
				"west": {"uv": [0, 8, 16, 16], "rotation": 270, "texture": "#1"},
				"up": {"uv": [0, 8, 16, 16], "texture": "#1"},
				"down": {"uv": [0, 8, 16, 16], "rotation": 180, "texture": "#1"}
			}
		},
		{
			"from": [8, 17.5, 3],
			"to": [15, 21, 6.5],
			"rotation": {"angle": 0, "axis": "x", "origin": [4.5, 3.5, 12.375]},
			"faces": {
				"north": {"uv": [0, 0, 16, 8], "rotation": 180, "texture": "#1"},
				"east": {"uv": [0, 8, 16, 16], "rotation": 90, "texture": "#1"},
				"south": {"uv": [0, 0, 16, 8], "texture": "#1"},
				"west": {"uv": [0, 8, 16, 16], "rotation": 270, "texture": "#1"},
				"up": {"uv": [0, 8, 16, 16], "texture": "#1"},
				"down": {"uv": [0, 8, 16, 16], "rotation": 180, "texture": "#1"}
			}
		},
		{
			"from": [8, 0, 3],
			"to": [15, 3.5, 10],
			"rotation": {"angle": 0, "axis": "x", "origin": [4.5, 3.5, 12.375]},
			"faces": {
				"north": {"uv": [0, 8, 16, 16], "texture": "#1"},
				"east": {"uv": [0, 8, 16, 16], "texture": "#1"},
				"south": {"uv": [0, 8, 16, 16], "texture": "#1"},
				"west": {"uv": [0, 8, 16, 16], "texture": "#1"},
				"up": {"uv": [0, 0, 16, 16], "texture": "#1"},
				"down": {"uv": [0, 0, 16, 8], "texture": "#1"}
			}
		},
		{
			"from": [8, 3.5, 6.5],
			"to": [15, 7, 10],
			"rotation": {"angle": 0, "axis": "x", "origin": [4.5, 3.5, 12.375]},
			"faces": {
				"north": {"uv": [0, 8, 16, 16], "texture": "#1"},
				"east": {"uv": [0, 8, 16, 16], "texture": "#1"},
				"south": {"uv": [0, 8, 16, 16], "texture": "#1"},
				"west": {"uv": [0, 8, 16, 16], "texture": "#1"},
				"up": {"uv": [0, 0, 16, 8], "texture": "#1"},
				"down": {"uv": [0, 0, 16, 8], "texture": "#1"}
			}
		}
	]
}