{
	"credit": "Made with Blockbench",
	"textures": {
		"0": "block/iron_trapdoor",
		"1": "block/quartz_block_bottom",
		"particle": "block/iron_trapdoor"
	},
	"elements": [
		{
			"from": [5, 20.9125, 6],
			"to": [12, 21.7875, 13],
			"rotation": {"angle": 0, "axis": "y", "origin": [8, 15.925, 7.9125]},
			"faces": {
				"north": {"uv": [0, 14, 16, 16], "texture": "#0"},
				"east": {"uv": [0, 0, 16, 1.25], "rotation": 180, "texture": "#0"},
				"south": {"uv": [0, 0, 16, 1], "rotation": 180, "texture": "#0"},
				"west": {"uv": [0, 0, 16, 1.25], "texture": "#0"},
				"up": {"uv": [0, 0, 16, 16], "rotation": 90, "texture": "#0"},
				"down": {"uv": [0, 0, 16, 16], "rotation": 90, "texture": "#0"}
			}
		},
		{
			"from": [5, 7, 12.125],
			"to": [12, 14, 13],
			"rotation": {"angle": 0, "axis": "x", "origin": [8, 15.925, 7.9125]},
			"faces": {
				"north": {"uv": [0, 0, 16, 16], "rotation": 270, "texture": "#0"},
				"east": {"uv": [0, 0, 16, 1.25], "rotation": 90, "texture": "#0"},
				"south": {"uv": [0, 0, 16, 16], "rotation": 90, "texture": "#0"},
				"west": {"uv": [0, 0, 16, 1.25], "rotation": 90, "texture": "#0"},
				"up": {"uv": [0, 14, 16, 16], "rotation": 180, "texture": "#0"},
				"down": {"uv": [0, 0, 16, 1], "rotation": 180, "texture": "#0"}
			}
		},
		{
			"from": [5, 0, 5.3],
			"to": [12, 7, 6.175],
			"rotation": {"angle": 0, "axis": "y", "origin": [8, 15.925, 7.9125]},
			"faces": {
				"north": {"uv": [0, 0, 16, 16], "rotation": 270, "texture": "#0"},
				"east": {"uv": [0, 0, 16, 1.25], "rotation": 90, "texture": "#0"},
				"south": {"uv": [0, 0, 16, 16], "rotation": 90, "texture": "#0"},
				"west": {"uv": [0, 0, 16, 1.25], "rotation": 90, "texture": "#0"},
				"up": {"uv": [0, 14, 16, 16], "rotation": 180, "texture": "#0"},
				"down": {"uv": [0, 0, 16, 1], "rotation": 180, "texture": "#0"}
			}
		},
		{
			"from": [12, 20.9125, 6],
			"to": [19, 21.7875, 13],
			"rotation": {"angle": 0, "axis": "y", "origin": [8, 15.925, 7.9125]},
			"faces": {
				"north": {"uv": [0, 14, 16, 16], "texture": "#0"},
				"east": {"uv": [0, 0, 16, 1.25], "rotation": 180, "texture": "#0"},
				"south": {"uv": [0, 0, 16, 1], "rotation": 180, "texture": "#0"},
				"west": {"uv": [0, 0, 16, 1.25], "texture": "#0"},
				"up": {"uv": [0, 0, 16, 16], "rotation": 90, "texture": "#0"},
				"down": {"uv": [0, 0, 16, 16], "rotation": 90, "texture": "#0"}
			}
		},
		{
			"from": [12, 14, 9.5],
			"to": [19, 21, 13],
			"rotation": {"angle": 0, "axis": "y", "origin": [4.5, 3.5, 12.375]},
			"faces": {
				"north": {"uv": [0, 0, 16, 16], "rotation": 180, "texture": "#1"},
				"east": {"uv": [0, 8, 16, 16], "rotation": 90, "texture": "#1"},
				"south": {"uv": [0, 0, 16, 8], "texture": "#1"},
				"west": {"uv": [0, 8, 16, 16], "rotation": 270, "texture": "#1"},
				"up": {"uv": [0, 8, 16, 16], "texture": "#1"},
				"down": {"uv": [0, 8, 16, 16], "rotation": 180, "texture": "#1"}
			}
		},
		{
			"from": [12, 7, 12.125],
			"to": [19, 14, 13],
			"rotation": {"angle": 0, "axis": "y", "origin": [8, 15.925, 7.9125]},
			"faces": {
				"north": {"uv": [0, 0, 16, 16], "rotation": 270, "texture": "#0"},
				"east": {"uv": [0, 0, 16, 1.25], "rotation": 90, "texture": "#0"},
				"south": {"uv": [0, 0, 16, 16], "rotation": 90, "texture": "#0"},
				"west": {"uv": [0, 0, 16, 1.25], "rotation": 90, "texture": "#0"},
				"up": {"uv": [0, 14, 16, 16], "rotation": 180, "texture": "#0"},
				"down": {"uv": [0, 0, 16, 1], "rotation": 180, "texture": "#0"}
			}
		},
		{
			"from": [12, 3.5, 9.5],
			"to": [19, 7, 13],
			"rotation": {"angle": 0, "axis": "y", "origin": [4.5, 3.5, 12.375]},
			"faces": {
				"north": {"uv": [0, 8, 16, 16], "texture": "#1"},
				"east": {"uv": [0, 8, 16, 16], "texture": "#1"},
				"south": {"uv": [0, 8, 16, 16], "texture": "#1"},
				"west": {"uv": [0, 8, 16, 16], "texture": "#1"},
				"up": {"uv": [0, 0, 16, 8], "texture": "#1"},
				"down": {"uv": [0, 0, 16, 8], "texture": "#1"}
			}
		},
		{
			"from": [12, 0, 5.3],
			"to": [19, 7, 6.175],
			"rotation": {"angle": 0, "axis": "y", "origin": [8, 15.925, 7.9125]},
			"faces": {
				"north": {"uv": [0, 0, 16, 16], "rotation": 270, "texture": "#0"},
				"east": {"uv": [0, 0, 16, 1.25], "rotation": 90, "texture": "#0"},
				"south": {"uv": [0, 0, 16, 16], "rotation": 90, "texture": "#0"},
				"west": {"uv": [0, 0, 16, 1.25], "rotation": 90, "texture": "#0"},
				"up": {"uv": [0, 14, 16, 16], "rotation": 180, "texture": "#0"},
				"down": {"uv": [0, 0, 16, 1], "rotation": 180, "texture": "#0"}
			}
		},
		{
			"from": [-2, 0, 6],
			"to": [5, 3.5, 13],
			"rotation": {"angle": 0, "axis": "y", "origin": [4.5, 3.5, 12.375]},
			"faces": {
				"north": {"uv": [0, 8, 16, 16], "texture": "#1"},
				"east": {"uv": [0, 8, 16, 16], "texture": "#1"},
				"south": {"uv": [0, 8, 16, 16], "texture": "#1"},
				"west": {"uv": [0, 8, 16, 16], "texture": "#1"},
				"up": {"uv": [0, 0, 16, 16], "texture": "#1"},
				"down": {"uv": [0, 0, 16, 8], "texture": "#1"}
			}
		},
		{
			"from": [-2, 14, 9.5],
			"to": [5, 21, 13],
			"rotation": {"angle": 0, "axis": "y", "origin": [4.5, 3.5, 12.375]},
			"faces": {
				"north": {"uv": [0, 0, 16, 16], "rotation": 180, "texture": "#1"},
				"east": {"uv": [0, 8, 16, 16], "rotation": 90, "texture": "#1"},
				"south": {"uv": [0, 0, 16, 8], "texture": "#1"},
				"west": {"uv": [0, 8, 16, 16], "rotation": 270, "texture": "#1"},
				"up": {"uv": [0, 8, 16, 16], "texture": "#1"},
				"down": {"uv": [0, 8, 16, 16], "rotation": 180, "texture": "#1"}
			}
		},
		{
			"from": [-2, 20.9125, 6],
			"to": [5, 21.7875, 13],
			"rotation": {"angle": 0, "axis": "y", "origin": [8, 15.925, 7.9125]},
			"faces": {
				"north": {"uv": [0, 14, 16, 16], "texture": "#0"},
				"east": {"uv": [0, 0, 16, 1.25], "rotation": 180, "texture": "#0"},
				"south": {"uv": [0, 0, 16, 1], "rotation": 180, "texture": "#0"},
				"west": {"uv": [0, 0, 16, 1.25], "texture": "#0"},
				"up": {"uv": [0, 0, 16, 16], "rotation": 90, "texture": "#0"},
				"down": {"uv": [0, 0, 16, 16], "rotation": 90, "texture": "#0"}
			}
		},
		{
			"from": [-2, 7, 12.125],
			"to": [5, 14, 13],
			"rotation": {"angle": 0, "axis": "y", "origin": [8, 15.925, 7.9125]},
			"faces": {
				"north": {"uv": [0, 0, 16, 16], "rotation": 270, "texture": "#0"},
				"east": {"uv": [0, 0, 16, 1.25], "rotation": 90, "texture": "#0"},
				"south": {"uv": [0, 0, 16, 16], "rotation": 90, "texture": "#0"},
				"west": {"uv": [0, 0, 16, 1.25], "rotation": 90, "texture": "#0"},
				"up": {"uv": [0, 14, 16, 16], "rotation": 180, "texture": "#0"},
				"down": {"uv": [0, 0, 16, 1], "rotation": 180, "texture": "#0"}
			}
		},
		{
			"from": [-2, 17.5, 6],
			"to": [5, 21, 9.5],
			"rotation": {"angle": 0, "axis": "y", "origin": [4.5, 3.5, 12.375]},
			"faces": {
				"north": {"uv": [0, 0, 16, 8], "rotation": 180, "texture": "#1"},
				"east": {"uv": [0, 8, 16, 16], "rotation": 90, "texture": "#1"},
				"south": {"uv": [0, 0, 16, 8], "texture": "#1"},
				"west": {"uv": [0, 8, 16, 16], "rotation": 270, "texture": "#1"},
				"up": {"uv": [0, 8, 16, 16], "texture": "#1"},
				"down": {"uv": [0, 8, 16, 16], "rotation": 180, "texture": "#1"}
			}
		},
		{
			"from": [-2, 3.5, 9.5],
			"to": [5, 7, 13],
			"rotation": {"angle": 0, "axis": "y", "origin": [4.5, 3.5, 12.375]},
			"faces": {
				"north": {"uv": [0, 8, 16, 16], "texture": "#1"},
				"east": {"uv": [0, 8, 16, 16], "texture": "#1"},
				"south": {"uv": [0, 8, 16, 16], "texture": "#1"},
				"west": {"uv": [0, 8, 16, 16], "texture": "#1"},
				"up": {"uv": [0, 0, 16, 8], "texture": "#1"},
				"down": {"uv": [0, 0, 16, 8], "texture": "#1"}
			}
		},
		{
			"from": [-2, 0, 5.3],
			"to": [5, 7, 6.175],
			"rotation": {"angle": 0, "axis": "y", "origin": [8, 15.925, 7.9125]},
			"faces": {
				"north": {"uv": [0, 0, 16, 16], "rotation": 270, "texture": "#0"},
				"east": {"uv": [0, 0, 16, 1.25], "rotation": 90, "texture": "#0"},
				"south": {"uv": [0, 0, 16, 16], "rotation": 90, "texture": "#0"},
				"west": {"uv": [0, 0, 16, 1.25], "rotation": 90, "texture": "#0"},
				"up": {"uv": [0, 14, 16, 16], "rotation": 180, "texture": "#0"},
				"down": {"uv": [0, 0, 16, 1], "rotation": 180, "texture": "#0"}
			}
		},
		{
			"from": [-2.875, 14, 6],
			"to": [-2, 21, 13],
			"rotation": {"angle": 0, "axis": "y", "origin": [8, 15.925, 7.9125]},
			"faces": {
				"north": {"uv": [0, 14, 16, 16], "rotation": 90, "texture": "#0"},
				"east": {"uv": [0, 0, 16, 16], "texture": "#0"},
				"south": {"uv": [0, 0, 16, 1], "rotation": 90, "texture": "#0"},
				"west": {"uv": [0, 0, 16, 16], "texture": "#0"},
				"up": {"uv": [0, 0, 16, 1.25], "rotation": 90, "texture": "#0"},
				"down": {"uv": [0, 0, 16, 1.25], "rotation": 270, "texture": "#0"}
			}
		},
		{
			"from": [-2.875, 7, 6],
			"to": [-2, 14, 13],
			"rotation": {"angle": 0, "axis": "y", "origin": [8, 15.925, 7.9125]},
			"faces": {
				"north": {"uv": [0, 14, 16, 16], "rotation": 90, "texture": "#0"},
				"east": {"uv": [0, 0, 16, 16], "texture": "#0"},
				"south": {"uv": [0, 0, 16, 1], "rotation": 90, "texture": "#0"},
				"west": {"uv": [0, 0, 16, 16], "texture": "#0"},
				"up": {"uv": [0, 0, 16, 1.25], "rotation": 90, "texture": "#0"},
				"down": {"uv": [0, 0, 16, 1.25], "rotation": 270, "texture": "#0"}
			}
		},
		{
			"from": [-2.875, 0, 6],
			"to": [-2, 7, 13],
			"rotation": {"angle": 0, "axis": "y", "origin": [8, 15.925, 7.9125]},
			"faces": {
				"north": {"uv": [0, 14, 16, 16], "rotation": 90, "texture": "#0"},
				"east": {"uv": [0, 0, 16, 16], "texture": "#0"},
				"south": {"uv": [0, 0, 16, 1], "rotation": 90, "texture": "#0"},
				"west": {"uv": [0, 0, 16, 16], "texture": "#0"},
				"up": {"uv": [0, 0, 16, 1.25], "rotation": 90, "texture": "#0"},
				"down": {"uv": [0, 0, 16, 1.25], "rotation": 270, "texture": "#0"}
			}
		},
		{
			"from": [19, 14, 6],
			"to": [19.875, 21, 13],
			"rotation": {"angle": 0, "axis": "y", "origin": [8, 15.925, 7.9125]},
			"faces": {
				"north": {"uv": [0, 14, 16, 16], "rotation": 90, "texture": "#0"},
				"east": {"uv": [0, 0, 16, 16], "texture": "#0"},
				"south": {"uv": [0, 0, 16, 1], "rotation": 90, "texture": "#0"},
				"west": {"uv": [0, 0, 16, 16], "texture": "#0"},
				"up": {"uv": [0, 0, 16, 1.25], "rotation": 90, "texture": "#0"},
				"down": {"uv": [0, 0, 16, 1.25], "rotation": 270, "texture": "#0"}
			}
		},
		{
			"from": [19, 7, 6],
			"to": [19.875, 14, 13],
			"rotation": {"angle": 0, "axis": "y", "origin": [8, 15.925, 7.9125]},
			"faces": {
				"north": {"uv": [0, 14, 16, 16], "rotation": 90, "texture": "#0"},
				"east": {"uv": [0, 0, 16, 16], "texture": "#0"},
				"south": {"uv": [0, 0, 16, 1], "rotation": 90, "texture": "#0"},
				"west": {"uv": [0, 0, 16, 16], "texture": "#0"},
				"up": {"uv": [0, 0, 16, 1.25], "rotation": 90, "texture": "#0"},
				"down": {"uv": [0, 0, 16, 1.25], "rotation": 270, "texture": "#0"}
			}
		},
		{
			"from": [19, 0, 6],
			"to": [19.875, 7, 13],
			"rotation": {"angle": 0, "axis": "y", "origin": [8, 15.925, 7.9125]},
			"faces": {
				"north": {"uv": [0, 14, 16, 16], "rotation": 90, "texture": "#0"},
				"east": {"uv": [0, 0, 16, 16], "texture": "#0"},
				"south": {"uv": [0, 0, 16, 1], "rotation": 90, "texture": "#0"},
				"west": {"uv": [0, 0, 16, 16], "texture": "#0"},
				"up": {"uv": [0, 0, 16, 1.25], "rotation": 90, "texture": "#0"},
				"down": {"uv": [0, 0, 16, 1.25], "rotation": 270, "texture": "#0"}
			}
		},
		{
			"from": [5, 14, 9.5],
			"to": [12, 21, 13],
			"rotation": {"angle": 0, "axis": "x", "origin": [4.5, 3.5, 12.375]},
			"faces": {
				"north": {"uv": [0, 0, 16, 16], "rotation": 180, "texture": "#1"},
				"east": {"uv": [0, 8, 16, 16], "rotation": 90, "texture": "#1"},
				"south": {"uv": [0, 0, 16, 8], "texture": "#1"},
				"west": {"uv": [0, 8, 16, 16], "rotation": 270, "texture": "#1"},
				"up": {"uv": [0, 8, 16, 16], "texture": "#1"},
				"down": {"uv": [0, 8, 16, 16], "rotation": 180, "texture": "#1"}
			}
		},
		{
			"from": [5, 17.5, 6],
			"to": [12, 21, 9.5],
			"rotation": {"angle": 0, "axis": "x", "origin": [4.5, 3.5, 12.375]},
			"faces": {
				"north": {"uv": [0, 0, 16, 8], "rotation": 180, "texture": "#1"},
				"east": {"uv": [0, 8, 16, 16], "rotation": 90, "texture": "#1"},
				"south": {"uv": [0, 0, 16, 8], "texture": "#1"},
				"west": {"uv": [0, 8, 16, 16], "rotation": 270, "texture": "#1"},
				"up": {"uv": [0, 8, 16, 16], "texture": "#1"},
				"down": {"uv": [0, 8, 16, 16], "rotation": 180, "texture": "#1"}
			}
		},
		{
			"from": [5, 0, 6],
			"to": [12, 3.5, 13],
			"rotation": {"angle": 0, "axis": "x", "origin": [4.5, 3.5, 12.375]},
			"faces": {
				"north": {"uv": [0, 8, 16, 16], "texture": "#1"},
				"east": {"uv": [0, 8, 16, 16], "texture": "#1"},
				"south": {"uv": [0, 8, 16, 16], "texture": "#1"},
				"west": {"uv": [0, 8, 16, 16], "texture": "#1"},
				"up": {"uv": [0, 0, 16, 16], "texture": "#1"},
				"down": {"uv": [0, 0, 16, 8], "texture": "#1"}
			}
		},
		{
			"from": [12, 17.5, 6],
			"to": [19, 21, 9.5],
			"rotation": {"angle": 0, "axis": "y", "origin": [4.5, 3.5, 12.375]},
			"faces": {
				"north": {"uv": [0, 0, 16, 8], "rotation": 180, "texture": "#1"},
				"east": {"uv": [0, 8, 16, 16], "rotation": 90, "texture": "#1"},
				"south": {"uv": [0, 0, 16, 8], "texture": "#1"},
				"west": {"uv": [0, 8, 16, 16], "rotation": 270, "texture": "#1"},
				"up": {"uv": [0, 8, 16, 16], "texture": "#1"},
				"down": {"uv": [0, 8, 16, 16], "rotation": 180, "texture": "#1"}
			}
		},
		{
			"from": [12, 0, 6],
			"to": [19, 3.5, 13],
			"rotation": {"angle": 0, "axis": "y", "origin": [4.5, 3.5, 12.375]},
			"faces": {
				"north": {"uv": [0, 8, 16, 16], "texture": "#1"},
				"east": {"uv": [0, 8, 16, 16], "texture": "#1"},
				"south": {"uv": [0, 8, 16, 16], "texture": "#1"},
				"west": {"uv": [0, 8, 16, 16], "texture": "#1"},
				"up": {"uv": [0, 0, 16, 16], "texture": "#1"},
				"down": {"uv": [0, 0, 16, 8], "texture": "#1"}
			}
		},
		{
			"from": [5, 3.5, 9.5],
			"to": [12, 7, 13],
			"rotation": {"angle": 0, "axis": "x", "origin": [4.5, 3.5, 12.375]},
			"faces": {
				"north": {"uv": [0, 8, 16, 16], "texture": "#1"},
				"east": {"uv": [0, 8, 16, 16], "texture": "#1"},
				"south": {"uv": [0, 8, 16, 16], "texture": "#1"},
				"west": {"uv": [0, 8, 16, 16], "texture": "#1"},
				"up": {"uv": [0, 0, 16, 8], "texture": "#1"},
				"down": {"uv": [0, 0, 16, 8], "texture": "#1"}
			}
		}
	]
}