{
	"credit": "Made with Blockbench",
	"textures": {
		"0": "block/iron_trapdoor",
		"1": "block/polished_diorite",
		"2": "block/spruce_planks",
		"3": "block/black_wool",
		"particle": "block/iron_trapdoor"
	},
	"elements": [
		{
			"from": [-3.4, 3.6, 0.8],
			"to": [3.8, 7.2, 8],
			"rotation": {"angle": 0, "axis": "y", "origin": [-2.8, 6.3, 13.625]},
			"faces": {
				"north": {"uv": [0, 8, 16, 16], "rotation": 180, "texture": "#1"},
				"east": {"uv": [0, 8, 16, 16], "rotation": 180, "texture": "#1"},
				"south": {"uv": [0, 8, 16, 16], "rotation": 180, "texture": "#1"},
				"west": {"uv": [0, 8, 16, 16], "rotation": 180, "texture": "#1"},
				"up": {"uv": [0, 0, 16, 8], "rotation": 180, "texture": "#1"},
				"down": {"uv": [0, 0, 16, 16], "rotation": 180, "texture": "#1"}
			}
		},
		{
			"from": [-3.85, 7.2, 0.71],
			"to": [-2.95, 14.4, 7.91],
			"rotation": {"angle": 0, "axis": "y", "origin": [-2.8, 7.2, 0.71]},
			"faces": {
				"north": {"uv": [0, 0, 16, 1.25], "rotation": 90, "texture": "#0"},
				"east": {"uv": [0, 0, 16, 16], "rotation": 270, "texture": "#0"},
				"south": {"uv": [0, 0, 16, 1.25], "rotation": 90, "texture": "#0"},
				"west": {"uv": [0, 0, 16, 16], "rotation": 90, "texture": "#0"},
				"up": {"uv": [0, 14, 16, 16], "rotation": 270, "texture": "#0"},
				"down": {"uv": [0, 0, 16, 1], "rotation": 90, "texture": "#0"}
			}
		},
		{
			"from": [-3.85, 0, 0.71],
			"to": [-2.95, 7.2, 7.91],
			"rotation": {"angle": 0, "axis": "y", "origin": [-2.8, 7.2, 0.71]},
			"faces": {
				"north": {"uv": [0, 0, 16, 1.25], "rotation": 90, "texture": "#0"},
				"east": {"uv": [0, 0, 16, 16], "rotation": 270, "texture": "#0"},
				"south": {"uv": [0, 0, 16, 1.25], "rotation": 90, "texture": "#0"},
				"west": {"uv": [0, 0, 16, 16], "rotation": 90, "texture": "#0"},
				"up": {"uv": [0, 14, 16, 16], "rotation": 270, "texture": "#0"},
				"down": {"uv": [0, 0, 16, 1], "rotation": 90, "texture": "#0"}
			}
		},
		{
			"from": [-3.4, 0, 0.8],
			"to": [3.8, 3.6, 4.4],
			"rotation": {"angle": 0, "axis": "y", "origin": [-2.8, 6.3, 13.625]},
			"faces": {
				"north": {"uv": [0, 0, 16, 8], "rotation": 180, "texture": "#1"},
				"east": {"uv": [0, 0, 8, 8], "rotation": 180, "texture": "#1"},
				"south": {"uv": [0, 0, 16, 8], "rotation": 180, "texture": "#1"},
				"west": {"uv": [8, 0, 16, 8], "rotation": 180, "texture": "#1"},
				"up": {"uv": [0, 0, 16, 8], "rotation": 180, "texture": "#1"},
				"down": {"uv": [0, 0, 16, 8], "rotation": 180, "texture": "#1"}
			}
		},
		{
			"from": [-3.4, 3.6, 8],
			"to": [3.8, 7.2, 15.2],
			"rotation": {"angle": 0, "axis": "y", "origin": [-2.8, 3.6, 12.5]},
			"faces": {
				"north": {"uv": [0, 8, 16, 16], "rotation": 180, "texture": "#1"},
				"east": {"uv": [0, 8, 16, 16], "rotation": 180, "texture": "#1"},
				"south": {"uv": [0, 8, 16, 16], "rotation": 180, "texture": "#1"},
				"west": {"uv": [0, 8, 16, 16], "rotation": 180, "texture": "#1"},
				"up": {"uv": [0, 0, 16, 16], "rotation": 180, "texture": "#1"},
				"down": {"uv": [0, 0, 16, 16], "rotation": 180, "texture": "#1"}
			}
		},
		{
			"from": [-3.4, 7.2, 8],
			"to": [3.8, 7.38, 15.2],
			"rotation": {"angle": 0, "axis": "y", "origin": [-2.8, 3.6, 12.5]},
			"faces": {
				"north": {"uv": [0, 8, 16, 16], "rotation": 180, "texture": "#3"},
				"east": {"uv": [0, 8, 16, 16], "rotation": 180, "texture": "#3"},
				"south": {"uv": [0, 8, 16, 16], "rotation": 180, "texture": "#3"},
				"west": {"uv": [0, 8, 16, 16], "rotation": 180, "texture": "#3"},
				"up": {"uv": [0, 0, 16, 16], "rotation": 180, "texture": "#3"},
				"down": {"uv": [0, 0, 16, 16], "rotation": 180, "texture": "#3"}
			}
		},
		{
			"from": [-1.6, 7.2, 2.6],
			"to": [2, 10.62, 6.2],
			"rotation": {"angle": 0, "axis": "y", "origin": [-2.8, 9.09, 4.4]},
			"faces": {
				"north": {"uv": [0, 0, 16, 16], "rotation": 180, "texture": "#2"},
				"east": {"uv": [0, 8, 16, 16], "rotation": 180, "texture": "#2"},
				"south": {"uv": [0, 8, 16, 16], "rotation": 180, "texture": "#2"},
				"west": {"uv": [0, 8, 16, 16], "rotation": 180, "texture": "#2"},
				"up": {"uv": [0, 0, 16, 16], "rotation": 180, "texture": "#2"},
				"down": {"uv": [0, 0, 16, 16], "rotation": 180, "texture": "#2"}
			}
		},
		{
			"from": [-3.4, 0, 11.6],
			"to": [3.8, 3.6, 15.2],
			"rotation": {"angle": 0, "axis": "y", "origin": [-2.8, 3.6, 12.5]},
			"faces": {
				"north": {"uv": [0, 0, 16, 8], "rotation": 180, "texture": "#1"},
				"east": {"uv": [0, 0, 8, 8], "rotation": 180, "texture": "#1"},
				"south": {"uv": [0, 0, 16, 8], "rotation": 180, "texture": "#1"},
				"west": {"uv": [8, 0, 16, 8], "rotation": 180, "texture": "#1"},
				"up": {"uv": [0, 0, 16, 8], "rotation": 180, "texture": "#1"},
				"down": {"uv": [0, 0, 16, 8], "rotation": 180, "texture": "#1"}
			}
		},
		{
			"from": [11, 3.6, 8],
			"to": [18.2, 7.2, 15.2],
			"rotation": {"angle": 0, "axis": "y", "origin": [-2.8, 3.6, 12.5]},
			"faces": {
				"north": {"uv": [0, 8, 16, 16], "rotation": 180, "texture": "#1"},
				"east": {"uv": [0, 8, 16, 16], "rotation": 180, "texture": "#1"},
				"south": {"uv": [0, 8, 16, 16], "rotation": 180, "texture": "#1"},
				"west": {"uv": [0, 8, 16, 16], "rotation": 180, "texture": "#1"},
				"up": {"uv": [0, 0, 16, 16], "rotation": 270, "texture": "#1"},
				"down": {"uv": [0, 0, 16, 16], "rotation": 90, "texture": "#1"}
			}
		},
		{
			"from": [3.8, 3.6, 8],
			"to": [11, 7.2, 15.2],
			"rotation": {"angle": 0, "axis": "y", "origin": [-2.8, 3.6, 12.5]},
			"faces": {
				"north": {"uv": [0, 8, 16, 16], "rotation": 180, "texture": "#1"},
				"east": {"uv": [0, 8, 16, 16], "rotation": 180, "texture": "#1"},
				"south": {"uv": [0, 8, 16, 16], "rotation": 180, "texture": "#1"},
				"west": {"uv": [0, 8, 16, 16], "rotation": 180, "texture": "#1"},
				"up": {"uv": [0, 0, 16, 16], "rotation": 270, "texture": "#1"},
				"down": {"uv": [0, 0, 16, 16], "rotation": 90, "texture": "#1"}
			}
		},
		{
			"from": [11, 1.8, 15.2],
			"to": [18.2, 5.4, 15.74],
			"rotation": {"angle": 0, "axis": "y", "origin": [-2.8, 3.6, 12.5]},
			"faces": {
				"north": {"uv": [0, 8, 16, 16], "rotation": 180, "texture": "#2"},
				"east": {"uv": [0, 15, 16, 16], "rotation": 180, "texture": "#2"},
				"south": {"uv": [0, 8, 16, 16], "rotation": 180, "texture": "#2"},
				"west": {"uv": [0, 15, 16, 16], "rotation": 180, "texture": "#2"},
				"up": {"uv": [0, 0, 16, 1], "rotation": 270, "texture": "#2"},
				"down": {"uv": [0, 15, 16, 16], "rotation": 90, "texture": "#2"}
			}
		},
		{
			"from": [3.8, 1.8, 15.2],
			"to": [11, 5.4, 15.74],
			"rotation": {"angle": 0, "axis": "y", "origin": [-2.8, 3.6, 12.5]},
			"faces": {
				"north": {"uv": [0, 8, 16, 16], "rotation": 180, "texture": "#2"},
				"east": {"uv": [0, 15, 16, 16], "rotation": 180, "texture": "#2"},
				"south": {"uv": [0, 8, 16, 16], "rotation": 180, "texture": "#2"},
				"west": {"uv": [0, 15, 16, 16], "rotation": 180, "texture": "#2"},
				"up": {"uv": [0, 0, 16, 1], "rotation": 270, "texture": "#2"},
				"down": {"uv": [0, 15, 16, 16], "rotation": 90, "texture": "#2"}
			}
		},
		{
			"from": [-3.4, 1.8, 15.2],
			"to": [3.8, 5.4, 15.74],
			"rotation": {"angle": 0, "axis": "y", "origin": [-2.8, 3.6, 12.5]},
			"faces": {
				"north": {"uv": [0, 8, 16, 16], "rotation": 180, "texture": "#2"},
				"east": {"uv": [0, 15, 16, 16], "rotation": 180, "texture": "#2"},
				"south": {"uv": [0, 8, 16, 16], "rotation": 180, "texture": "#2"},
				"west": {"uv": [0, 15, 16, 16], "rotation": 180, "texture": "#2"},
				"up": {"uv": [0, 0, 16, 1], "rotation": 270, "texture": "#2"},
				"down": {"uv": [0, 15, 16, 16], "rotation": 90, "texture": "#2"}
			}
		},
		{
			"from": [-3.94, 1.8, 8],
			"to": [-3.4, 5.4, 15.2],
			"rotation": {"angle": 0, "axis": "y", "origin": [-2.8, 3.6, 12.5]},
			"faces": {
				"north": {"uv": [0, 15, 16, 16], "rotation": 180, "texture": "#2"},
				"east": {"uv": [0, 8, 16, 16], "rotation": 180, "texture": "#2"},
				"south": {"uv": [0, 15, 16, 16], "rotation": 180, "texture": "#2"},
				"west": {"uv": [0, 8, 16, 16], "rotation": 180, "texture": "#2"},
				"up": {"uv": [0, 0, 16, 1], "texture": "#2"},
				"down": {"uv": [0, 15, 16, 16], "texture": "#2"}
			}
		},
		{
			"from": [-3.94, 1.8, 0.8],
			"to": [-3.4, 5.4, 8],
			"rotation": {"angle": 0, "axis": "y", "origin": [-2.8, 3.6, 12.5]},
			"faces": {
				"north": {"uv": [0, 15, 16, 16], "rotation": 180, "texture": "#2"},
				"east": {"uv": [0, 8, 16, 16], "rotation": 180, "texture": "#2"},
				"south": {"uv": [0, 15, 16, 16], "rotation": 180, "texture": "#2"},
				"west": {"uv": [0, 8, 16, 16], "rotation": 180, "texture": "#2"},
				"up": {"uv": [0, 0, 16, 1], "texture": "#2"},
				"down": {"uv": [0, 15, 16, 16], "texture": "#2"}
			}
		},
		{
			"from": [14.6, 0, 8],
			"to": [18.2, 3.6, 15.2],
			"rotation": {"angle": 0, "axis": "y", "origin": [-2.8, 3.6, 12.5]},
			"faces": {
				"north": {"uv": [8, 0, 16, 8], "rotation": 180, "texture": "#1"},
				"east": {"uv": [0, 0, 16, 8], "rotation": 180, "texture": "#1"},
				"south": {"uv": [0, 0, 8, 8], "rotation": 180, "texture": "#1"},
				"west": {"uv": [0, 0, 16, 8], "rotation": 180, "texture": "#1"},
				"up": {"uv": [0, 0, 16, 8], "rotation": 270, "texture": "#1"},
				"down": {"uv": [0, 0, 16, 8], "rotation": 90, "texture": "#1"}
			}
		}
	]
}