{
	"credit": "Made with Blockbench",
	"textures": {
		"0": "block/spruce_trapdoor",
		"1": "block/iron_trapdoor",
		"particle": "block/spruce_trapdoor"
	},
	"elements": [
		{
			"from": [-0.19, 21.6, 7.91],
			"to": [0.71, 28.8, 15.11],
			"rotation": {"angle": 0, "axis": "y", "origin": [8, 16.38, 7.91]},
			"faces": {
				"north": {"uv": [0, 14, 16, 16], "rotation": 90, "texture": "#0"},
				"east": {"uv": [0, 0, 16, 16], "texture": "#0"},
				"south": {"uv": [0, 0, 16, 1], "rotation": 90, "texture": "#0"},
				"west": {"uv": [0, 0, 16, 16], "texture": "#0"},
				"up": {"uv": [0, 0, 16, 1.25], "rotation": 90, "texture": "#0"},
				"down": {"uv": [0, 0, 16, 1.25], "rotation": 270, "texture": "#0"}
			}
		},
		{
			"from": [0.62, 28.71, 7.91],
			"to": [7.82, 29.61, 15.11],
			"rotation": {"angle": 0, "axis": "y", "origin": [8, 16.38, 7.91]},
			"faces": {
				"north": {"uv": [0, 14, 16, 16], "texture": "#0"},
				"east": {"uv": [0, 0, 16, 1.25], "rotation": 180, "texture": "#0"},
				"south": {"uv": [0, 0, 16, 1], "rotation": 180, "texture": "#0"},
				"west": {"uv": [0, 0, 16, 1.25], "texture": "#0"},
				"up": {"uv": [0, 0, 16, 16], "rotation": 90, "texture": "#0"},
				"down": {"uv": [0, 0, 16, 16], "rotation": 90, "texture": "#0"}
			}
		},
		{
			"from": [7.82, 28.71, 7.91],
			"to": [15.02, 29.61, 15.11],
			"rotation": {"angle": 0, "axis": "y", "origin": [8, 16.38, 7.91]},
			"faces": {
				"north": {"uv": [0, 14, 16, 16], "texture": "#0"},
				"east": {"uv": [0, 0, 16, 1.25], "rotation": 180, "texture": "#0"},
				"south": {"uv": [0, 0, 16, 1], "rotation": 180, "texture": "#0"},
				"west": {"uv": [0, 0, 16, 1.25], "texture": "#0"},
				"up": {"uv": [0, 0, 16, 16], "rotation": 90, "texture": "#0"},
				"down": {"uv": [0, 0, 16, 16], "rotation": 90, "texture": "#0"}
			}
		},
		{
			"from": [-0.19, 14.4, 7.91],
			"to": [0.71, 21.6, 15.11],
			"rotation": {"angle": 0, "axis": "y", "origin": [8, 16.38, 7.91]},
			"faces": {
				"north": {"uv": [0, 14, 16, 16], "rotation": 90, "texture": "#0"},
				"east": {"uv": [0, 0, 16, 16], "texture": "#0"},
				"south": {"uv": [0, 0, 16, 1], "rotation": 90, "texture": "#0"},
				"west": {"uv": [0, 0, 16, 16], "texture": "#0"},
				"up": {"uv": [0, 0, 16, 1.25], "rotation": 90, "texture": "#0"},
				"down": {"uv": [0, 0, 16, 1.25], "rotation": 270, "texture": "#0"}
			}
		},
		{
			"from": [-0.19, 7.2, 7.91],
			"to": [0.71, 14.4, 15.11],
			"rotation": {"angle": 0, "axis": "y", "origin": [8, 16.38, 7.91]},
			"faces": {
				"north": {"uv": [0, 14, 16, 16], "rotation": 90, "texture": "#0"},
				"east": {"uv": [0, 0, 16, 16], "texture": "#0"},
				"south": {"uv": [0, 0, 16, 1], "rotation": 90, "texture": "#0"},
				"west": {"uv": [0, 0, 16, 16], "texture": "#0"},
				"up": {"uv": [0, 0, 16, 1.25], "rotation": 90, "texture": "#0"},
				"down": {"uv": [0, 0, 16, 1.25], "rotation": 270, "texture": "#0"}
			}
		},
		{
			"from": [-0.19, 0, 7.91],
			"to": [0.71, 7.2, 15.11],
			"rotation": {"angle": 0, "axis": "y", "origin": [8, 16.38, 7.91]},
			"faces": {
				"north": {"uv": [0, 14, 16, 16], "rotation": 90, "texture": "#0"},
				"east": {"uv": [0, 0, 16, 16], "texture": "#0"},
				"south": {"uv": [0, 0, 16, 1], "rotation": 90, "texture": "#0"},
				"west": {"uv": [0, 0, 16, 16], "texture": "#0"},
				"up": {"uv": [0, 0, 16, 1.25], "rotation": 90, "texture": "#0"},
				"down": {"uv": [0, 0, 16, 1.25], "rotation": 270, "texture": "#0"}
			}
		},
		{
			"from": [15.29, 21.6, 7.91],
			"to": [16.19, 28.8, 15.11],
			"rotation": {"angle": 0, "axis": "y", "origin": [8, 16.38, 7.91]},
			"faces": {
				"north": {"uv": [0, 14, 16, 16], "rotation": 90, "texture": "#0"},
				"east": {"uv": [0, 0, 16, 16], "texture": "#0"},
				"south": {"uv": [0, 0, 16, 1], "rotation": 90, "texture": "#0"},
				"west": {"uv": [0, 0, 16, 16], "texture": "#0"},
				"up": {"uv": [0, 0, 16, 1.25], "rotation": 90, "texture": "#0"},
				"down": {"uv": [0, 0, 16, 1.25], "rotation": 270, "texture": "#0"}
			}
		},
		{
			"from": [15.29, 14.4, 7.91],
			"to": [16.19, 21.6, 15.11],
			"rotation": {"angle": 0, "axis": "y", "origin": [8, 16.38, 7.91]},
			"faces": {
				"north": {"uv": [0, 14, 16, 16], "rotation": 90, "texture": "#0"},
				"east": {"uv": [0, 0, 16, 16], "texture": "#0"},
				"south": {"uv": [0, 0, 16, 1], "rotation": 90, "texture": "#0"},
				"west": {"uv": [0, 0, 16, 16], "texture": "#0"},
				"up": {"uv": [0, 0, 16, 1.25], "rotation": 90, "texture": "#0"},
				"down": {"uv": [0, 0, 16, 1.25], "rotation": 270, "texture": "#0"}
			}
		},
		{
			"from": [15.29, 7.2, 7.91],
			"to": [16.19, 14.4, 15.11],
			"rotation": {"angle": 0, "axis": "y", "origin": [8, 16.38, 7.91]},
			"faces": {
				"north": {"uv": [0, 14, 16, 16], "rotation": 90, "texture": "#0"},
				"east": {"uv": [0, 0, 16, 16], "texture": "#0"},
				"south": {"uv": [0, 0, 16, 1], "rotation": 90, "texture": "#0"},
				"west": {"uv": [0, 0, 16, 16], "texture": "#0"},
				"up": {"uv": [0, 0, 16, 1.25], "rotation": 90, "texture": "#0"},
				"down": {"uv": [0, 0, 16, 1.25], "rotation": 270, "texture": "#0"}
			}
		},
		{
			"from": [15.29, 0, 7.91],
			"to": [16.19, 7.2, 15.11],
			"rotation": {"angle": 0, "axis": "y", "origin": [8, 16.38, 7.91]},
			"faces": {
				"north": {"uv": [0, 14, 16, 16], "rotation": 90, "texture": "#0"},
				"east": {"uv": [0, 0, 16, 16], "texture": "#0"},
				"south": {"uv": [0, 0, 16, 1], "rotation": 90, "texture": "#0"},
				"west": {"uv": [0, 0, 16, 16], "texture": "#0"},
				"up": {"uv": [0, 0, 16, 1.25], "rotation": 90, "texture": "#0"},
				"down": {"uv": [0, 0, 16, 1.25], "rotation": 270, "texture": "#0"}
			}
		},
		{
			"from": [0.71, 20.7, 7.91],
			"to": [7.91, 21.6, 15.11],
			"rotation": {"angle": 0, "axis": "y", "origin": [8, 16.38, 7.91]},
			"faces": {
				"north": {"uv": [15, 0, 16, 16], "texture": "#1"},
				"east": {"uv": [0, 0, 1, 16], "texture": "#1"},
				"south": {"uv": [0, 0, 1, 16], "texture": "#1"},
				"west": {"uv": [0, 0, 1, 16], "texture": "#1"},
				"up": {"uv": [0, 0, 16, 16], "rotation": 90, "texture": "#1"},
				"down": {"uv": [0, 0, 16, 16], "rotation": 270, "texture": "#1"}
			}
		},
		{
			"from": [7.91, 20.7, 7.91],
			"to": [15.11, 21.6, 15.11],
			"rotation": {"angle": 0, "axis": "y", "origin": [8, 16.38, 7.91]},
			"faces": {
				"north": {"uv": [15, 0, 16, 16], "texture": "#1"},
				"east": {"uv": [0, 0, 1, 16], "texture": "#1"},
				"south": {"uv": [0, 0, 1, 16], "texture": "#1"},
				"west": {"uv": [0, 0, 1, 16], "texture": "#1"},
				"up": {"uv": [0, 0, 16, 16], "rotation": 90, "texture": "#1"},
				"down": {"uv": [0, 0, 16, 16], "rotation": 270, "texture": "#1"}
			}
		},
		{
			"from": [0.71, 13.5, 7.91],
			"to": [7.91, 14.4, 15.11],
			"rotation": {"angle": 0, "axis": "y", "origin": [8, 16.38, 7.91]},
			"faces": {
				"north": {"uv": [15, 0, 16, 16], "texture": "#1"},
				"east": {"uv": [0, 0, 1, 16], "texture": "#1"},
				"south": {"uv": [0, 0, 1, 16], "texture": "#1"},
				"west": {"uv": [0, 0, 1, 16], "texture": "#1"},
				"up": {"uv": [0, 0, 16, 16], "rotation": 90, "texture": "#1"},
				"down": {"uv": [0, 0, 16, 16], "rotation": 270, "texture": "#1"}
			}
		},
		{
			"from": [7.91, 13.5, 7.91],
			"to": [15.11, 14.4, 15.11],
			"rotation": {"angle": 0, "axis": "y", "origin": [8, 16.38, 7.91]},
			"faces": {
				"north": {"uv": [15, 0, 16, 16], "texture": "#1"},
				"east": {"uv": [0, 0, 1, 16], "texture": "#1"},
				"south": {"uv": [0, 0, 1, 16], "texture": "#1"},
				"west": {"uv": [0, 0, 1, 16], "texture": "#1"},
				"up": {"uv": [0, 0, 16, 16], "rotation": 90, "texture": "#1"},
				"down": {"uv": [0, 0, 16, 16], "rotation": 270, "texture": "#1"}
			}
		},
		{
			"from": [0.71, 6.3, 7.91],
			"to": [7.91, 7.2, 15.11],
			"rotation": {"angle": 0, "axis": "y", "origin": [8, 16.38, 7.91]},
			"faces": {
				"north": {"uv": [15, 0, 16, 16], "texture": "#1"},
				"east": {"uv": [0, 0, 1, 16], "texture": "#1"},
				"south": {"uv": [0, 0, 1, 16], "texture": "#1"},
				"west": {"uv": [0, 0, 1, 16], "texture": "#1"},
				"up": {"uv": [0, 0, 16, 16], "rotation": 90, "texture": "#1"},
				"down": {"uv": [0, 0, 16, 16], "rotation": 270, "texture": "#1"}
			}
		},
		{
			"from": [7.91, 6.3, 7.91],
			"to": [15.11, 7.2, 15.11],
			"rotation": {"angle": 0, "axis": "y", "origin": [8, 16.38, 7.91]},
			"faces": {
				"north": {"uv": [15, 0, 16, 16], "texture": "#1"},
				"east": {"uv": [0, 0, 1, 16], "texture": "#1"},
				"south": {"uv": [0, 0, 1, 16], "texture": "#1"},
				"west": {"uv": [0, 0, 1, 16], "texture": "#1"},
				"up": {"uv": [0, 0, 16, 16], "rotation": 90, "texture": "#1"},
				"down": {"uv": [0, 0, 16, 16], "rotation": 270, "texture": "#1"}
			}
		}
	]
}