{
	"credit": "Made with Blockbench",
	"textures": {
		"0": "block/spruce_trapdoor",
		"1": "block/grass_block_green",
		"2": "block/pink_petals",
		"4": "block/glass",
		"particle": "block/spruce_trapdoor"
	},
	"elements": [
		{
			"from": [5.75, 0, 7.25],
			"to": [6, 2, 9.25],
			"rotation": {"angle": 0, "axis": "x", "origin": [5.875, 1, 8.25]},
			"faces": {
				"north": {"uv": [0, 0, 16, 1], "rotation": 270, "texture": "#0"},
				"east": {"uv": [0, 0, 16, 16], "rotation": 180, "texture": "#0"},
				"south": {"uv": [0, 14, 16, 16], "rotation": 270, "texture": "#0"},
				"west": {"uv": [0, 0, 16, 16], "rotation": 180, "texture": "#0"},
				"up": {"uv": [0, 0, 16, 1.25], "rotation": 270, "texture": "#0"},
				"down": {"uv": [0, 0, 16, 1.25], "rotation": 90, "texture": "#0"}
			}
		},
		{
			"from": [6, 0, 7.25],
			"to": [8, 2, 9.25],
			"rotation": {"angle": 0, "axis": "y", "origin": [8, 7.55, 8.975]},
			"faces": {
				"north": {"uv": [0, 0, 16, 1.25], "rotation": 270, "texture": "#1"},
				"east": {"uv": [0, 0, 16, 16], "rotation": 90, "texture": "#1"},
				"south": {"uv": [0, 0, 16, 1.25], "rotation": 270, "texture": "#1"},
				"west": {"uv": [0, 0, 16, 16], "rotation": 270, "texture": "#1"},
				"up": {"uv": [0, 0, 16, 16], "rotation": 90, "texture": "#1"},
				"down": {"uv": [0, 14, 16, 16], "rotation": 270, "texture": "#1"}
			}
		},
		{
			"from": [6, 2.1, 7.25],
			"to": [8, 2.1, 9.25],
			"rotation": {"angle": 0, "axis": "y", "origin": [7, 2.1, 8.25]},
			"faces": {
				"north": {"uv": [0, 0, 16, 1.25], "rotation": 270, "texture": "#2"},
				"east": {"uv": [0, 0, 16, 16], "rotation": 270, "texture": "#2"},
				"south": {"uv": [0, 0, 16, 1.25], "rotation": 270, "texture": "#2"},
				"west": {"uv": [0, 0, 16, 16], "rotation": 90, "texture": "#2"},
				"up": {"uv": [0, 0, 16, 16], "rotation": 270, "texture": "#2"},
				"down": {"uv": [0, 14, 16, 16], "rotation": 90, "texture": "#2"}
			}
		},
		{
			"from": [8, 2.1, 7.25],
			"to": [10, 2.1, 9.25],
			"rotation": {"angle": 0, "axis": "y", "origin": [9, 2.1, 8.25]},
			"faces": {
				"north": {"uv": [0, 0, 16, 1.25], "rotation": 270, "texture": "#2"},
				"east": {"uv": [0, 0, 16, 16], "rotation": 270, "texture": "#2"},
				"south": {"uv": [0, 0, 16, 1.25], "rotation": 270, "texture": "#2"},
				"west": {"uv": [0, 0, 16, 16], "rotation": 90, "texture": "#2"},
				"up": {"uv": [0, 0, 16, 16], "rotation": 270, "texture": "#2"},
				"down": {"uv": [0, 14, 16, 16], "rotation": 90, "texture": "#2"}
			}
		},
		{
			"from": [8, 0, 7.25],
			"to": [10, 2, 9.25],
			"rotation": {"angle": 0, "axis": "y", "origin": [8, 7.55, 8.975]},
			"faces": {
				"north": {"uv": [0, 0, 16, 1.25], "rotation": 270, "texture": "#1"},
				"east": {"uv": [0, 0, 16, 16], "rotation": 90, "texture": "#1"},
				"south": {"uv": [0, 0, 16, 1.25], "rotation": 270, "texture": "#1"},
				"west": {"uv": [0, 0, 16, 16], "rotation": 270, "texture": "#1"},
				"up": {"uv": [0, 0, 16, 16], "rotation": 90, "texture": "#1"},
				"down": {"uv": [0, 14, 16, 16], "rotation": 270, "texture": "#1"}
			}
		},
		{
			"from": [6, 0, 7],
			"to": [8, 2, 7.25],
			"rotation": {"angle": 0, "axis": "z", "origin": [7, 1, 7.125]},
			"faces": {
				"north": {"uv": [0, 0, 16, 16], "rotation": 180, "texture": "#0"},
				"east": {"uv": [0, 0, 16, 1], "rotation": 270, "texture": "#0"},
				"south": {"uv": [0, 0, 16, 16], "rotation": 180, "texture": "#0"},
				"west": {"uv": [0, 14, 16, 16], "rotation": 270, "texture": "#0"},
				"up": {"uv": [0, 0, 16, 1.25], "texture": "#0"},
				"down": {"uv": [0, 0, 16, 1.25], "texture": "#0"}
			}
		},
		{
			"from": [6, 2, 10],
			"to": [8, 4, 10.25],
			"rotation": {"angle": 0, "axis": "y", "origin": [7, 1, 7.125]},
			"faces": {
				"north": {"uv": [16, 16, 0, 0], "rotation": 180, "texture": "#4"},
				"east": {"uv": [0, 0, 16, 0], "rotation": 270, "texture": "#4"},
				"south": {"uv": [0, 0, 16, 16], "rotation": 180, "texture": "#4"},
				"west": {"uv": [0, 15, 16, 16], "rotation": 270, "texture": "#4"},
				"up": {"uv": [0, 0, 16, 0], "texture": "#4"},
				"down": {"uv": [0, 0, 16, 0], "texture": "#4"}
			}
		},
		{
			"from": [8, 2, 10],
			"to": [10, 4, 10.25],
			"rotation": {"angle": 0, "axis": "y", "origin": [7, 1, 7.125]},
			"faces": {
				"north": {"uv": [16, 16, 0, 0], "rotation": 180, "texture": "#4"},
				"east": {"uv": [0, 0, 16, 0], "rotation": 270, "texture": "#4"},
				"south": {"uv": [0, 0, 16, 16], "rotation": 180, "texture": "#4"},
				"west": {"uv": [0, 15, 16, 16], "rotation": 270, "texture": "#4"},
				"up": {"uv": [0, 0, 16, 0], "texture": "#4"},
				"down": {"uv": [0, 0, 16, 0], "texture": "#4"}
			}
		},
		{
			"from": [6, 4, 10],
			"to": [8, 6, 10.25],
			"rotation": {"angle": 0, "axis": "y", "origin": [7, 1, 7.125]},
			"faces": {
				"north": {"uv": [16, 16, 0, 0], "rotation": 180, "texture": "#4"},
				"east": {"uv": [0, 0, 16, 0], "rotation": 270, "texture": "#4"},
				"south": {"uv": [0, 0, 16, 16], "rotation": 180, "texture": "#4"},
				"west": {"uv": [0, 15, 16, 16], "rotation": 270, "texture": "#4"},
				"up": {"uv": [0, 0, 16, 0], "texture": "#4"},
				"down": {"uv": [0, 0, 16, 0], "texture": "#4"}
			}
		},
		{
			"from": [8, 4, 10],
			"to": [10, 6, 10.25],
			"rotation": {"angle": 0, "axis": "y", "origin": [7, 1, 7.125]},
			"faces": {
				"north": {"uv": [16, 16, 0, 0], "rotation": 180, "texture": "#4"},
				"east": {"uv": [0, 0, 16, 0], "rotation": 270, "texture": "#4"},
				"south": {"uv": [0, 0, 16, 16], "rotation": 180, "texture": "#4"},
				"west": {"uv": [0, 15, 16, 16], "rotation": 270, "texture": "#4"},
				"up": {"uv": [0, 0, 16, 0], "texture": "#4"},
				"down": {"uv": [0, 0, 16, 0], "texture": "#4"}
			}
		},
		{
			"from": [6, 6, 10],
			"to": [8, 8, 10.25],
			"rotation": {"angle": 0, "axis": "y", "origin": [7, 1, 7.125]},
			"faces": {
				"north": {"uv": [16, 16, 0, 0], "rotation": 180, "texture": "#4"},
				"east": {"uv": [0, 0, 16, 0], "rotation": 270, "texture": "#4"},
				"south": {"uv": [0, 0, 16, 16], "rotation": 180, "texture": "#4"},
				"west": {"uv": [0, 15, 16, 16], "rotation": 270, "texture": "#4"},
				"up": {"uv": [0, 0, 16, 0], "texture": "#4"},
				"down": {"uv": [0, 0, 16, 0], "texture": "#4"}
			}
		},
		{
			"from": [8, 6, 10],
			"to": [10, 8, 10.25],
			"rotation": {"angle": 0, "axis": "y", "origin": [7, 1, 7.125]},
			"faces": {
				"north": {"uv": [16, 16, 0, 0], "rotation": 180, "texture": "#4"},
				"east": {"uv": [0, 0, 16, 0], "rotation": 270, "texture": "#4"},
				"south": {"uv": [0, 0, 16, 16], "rotation": 180, "texture": "#4"},
				"west": {"uv": [0, 15, 16, 16], "rotation": 270, "texture": "#4"},
				"up": {"uv": [0, 0, 16, 0], "texture": "#4"},
				"down": {"uv": [0, 0, 16, 0], "texture": "#4"}
			}
		},
		{
			"from": [8, 0, 7],
			"to": [10, 2, 7.25],
			"rotation": {"angle": 0, "axis": "z", "origin": [9, 1, 7.125]},
			"faces": {
				"north": {"uv": [0, 0, 16, 16], "rotation": 180, "texture": "#0"},
				"east": {"uv": [0, 0, 16, 1], "rotation": 270, "texture": "#0"},
				"south": {"uv": [0, 0, 16, 16], "rotation": 180, "texture": "#0"},
				"west": {"uv": [0, 14, 16, 16], "rotation": 270, "texture": "#0"},
				"up": {"uv": [0, 0, 16, 1.25], "texture": "#0"},
				"down": {"uv": [0, 0, 16, 1.25], "texture": "#0"}
			}
		},
		{
			"from": [10, 0, 7.25],
			"to": [10.25, 2, 9.25],
			"rotation": {"angle": 0, "axis": "x", "origin": [10.125, 1, 8.25]},
			"faces": {
				"north": {"uv": [0, 14, 16, 16], "rotation": 90, "texture": "#0"},
				"east": {"uv": [0, 0, 16, 16], "texture": "#0"},
				"south": {"uv": [0, 0, 16, 1], "rotation": 90, "texture": "#0"},
				"west": {"uv": [0, 0, 16, 16], "texture": "#0"},
				"up": {"uv": [0, 0, 16, 1.25], "rotation": 90, "texture": "#0"},
				"down": {"uv": [0, 0, 16, 1.25], "rotation": 270, "texture": "#0"}
			}
		}
	]
}