{
	"credit": "Made with Blockbench",
	"texture_size": [128, 128],
	"textures": {
		"layer0": "item/planet/striped",
		"particle": "item/planet/striped"
	},
	"elements": [
		{
			"from": [-8, 0, -8],
			"to": [24, 32, 24],
			"faces": {
				"north": {"uv": [0, 0, 4, 4], "texture": "#layer0", "tintindex": 0},
				"east": {"uv": [0, 4, 4, 8], "texture": "#layer0", "tintindex": 0},
				"south": {"uv": [4, 0, 8, 4], "texture": "#layer0", "tintindex": 0},
				"west": {"uv": [4, 4, 8, 8], "texture": "#layer0", "tintindex": 0},
				"up": {"uv": [4, 12, 0, 8], "texture": "#layer0", "tintindex": 0},
				"down": {"uv": [12, 0, 8, 4], "texture": "#layer0", "tintindex": 0}
			}
		}
	]
}