{
	"credit": "Made with Blockbench",
	"texture_size": [64, 64],
	"textures": {
		"0": "item/color/bloon_string",
		"1": "item/color/bloon",
		"particle": "item/color/bloon_string"
	},
	"elements": [
		{
			"from": [8, 0, 6],
			"to": [8, 18, 9],
			"faces": {
				"north": {"uv": [0, 0, 0, 9], "texture": "#0"},
				"east": {"uv": [0, 0, 1.5, 9], "texture": "#0"},
				"south": {"uv": [0, 0, 0, 9], "texture": "#0"},
				"west": {"uv": [1.5, 0, 3, 9], "texture": "#0"},
				"up": {"uv": [0, 1.5, 0, 0], "texture": "#0"},
				"down": {"uv": [0, 0, 0, 1.5], "texture": "#0"}
			}
		},
		{
			"from": [6, 18, 5],
			"to": [10, 19, 10],
			"faces": {
				"north": {"uv": [7.25, 2.75, 8.25, 3], "texture": "#1", "tintindex": 0},
				"east": {"uv": [2.5, 7.25, 3.75, 7.5], "texture": "#1", "tintindex": 0},
				"south": {"uv": [7.25, 3, 8.25, 3.25], "texture": "#1", "tintindex": 0},
				"west": {"uv": [7.25, 2.5, 8.5, 2.75], "texture": "#1", "tintindex": 0},
				"up": {"uv": [3.5, 6.75, 2.5, 5.5], "texture": "#1", "tintindex": 0},
				"down": {"uv": [4.5, 5.5, 3.5, 6.75], "texture": "#1", "tintindex": 0}
			}
		},
		{
			"from": [4, 29, 3],
			"to": [12, 30, 12],
			"faces": {
				"north": {"uv": [4.75, 7, 6.75, 7.25], "texture": "#1", "tintindex": 0},
				"east": {"uv": [2.5, 6.75, 4.75, 7], "texture": "#1", "tintindex": 0},
				"south": {"uv": [6.75, 7, 8.75, 7.25], "texture": "#1", "tintindex": 0},
				"west": {"uv": [2.5, 7, 4.75, 7.25], "texture": "#1", "tintindex": 0},
				"up": {"uv": [7.25, 4.75, 5.25, 2.5], "texture": "#1", "tintindex": 0},
				"down": {"uv": [7.25, 4.75, 5.25, 7], "texture": "#1", "tintindex": 0}
			}
		},
		{
			"from": [3, 19, 2],
			"to": [13, 29, 13],
			"faces": {
				"north": {"uv": [0, 5, 2.5, 7.5], "texture": "#1", "tintindex": 0},
				"east": {"uv": [0, 0, 2.75, 2.5], "texture": "#1", "tintindex": 0},
				"south": {"uv": [5.25, 0, 7.75, 2.5], "texture": "#1", "tintindex": 0},
				"west": {"uv": [0, 2.5, 2.75, 5], "texture": "#1", "tintindex": 0},
				"up": {"uv": [5.25, 2.75, 2.75, 0], "texture": "#1", "tintindex": 0},
				"down": {"uv": [5.25, 2.75, 2.75, 5.5], "texture": "#1", "tintindex": 0}
			}
		}
	],
	"display": {
		"thirdperson_righthand": {
			"rotation": [44.5, 0, 0],
			"translation": [0, 2.25, 3.75],
			"scale": [0.5, 0.5, 0.5]
		},
		"thirdperson_lefthand": {
			"rotation": [44.5, 0, 0],
			"translation": [0, 2.25, 3.75],
			"scale": [0.5, 0.5, 0.5]
		},
		"firstperson_righthand": {
			"rotation": [0, 22.75, 0],
			"translation": [0.25, 1.75, -0.75],
			"scale": [0.75, 0.75, 0.75]
		},
		"firstperson_lefthand": {
			"rotation": [0, 22.75, 0],
			"translation": [0.25, 1.75, -0.75],
			"scale": [0.75, 0.75, 0.75]
		},
		"ground": {
			"translation": [0, 1, 0],
			"scale": [0.75, 0.75, 0.75]
		},
		"gui": {
			"rotation": [0, 63, 0],
			"translation": [0, -3.5, 0],
			"scale": [0.5, 0.5, 0.5]
		},
		"head": {
			"translation": [0, 13.75, 0]
		},
		"fixed": {
			"rotation": [-90, 0, 0],
			"translation": [0, 2, -16.5],
			"scale": [2, 2, 2]
		}
	}
}