{
	"credit": "Made with Blockbench",
	"texture_size": [64, 64],
	"textures": {
		"0": "item/color/partyhatwhite",
		"1": "item/color/partyhat",
		"particle": "item/color/partyhatwhite"
	},
	"elements": [
		{
			"name": "partyhatwhite",
			"from": [1, -0.1, 1],
			"to": [15, 1.9, 15],
			"faces": {
				"north": {"uv": [2, 8, 5.5, 8.5], "texture": "#0"},
				"east": {"uv": [8, 3, 11.5, 3.5], "texture": "#0"},
				"south": {"uv": [8, 3.5, 11.5, 4], "texture": "#0"},
				"west": {"uv": [8, 4, 11.5, 4.5], "texture": "#0"},
				"up": {"uv": [3.5, 3.5, 0, 0], "texture": "#0"},
				"down": {"uv": [3.5, 3.5, 0, 7], "texture": "#0"}
			}
		},
		{
			"name": "partyhatwhite",
			"from": [2, 1.6, 2],
			"to": [14, 4.6, 14],
			"faces": {
				"north": {"uv": [6.5, 0, 9.5, 0.75], "texture": "#0"},
				"east": {"uv": [6.5, 0.75, 9.5, 1.5], "texture": "#0"},
				"south": {"uv": [6.5, 1.5, 9.5, 2.25], "texture": "#0"},
				"west": {"uv": [6.5, 2.25, 9.5, 3], "texture": "#0"},
				"up": {"uv": [6.5, 3, 3.5, 0], "texture": "#0"},
				"down": {"uv": [6.5, 3, 3.5, 6], "texture": "#0"}
			}
		},
		{
			"name": "partyhatwhite",
			"from": [4, 4.2, 4],
			"to": [12, 8.2, 12],
			"faces": {
				"north": {"uv": [0, 7, 2, 8], "texture": "#0"},
				"east": {"uv": [7.5, 6, 9.5, 7], "texture": "#0"},
				"south": {"uv": [7.5, 7, 9.5, 8], "texture": "#0"},
				"west": {"uv": [0, 8, 2, 9], "texture": "#0"},
				"up": {"uv": [5.5, 8, 3.5, 6], "texture": "#0"},
				"down": {"uv": [7.5, 6, 5.5, 8], "texture": "#0"}
			}
		},
		{
			"name": "partyhatwhite",
			"from": [5, 7.9, 5],
			"to": [11, 10.9, 11],
			"faces": {
				"north": {"uv": [2, 7, 3.5, 7.75], "texture": "#0"},
				"east": {"uv": [8, 4.5, 9.5, 5.25], "texture": "#0"},
				"south": {"uv": [8, 5.25, 9.5, 6], "texture": "#0"},
				"west": {"uv": [5.5, 8, 7, 8.75], "texture": "#0"},
				"up": {"uv": [8, 4.5, 6.5, 3], "texture": "#0"},
				"down": {"uv": [8, 4.5, 6.5, 6], "texture": "#0"}
			}
		},
		{
			"name": "partyhatwhite",
			"from": [6, 10.6, 6],
			"to": [10, 13.6, 10],
			"faces": {
				"north": {"uv": [2, 8.5, 3, 9.25], "texture": "#0"},
				"east": {"uv": [3, 8.5, 4, 9.25], "texture": "#0"},
				"south": {"uv": [4, 8.5, 5, 9.25], "texture": "#0"},
				"west": {"uv": [5, 8.75, 6, 9.5], "texture": "#0"},
				"up": {"uv": [8, 9, 7, 8], "texture": "#0"},
				"down": {"uv": [9, 8, 8, 9], "texture": "#0"}
			}
		},
		{
			"name": "partyhatwhite",
			"from": [7, 13.5, 7],
			"to": [9, 15.5, 9],
			"faces": {
				"north": {"uv": [6, 8.75, 6.5, 9.25], "texture": "#0"},
				"east": {"uv": [6.5, 8.75, 7, 9.25], "texture": "#0"},
				"south": {"uv": [0, 9, 0.5, 9.5], "texture": "#0"},
				"west": {"uv": [0.5, 9, 1, 9.5], "texture": "#0"},
				"up": {"uv": [1.5, 9.5, 1, 9], "texture": "#0"},
				"down": {"uv": [2, 9, 1.5, 9.5], "texture": "#0"}
			}
		},
		{
			"name": "partyhat",
			"from": [7.1, 13.5, 7.1],
			"to": [8.9, 15.3, 8.9],
			"rotation": {"angle": 0, "axis": "y", "origin": [0.8, 0, 0.8]},
			"faces": {
				"north": {"uv": [6, 8.75, 6.5, 9.25], "texture": "#1", "tintindex": 0},
				"east": {"uv": [6.5, 8.75, 7, 9.25], "texture": "#1", "tintindex": 0},
				"south": {"uv": [0, 9, 0.5, 9.5], "texture": "#1", "tintindex": 0},
				"west": {"uv": [0.5, 9, 1, 9.5], "texture": "#1", "tintindex": 0},
				"up": {"uv": [1.5, 9.5, 1, 9], "texture": "#1", "tintindex": 0},
				"down": {"uv": [2, 9, 1.5, 9.5], "texture": "#1", "tintindex": 0}
			}
		},
		{
			"name": "partyhat",
			"from": [1.7, 0.1, 1.7],
			"to": [14.3, 1.8, 14.3],
			"rotation": {"angle": 0, "axis": "y", "origin": [0.8, 0, 0.8]},
			"faces": {
				"north": {"uv": [2, 8, 5.5, 8.5], "texture": "#1", "tintindex": 0},
				"east": {"uv": [8, 3, 11.5, 3.5], "texture": "#1", "tintindex": 0},
				"south": {"uv": [8, 3.5, 11.5, 4], "texture": "#1", "tintindex": 0},
				"west": {"uv": [8, 4, 11.5, 4.5], "texture": "#1", "tintindex": 0},
				"up": {"uv": [3.5, 3.5, 0, 0], "texture": "#1", "tintindex": 0},
				"down": {"uv": [3.5, 3.5, 0, 7], "texture": "#1", "tintindex": 0}
			}
		},
		{
			"name": "partyhat",
			"from": [2.6, 1.8, 2.6],
			"to": [13.4, 4.5, 13.4],
			"rotation": {"angle": 0, "axis": "y", "origin": [0.8, 0, 0.8]},
			"faces": {
				"north": {"uv": [6.5, 0, 9.5, 0.75], "texture": "#1", "tintindex": 0},
				"east": {"uv": [6.5, 0.75, 9.5, 1.5], "texture": "#1", "tintindex": 0},
				"south": {"uv": [6.5, 1.5, 9.5, 2.25], "texture": "#1", "tintindex": 0},
				"west": {"uv": [6.5, 2.25, 9.5, 3], "texture": "#1", "tintindex": 0},
				"up": {"uv": [6.5, 3, 3.5, 0], "texture": "#1", "tintindex": 0},
				"down": {"uv": [6.5, 3, 3.5, 6], "texture": "#1", "tintindex": 0}
			}
		},
		{
			"name": "partyhat",
			"from": [4.4, 4.5, 4.4],
			"to": [11.6, 8.1, 11.6],
			"rotation": {"angle": 0, "axis": "y", "origin": [0.8, 0, 0.8]},
			"faces": {
				"north": {"uv": [0, 7, 2, 8], "texture": "#1", "tintindex": 0},
				"east": {"uv": [7.5, 6, 9.5, 7], "texture": "#1", "tintindex": 0},
				"south": {"uv": [7.5, 7, 9.5, 8], "texture": "#1", "tintindex": 0},
				"west": {"uv": [0, 8, 2, 9], "texture": "#1", "tintindex": 0},
				"up": {"uv": [5.5, 8, 3.5, 6], "texture": "#1", "tintindex": 0},
				"down": {"uv": [7.5, 6, 5.5, 8], "texture": "#1", "tintindex": 0}
			}
		},
		{
			"name": "partyhat",
			"from": [5.3, 8.1, 5.3],
			"to": [10.7, 10.8, 10.7],
			"rotation": {"angle": 0, "axis": "y", "origin": [0.8, 0, 0.8]},
			"faces": {
				"north": {"uv": [2, 7, 3.5, 7.75], "texture": "#1", "tintindex": 0},
				"east": {"uv": [8, 4.5, 9.5, 5.25], "texture": "#1", "tintindex": 0},
				"south": {"uv": [8, 5.25, 9.5, 6], "texture": "#1", "tintindex": 0},
				"west": {"uv": [5.5, 8, 7, 8.75], "texture": "#1", "tintindex": 0},
				"up": {"uv": [8, 4.5, 6.5, 3], "texture": "#1", "tintindex": 0},
				"down": {"uv": [8, 4.5, 6.5, 6], "texture": "#1", "tintindex": 0}
			}
		},
		{
			"name": "partyhat",
			"from": [6.2, 10.8, 6.2],
			"to": [9.8, 13.5, 9.8],
			"rotation": {"angle": 0, "axis": "y", "origin": [0.8, 0, 0.8]},
			"faces": {
				"north": {"uv": [2, 8.5, 3, 9.25], "texture": "#1", "tintindex": 0},
				"east": {"uv": [3, 8.5, 4, 9.25], "texture": "#1", "tintindex": 0},
				"south": {"uv": [4, 8.5, 5, 9.25], "texture": "#1", "tintindex": 0},
				"west": {"uv": [5, 8.75, 6, 9.5], "texture": "#1", "tintindex": 0},
				"up": {"uv": [8, 9, 7, 8], "texture": "#1", "tintindex": 0},
				"down": {"uv": [9, 8, 8, 9], "texture": "#1", "tintindex": 0}
			}
		}
	],
	"display": {
		"thirdperson_righthand": {
			"translation": [-1.75, 1.25, 0],
			"scale": [0.25, 0.25, 0.25]
		},
		"thirdperson_lefthand": {
			"translation": [-1.75, 1.25, 0],
			"scale": [0.25, 0.25, 0.25]
		},
		"firstperson_righthand": {
			"translation": [0, 1.25, 0],
			"scale": [0.75, 0.75, 0.75]
		},
		"firstperson_lefthand": {
			"translation": [0, 1.25, 0],
			"scale": [0.75, 0.75, 0.75]
		},
		"ground": {
			"translation": [0, 1.75, 0],
			"scale": [0.5, 0.5, 0.5]
		},
		"gui": {
			"rotation": [0, 37, 0],
			"scale": [0.8, 0.8, 0.8]
		},
		"head": {
			"translation": [0, 14.25, 0]
		}
	}
}