{
  "variants": {
    "age=0": {
      "model": "minecraft:block/melon_stem_stage0"
    },
    "age=1": {
      "model": "minecraft:block/bread_sapling"
    },
    "age=2": {
      "model": "minecraft:block/breadshroom"
    },
    "age=3": {
      "model": "minecraft:block/bread_stalk"
    },
    "age=4": {
      "model": "minecraft:block/bread_bush"
    },
    "age=5": {
      "model": "minecraft:block/bread_leaf"
    },
    "age=6": {
      "model": "minecraft:block/melon_stem_stage6"
    },
    "age=7": {
      "model": "minecraft:block/melon_stem_stage7"
    }
  }
}