{
	"credit": "Made with Blockbench",
	"textures": {
		"0": "block/oak_planks",
		"particle": "block/oak_planks"
	},
	"elements": [
		{
			"from": [0, 15, 2],
			"to": [16, 16, 16],
			"rotation": {"angle": 0, "axis": "y", "origin": [0, 10, 0]},
			"faces": {
				"north": {"uv": [0, 7, 16, 8], "texture": "#0"},
				"east": {"uv": [0, 7, 7, 8], "texture": "#0"},
				"south": {"uv": [0, 7, 16, 8], "texture": "#0"},
				"west": {"uv": [0, 7, 7, 8], "texture": "#0"},
				"up": {"uv": [0, 0, 16, 16], "texture": "#0"},
				"down": {"uv": [0, 0, 16, 16], "texture": "#0"}
			}
		},
		{
			"from": [14, 12, 8],
			"to": [15.75, 13, 17],
			"rotation": {"angle": 22.5, "axis": "x", "origin": [8, 14.5, 15.5]},
			"faces": {
				"north": {"uv": [0, 0, 1.75, 1], "texture": "#0"},
				"east": {"uv": [5, 3, 8, 4], "texture": "#0"},
				"south": {"uv": [3, 15, 4.75, 16], "texture": "#0"},
				"west": {"uv": [5, 3, 8, 4], "texture": "#0"},
				"up": {"uv": [1, 1, 2.75, 4], "texture": "#0"},
				"down": {"uv": [8, 5, 9.75, 8], "texture": "#0"}
			}
		},
		{
			"from": [0.2, 12, 8],
			"to": [1.95, 13, 17],
			"rotation": {"angle": 22.5, "axis": "x", "origin": [8, 14.5, 15.5]},
			"faces": {
				"north": {"uv": [0, 0, 1.75, 1], "texture": "#0"},
				"east": {"uv": [6, 3, 9, 4], "texture": "#0"},
				"south": {"uv": [3, 15, 4.75, 16], "texture": "#0"},
				"west": {"uv": [6, 3, 9, 4], "texture": "#0"},
				"up": {"uv": [1, 1, 2.75, 4], "texture": "#0"},
				"down": {"uv": [4, 1, 5.75, 4], "texture": "#0"}
			}
		}
	],
	"display": {
		"thirdperson_righthand": {
			"translation": [-2.25, 0, -1.5],
			"scale": [0.25, 0.25, 0.25]
		},
		"thirdperson_lefthand": {
			"translation": [-2.25, 0, -1.5],
			"scale": [0.25, 0.25, 0.25]
		},
		"firstperson_righthand": {
			"rotation": [0, 115, 0],
			"translation": [0, 3.75, 1.75],
			"scale": [0.75, 0.75, 0.75]
		},
		"firstperson_lefthand": {
			"rotation": [0, 115, 0],
			"translation": [0, 3.75, 1.75],
			"scale": [0.75, 0.75, 0.75]
		},
		"ground": {
			"translation": [0, 0, -4]
		},
		"gui": {
			"rotation": [34, 126, 28],
			"translation": [-2.75, 0, 0]
		},
		"head": {
			"translation": [0, -8.25, -11.25]
		},
		"fixed": {
			"translation": [0, 19.75, -16],
			"scale": [2, 2, 2]
		}
	}
}