{
	"credit": "Made with Blockbench",
	"textures": {
		"2": "item/skin/bloxbot",
		"particle": "item/skin/bloxbot"
	},
	"elements": [
		{
			"from": [8, -11, -4],
			"to": [12, -10, 1],
			"rotation": {"angle": 22.5, "axis": "x", "origin": [8, -4, -1]},
			"faces": {
				"north": {"uv": [5, 15.75, 4, 16], "texture": "#2"},
				"east": {"uv": [6.25, 15.75, 5, 16], "texture": "#2"},
				"south": {"uv": [5, 15.75, 4, 16], "texture": "#2"},
				"west": {"uv": [6.25, 15.75, 5, 16], "texture": "#2"},
				"up": {"uv": [7, 12, 6, 13], "texture": "#2"},
				"down": {"uv": [7, 12, 6, 13], "texture": "#2"}
			}
		},
		{
			"from": [4, -11, -4],
			"to": [8, -10, 1],
			"rotation": {"angle": 22.5, "axis": "x", "origin": [8, -4, -1]},
			"faces": {
				"north": {"uv": [4, 15.75, 5, 16], "texture": "#2"},
				"east": {"uv": [5, 15.75, 6.25, 16], "texture": "#2"},
				"south": {"uv": [4, 15.75, 5, 16], "texture": "#2"},
				"west": {"uv": [5, 15.75, 6.25, 16], "texture": "#2"},
				"up": {"uv": [6, 12, 7, 13], "texture": "#2"},
				"down": {"uv": [6, 12, 7, 13], "texture": "#2"}
			}
		},
		{
			"from": [5, -10, -1],
			"to": [7, -9, 1],
			"rotation": {"angle": 22.5, "axis": "x", "origin": [8, -4, -1]},
			"faces": {
				"north": {"uv": [2.5, 4.5, 2.75, 4.75], "texture": "#2"},
				"east": {"uv": [2.5, 4.5, 2.75, 4.75], "texture": "#2"},
				"south": {"uv": [2.5, 4.5, 2.75, 4.75], "texture": "#2"},
				"west": {"uv": [2.5, 4.5, 2.75, 4.75], "texture": "#2"},
				"up": {"uv": [2.5, 4.5, 2.75, 4.75], "texture": "#2"},
				"down": {"uv": [2.5, 4.5, 2.75, 4.75], "texture": "#2"}
			}
		},
		{
			"from": [9, -10, -1],
			"to": [11, -9, 1],
			"rotation": {"angle": 22.5, "axis": "x", "origin": [8, -4, -1]},
			"faces": {
				"north": {"uv": [2.75, 4.25, 2.5, 4.5], "texture": "#2"},
				"east": {"uv": [2.75, 4.25, 2.5, 4.5], "texture": "#2"},
				"south": {"uv": [2.75, 4.25, 2.5, 4.5], "texture": "#2"},
				"west": {"uv": [2.75, 4.25, 2.5, 4.5], "texture": "#2"},
				"up": {"uv": [2.75, 4.25, 2.5, 4.5], "texture": "#2"},
				"down": {"uv": [2.75, 4.25, 2.5, 4.5], "texture": "#2"}
			}
		},
		{
			"from": [4, -9, -3],
			"to": [8, -5, 1],
			"rotation": {"angle": 22.5, "axis": "x", "origin": [8, -4, -1]},
			"faces": {
				"north": {"uv": [2, 6.25, 3, 7.25], "texture": "#2"},
				"east": {"uv": [1, 6.25, 2, 7.25], "texture": "#2"},
				"south": {"uv": [0, 6.25, 1, 7.25], "texture": "#2"},
				"west": {"uv": [3, 6.25, 4, 7.25], "texture": "#2"},
				"up": {"uv": [2, 6.25, 3, 7.25], "texture": "#2"},
				"down": {"uv": [2, 6.25, 3, 7.25], "texture": "#2"}
			}
		},
		{
			"from": [8, -9, -3],
			"to": [12, -5, 1],
			"rotation": {"angle": 22.5, "axis": "x", "origin": [8, -4, -1]},
			"faces": {
				"north": {"uv": [3, 6.25, 2, 7.25], "texture": "#2"},
				"east": {"uv": [4, 6.25, 3, 7.25], "texture": "#2"},
				"south": {"uv": [1, 6.25, 0, 7.25], "texture": "#2"},
				"west": {"uv": [2, 6.25, 1, 7.25], "texture": "#2"},
				"up": {"uv": [3, 6.25, 2, 7.25], "texture": "#2"},
				"down": {"uv": [3, 6.25, 2, 7.25], "texture": "#2"}
			}
		},
		{
			"from": [5, -5.3, -2.378],
			"to": [7, -3.3, -0.378],
			"rotation": {"angle": -22.5, "axis": "x", "origin": [8, -4, -1]},
			"faces": {
				"north": {"uv": [2.75, 4.25, 2.5, 4.5], "texture": "#2"},
				"east": {"uv": [2.75, 4.25, 2.5, 4.5], "texture": "#2"},
				"south": {"uv": [2.75, 4.25, 2.5, 4.5], "texture": "#2"},
				"west": {"uv": [2.75, 4.25, 2.5, 4.5], "texture": "#2"},
				"up": {"uv": [2.75, 4.25, 2.5, 4.5], "texture": "#2"},
				"down": {"uv": [2.75, 4.25, 2.5, 4.5], "texture": "#2"}
			}
		},
		{
			"from": [4, -6, -1],
			"to": [8, -2, 3],
			"rotation": {"angle": 0, "axis": "x", "origin": [8, -4, 3]},
			"faces": {
				"north": {"uv": [3, 6.25, 4, 7.25], "rotation": 90, "texture": "#2"},
				"east": {"uv": [1, 5.25, 2, 6.25], "rotation": 270, "texture": "#2"},
				"south": {"uv": [1, 4, 2, 5], "texture": "#2"},
				"west": {"uv": [3, 5.25, 4, 6.25], "rotation": 90, "texture": "#2"},
				"up": {"uv": [2, 5.25, 3, 6.25], "rotation": 180, "texture": "#2"},
				"down": {"uv": [0, 5.25, 1, 6.25], "texture": "#2"}
			}
		},
		{
			"from": [8, -6, -1],
			"to": [12, -2, 3],
			"rotation": {"angle": 0, "axis": "x", "origin": [8, -4, 3]},
			"faces": {
				"north": {"uv": [3, 7.25, 4, 6.25], "rotation": 90, "texture": "#2"},
				"east": {"uv": [4, 5.25, 3, 6.25], "rotation": 270, "texture": "#2"},
				"south": {"uv": [2, 4, 1, 5], "texture": "#2"},
				"west": {"uv": [2, 5.25, 1, 6.25], "rotation": 90, "texture": "#2"},
				"up": {"uv": [3, 5.25, 2, 6.25], "rotation": 180, "texture": "#2"},
				"down": {"uv": [1, 5.25, 0, 6.25], "texture": "#2"}
			}
		},
		{
			"from": [5, -5, 4],
			"to": [7, -3, 6],
			"rotation": {"angle": 45, "axis": "x", "origin": [8, -2, 3]},
			"faces": {
				"north": {"uv": [2.75, 4.25, 3, 4.5], "texture": "#2"},
				"east": {"uv": [2.75, 4.25, 3, 4.5], "texture": "#2"},
				"south": {"uv": [2.75, 4.25, 3, 4.5], "texture": "#2"},
				"west": {"uv": [2.75, 4.25, 3, 4.5], "texture": "#2"},
				"up": {"uv": [2.75, 4.25, 3, 4.5], "texture": "#2"},
				"down": {"uv": [2.75, 4.25, 3, 4.5], "texture": "#2"}
			}
		},
		{
			"from": [9, -5, 4],
			"to": [11, -3, 6],
			"rotation": {"angle": 45, "axis": "x", "origin": [8, -2, 3]},
			"faces": {
				"north": {"uv": [3, 4.25, 2.75, 4.5], "texture": "#2"},
				"east": {"uv": [3, 4.25, 2.75, 4.5], "texture": "#2"},
				"south": {"uv": [2.25, 4.25, 2, 4.5], "texture": "#2"},
				"west": {"uv": [2.25, 4.25, 2, 4.5], "texture": "#2"},
				"up": {"uv": [3, 4.25, 2.75, 4.5], "texture": "#2"},
				"down": {"uv": [2.25, 4.25, 2, 4.5], "texture": "#2"}
			}
		},
		{
			"from": [9, -5.3, -2.378],
			"to": [11, -3.3, -0.378],
			"rotation": {"angle": -22.5, "axis": "x", "origin": [8, -4, -1]},
			"faces": {
				"north": {"uv": [2.75, 4.25, 3, 4.5], "texture": "#2"},
				"east": {"uv": [2.75, 4.25, 3, 4.5], "texture": "#2"},
				"south": {"uv": [2.75, 4.25, 3, 4.5], "texture": "#2"},
				"west": {"uv": [2.75, 4.25, 3, 4.5], "texture": "#2"},
				"up": {"uv": [2.75, 4.25, 3, 4.5], "texture": "#2"},
				"down": {"uv": [2.75, 4.25, 3, 4.5], "texture": "#2"}
			}
		},
		{
			"from": [4, -5, 3],
			"to": [12, 6, 4],
			"rotation": {"angle": 0, "axis": "y", "origin": [0, -17, -3]},
			"faces": {
				"north": {"uv": [5, 5, 7, 7.75], "texture": "#2"},
				"east": {"uv": [4, 5, 5, 8], "texture": "#2"},
				"south": {"uv": [10, 5, 12, 7], "texture": "#2"},
				"west": {"uv": [7, 5, 8, 8], "texture": "#2"},
				"up": {"uv": [5, 4.75, 7, 5], "texture": "#2"},
				"down": {"uv": [7, 4, 9, 5], "texture": "#2"}
			}
		},
		{
			"from": [11, -5, 4],
			"to": [12, 6, 7],
			"rotation": {"angle": 0, "axis": "y", "origin": [0, -17, -3]},
			"faces": {
				"north": {"uv": [4, 5, 4.25, 8], "texture": "#2"},
				"east": {"uv": [4, 5, 5, 8], "texture": "#2"},
				"south": {"uv": [4, 5, 4.25, 8], "texture": "#2"},
				"west": {"uv": [7, 5, 8, 8], "texture": "#2"},
				"up": {"uv": [7, 4, 9, 5], "texture": "#2"},
				"down": {"uv": [7, 4, 9, 5], "texture": "#2"}
			}
		},
		{
			"from": [4, -5, 4],
			"to": [5, 6, 7],
			"rotation": {"angle": 0, "axis": "y", "origin": [0, -17, -3]},
			"faces": {
				"north": {"uv": [4, 5, 4.25, 8], "texture": "#2"},
				"east": {"uv": [4, 5, 5, 8], "texture": "#2"},
				"south": {"uv": [4, 5, 4.25, 8], "texture": "#2"},
				"west": {"uv": [7, 5, 8, 8], "texture": "#2"},
				"up": {"uv": [7, 4, 9, 5], "texture": "#2"},
				"down": {"uv": [7, 4, 9, 5], "texture": "#2"}
			}
		},
		{
			"from": [5, -5, 4],
			"to": [11, -4, 7],
			"rotation": {"angle": 0, "axis": "y", "origin": [0, -17, -3]},
			"faces": {
				"north": {"uv": [7, 4.75, 9, 5], "texture": "#2"},
				"east": {"uv": [7, 4.75, 9, 5], "texture": "#2"},
				"south": {"uv": [7, 4.75, 9, 5], "texture": "#2"},
				"west": {"uv": [7, 4.75, 9, 5], "texture": "#2"},
				"up": {"uv": [7, 4, 9, 5], "texture": "#2"},
				"down": {"uv": [7, 4, 9, 5], "texture": "#2"}
			}
		},
		{
			"from": [5, 5, 4],
			"to": [11, 6, 7],
			"rotation": {"angle": 0, "axis": "y", "origin": [0, -17, -3]},
			"faces": {
				"north": {"uv": [7, 4.75, 9, 5], "texture": "#2"},
				"east": {"uv": [7, 4.75, 9, 5], "texture": "#2"},
				"south": {"uv": [7, 4.75, 9, 5], "texture": "#2"},
				"west": {"uv": [7, 4.75, 9, 5], "texture": "#2"},
				"up": {"uv": [5.25, 4.75, 6.75, 4], "texture": "#2"},
				"down": {"uv": [7.25, 4, 8.75, 4.75], "texture": "#2"}
			}
		},
		{
			"from": [5, 3.61524, 5.16566],
			"to": [11, 5.61524, 6.16566],
			"rotation": {"angle": 0, "axis": "x", "origin": [6, 1, 6]},
			"rotated": [0, 0, 0],
			"faces": {
				"north": {"uv": [0, 0, 6, 1], "texture": "#2"},
				"east": {"uv": [0, 0, 1, 1], "texture": "#2"},
				"south": {"uv": [8.25, 7.5, 9.75, 7.75], "texture": "#2"},
				"west": {"uv": [0, 0, 1, 1], "texture": "#2"},
				"up": {"uv": [9, 1.5, 15, 2.5], "texture": "#2"},
				"down": {"uv": [8.25, 7.5, 9.75, 7.75], "texture": "#2"}
			}
		},
		{
			"from": [5, 1.61524, 5.16566],
			"to": [11, 3.61524, 6.16566],
			"rotation": {"angle": 0, "axis": "x", "origin": [6, 1, 6]},
			"rotated": [0, 0, 0],
			"faces": {
				"north": {"uv": [0, 0, 6, 1], "texture": "#2"},
				"east": {"uv": [0, 0, 1, 1], "texture": "#2"},
				"south": {"uv": [9.75, 7.5, 8.25, 7.75], "texture": "#2"},
				"west": {"uv": [0, 0, 1, 1], "texture": "#2"},
				"up": {"uv": [9, 1.5, 15, 2.5], "texture": "#2"},
				"down": {"uv": [8.25, 7.5, 9.75, 7.75], "texture": "#2"}
			}
		},
		{
			"from": [5, -4, 3.1],
			"to": [11, -1, 4.1],
			"rotation": {"angle": 22.5, "axis": "x", "origin": [6, -4, 4]},
			"faces": {
				"north": {"uv": [0, 0, 6, 1], "texture": "#2"},
				"east": {"uv": [0, 0, 1, 1], "texture": "#2"},
				"south": {"uv": [9.75, 7.5, 8.25, 7.75], "texture": "#2"},
				"west": {"uv": [0, 0, 1, 1], "texture": "#2"},
				"up": {"uv": [9, 1.5, 15, 2.5], "texture": "#2"},
				"down": {"uv": [8.25, 7.5, 9.75, 7.75], "texture": "#2"}
			}
		},
		{
			"from": [5, -1, 3.1],
			"to": [11, 2, 4.1],
			"rotation": {"angle": 22.5, "axis": "x", "origin": [6, -4, 4]},
			"faces": {
				"north": {"uv": [0, 0, 6, 1], "texture": "#2"},
				"east": {"uv": [0, 0, 1, 1], "texture": "#2"},
				"south": {"uv": [8.25, 7.5, 9.75, 7.75], "texture": "#2"},
				"west": {"uv": [0, 0, 1, 1], "texture": "#2"},
				"up": {"uv": [8.25, 7.5, 9.75, 7.75], "texture": "#2"},
				"down": {"uv": [8.25, 7.5, 9.75, 7.75], "texture": "#2"}
			}
		},
		{
			"from": [7, 6, 4],
			"to": [9, 7, 6],
			"rotation": {"angle": 0, "axis": "y", "origin": [8, 7, 5]},
			"faces": {
				"north": {"uv": [3, 3.5, 4, 3.75], "texture": "#2"},
				"east": {"uv": [2.5, 3.75, 3.5, 3.5], "texture": "#2"},
				"south": {"uv": [2.25, 4, 3.25, 3.75], "texture": "#2"},
				"west": {"uv": [3, 4, 4, 3.75], "texture": "#2"},
				"up": {"uv": [2.5, 4, 3.5, 3.75], "texture": "#2"},
				"down": {"uv": [2.5, 4, 3.5, 3.75], "texture": "#2"}
			}
		},
		{
			"from": [6, 7, 1],
			"to": [10, 8, 3],
			"rotation": {"angle": -22.5, "axis": "x", "origin": [8, 8, 3]},
			"faces": {
				"north": {"uv": [3, 3.5, 4, 3.75], "texture": "#2"},
				"east": {"uv": [2.5, 3.75, 3.5, 3.5], "texture": "#2"},
				"south": {"uv": [2.25, 4, 3.25, 3.75], "texture": "#2"},
				"west": {"uv": [3, 4, 4, 3.75], "texture": "#2"},
				"up": {"uv": [2.5, 4, 3.5, 3.75], "texture": "#2"},
				"down": {"uv": [2.5, 4, 3.5, 3.75], "texture": "#2"}
			}
		},
		{
			"from": [4, 8, 1],
			"to": [12, 14.9, 9],
			"rotation": {"angle": 0, "axis": "y", "origin": [8, 7, 5]},
			"faces": {
				"north": {"uv": [2, 2, 4, 3.75], "texture": "#2"},
				"east": {"uv": [0, 2, 2, 3.75], "texture": "#2"},
				"south": {"uv": [6, 2, 8, 3.75], "texture": "#2"},
				"west": {"uv": [4, 2, 6, 3.75], "texture": "#2"},
				"up": {"uv": [2, 0, 4, 2], "rotation": 180, "texture": "#2"},
				"down": {"uv": [2.25, 11.75, 3.25, 12.75], "texture": "#2"}
			}
		},
		{
			"from": [3.5, 6.9, 0.5],
			"to": [12.5, 15, 9.5],
			"rotation": {"angle": 0, "axis": "y", "origin": [8, 7, 5]},
			"faces": {
				"north": {"uv": [10, 2, 12, 4], "texture": "#2"},
				"east": {"uv": [8, 2, 10, 4], "texture": "#2"},
				"south": {"uv": [14, 2, 16, 4], "texture": "#2"},
				"west": {"uv": [12, 2, 14, 4], "texture": "#2"},
				"up": {"uv": [10, 0, 12, 2], "rotation": 180, "texture": "#2"},
				"down": {"uv": [12, 0, 14, 2], "texture": "#2"}
			}
		},
		{
			"from": [10, 7, 1],
			"to": [12, 8, 9],
			"rotation": {"angle": 0, "axis": "y", "origin": [8, 7, 5]},
			"faces": {
				"north": {"uv": [2, 3.75, 2.5, 4], "texture": "#2"},
				"east": {"uv": [0, 3.75, 2, 4], "texture": "#2"},
				"south": {"uv": [7.5, 3.75, 8, 4], "texture": "#2"},
				"west": {"uv": [4.25, 4, 6.25, 4.25], "texture": "#2"},
				"up": {"uv": [2, 0, 2.5, 2], "texture": "#2"},
				"down": {"uv": [5.5, 0, 6, 2], "texture": "#2"}
			}
		},
		{
			"from": [4, 7, 1],
			"to": [6, 8, 9],
			"rotation": {"angle": 0, "axis": "y", "origin": [8, 7, 5]},
			"faces": {
				"north": {"uv": [2.5, 3.75, 2, 4], "texture": "#2"},
				"east": {"uv": [6.75, 3.75, 4.75, 4], "texture": "#2"},
				"south": {"uv": [8, 3.75, 7.5, 4], "texture": "#2"},
				"west": {"uv": [2, 3.75, 0, 4], "texture": "#2"},
				"up": {"uv": [2.5, 0, 2, 2], "texture": "#2"},
				"down": {"uv": [6, 0, 5.5, 2], "texture": "#2"}
			}
		},
		{
			"from": [6, 7, 3],
			"to": [10, 8, 9],
			"rotation": {"angle": 0, "axis": "y", "origin": [8, 7, 5]},
			"faces": {
				"north": {"uv": [0.25, 2.5, 2.25, 2.75], "texture": "#2"},
				"east": {"uv": [6, 15.5, 8, 16], "texture": "#2"},
				"south": {"uv": [6.5, 3.75, 7.5, 4], "texture": "#2"},
				"west": {"uv": [4, 3.75, 6, 4], "texture": "#2"},
				"up": {"uv": [2.5, 0.5, 3.5, 2], "texture": "#2"},
				"down": {"uv": [4.5, 0.5, 5.5, 2], "texture": "#2"}
			}
		},
		{
			"from": [13, 2, -7],
			"to": [17, 6, -5],
			"rotation": {"angle": -22.5, "axis": "x", "origin": [12, 4, 5]},
			"faces": {
				"north": {"uv": [12, 4, 13, 5], "rotation": 180, "texture": "#2"},
				"east": {"uv": [13, 7.5, 14, 8], "rotation": 270, "texture": "#2"},
				"south": {"uv": [12, 4, 13, 5], "texture": "#2"},
				"west": {"uv": [11, 7.5, 12, 8], "rotation": 90, "texture": "#2"},
				"up": {"uv": [12, 7.5, 13, 8], "rotation": 180, "texture": "#2"},
				"down": {"uv": [10, 7.5, 11, 8], "texture": "#2"}
			}
		},
		{
			"from": [12, 3, 4],
			"to": [13, 5, 6],
			"rotation": {"angle": -22.5, "axis": "x", "origin": [12, 4, 5]},
			"faces": {
				"north": {"uv": [2.75, 4, 2.5, 4.5], "rotation": 180, "texture": "#2"},
				"east": {"uv": [2.75, 4.25, 2.25, 4.75], "rotation": 270, "texture": "#2"},
				"south": {"uv": [3, 4.25, 2.75, 4.75], "texture": "#2"},
				"west": {"uv": [2.25, 4.25, 2, 4.75], "rotation": 90, "texture": "#2"},
				"up": {"uv": [2.5, 4.25, 2.25, 4.75], "rotation": 180, "texture": "#2"},
				"down": {"uv": [2.75, 4.25, 2.5, 4.75], "texture": "#2"}
			}
		},
		{
			"from": [13, 2, 2],
			"to": [17, 6, 7],
			"rotation": {"angle": -22.5, "axis": "x", "origin": [12, 4, 5]},
			"faces": {
				"north": {"uv": [9.75, 12, 9.5, 12.25], "rotation": 180, "texture": "#2"},
				"east": {"uv": [9.75, 13, 10.75, 14.25], "rotation": 270, "texture": "#2"},
				"south": {"uv": [9.5, 12, 9.25, 13], "texture": "#2"},
				"west": {"uv": [12, 13, 11, 14.25], "rotation": 90, "texture": "#2"},
				"up": {"uv": [8, 13, 9, 14.25], "rotation": 180, "texture": "#2"},
				"down": {"uv": [10, 13, 9, 14.25], "texture": "#2"}
			}
		},
		{
			"from": [14, 3, 1],
			"to": [16, 5, 3],
			"rotation": {"angle": -22.5, "axis": "x", "origin": [12, 4, 5]},
			"faces": {
				"north": {"uv": [2.25, 4.5, 2, 4.75], "rotation": 180, "texture": "#2"},
				"east": {"uv": [3, 4.5, 2.5, 4.75], "rotation": 270, "texture": "#2"},
				"south": {"uv": [3, 4.75, 2.75, 5], "texture": "#2"},
				"west": {"uv": [2.5, 4.25, 2, 4.5], "rotation": 90, "texture": "#2"},
				"up": {"uv": [2.5, 4.25, 3, 4.5], "rotation": 180, "texture": "#2"},
				"down": {"uv": [2.75, 5, 2.25, 4.75], "texture": "#2"}
			}
		},
		{
			"from": [14, 3, -5],
			"to": [16, 5, -3],
			"rotation": {"angle": -22.5, "axis": "x", "origin": [12, 4, 5]},
			"faces": {
				"north": {"uv": [2.75, 4.25, 2.5, 4.5], "rotation": 180, "texture": "#2"},
				"east": {"uv": [3, 4.5, 2.5, 4.75], "rotation": 270, "texture": "#2"},
				"south": {"uv": [3, 4.25, 2.75, 4.5], "texture": "#2"},
				"west": {"uv": [3, 4.5, 2.5, 4.75], "rotation": 90, "texture": "#2"},
				"up": {"uv": [2.5, 4.5, 3, 4.75], "rotation": 180, "texture": "#2"},
				"down": {"uv": [3, 4.25, 2.5, 4], "texture": "#2"}
			}
		},
		{
			"from": [13, 2, -4],
			"to": [17, 6, 1],
			"rotation": {"angle": -22.5, "axis": "x", "origin": [12, 4, 5]},
			"faces": {
				"north": {"uv": [9.75, 12, 9.5, 12.25], "rotation": 180, "texture": "#2"},
				"east": {"uv": [11, 14.25, 10, 15.5], "rotation": 270, "texture": "#2"},
				"south": {"uv": [9.25, 12, 9, 12.25], "texture": "#2"},
				"west": {"uv": [12, 14.25, 11, 15.5], "rotation": 90, "texture": "#2"},
				"up": {"uv": [8, 14.25, 9, 15.5], "rotation": 180, "texture": "#2"},
				"down": {"uv": [10, 14.25, 9, 15.5], "texture": "#2"}
			}
		},
		{
			"from": [2, 3, 4],
			"to": [4, 5, 6],
			"rotation": {"angle": 22.5, "axis": "x", "origin": [3, 4, 5]},
			"faces": {
				"north": {"uv": [2.75, 4.25, 3, 4.5], "texture": "#2"},
				"east": {"uv": [2.75, 4.25, 3, 4.5], "texture": "#2"},
				"south": {"uv": [2.75, 4.25, 3, 4.5], "texture": "#2"},
				"west": {"uv": [2.75, 4.25, 3, 4.5], "texture": "#2"},
				"up": {"uv": [2.75, 4.25, 3, 4.5], "texture": "#2"},
				"down": {"uv": [2.75, 4.25, 3, 4.5], "texture": "#2"}
			}
		},
		{
			"from": [-0.99, 1.01, 3.01],
			"to": [2.99, 5.99, 6.99],
			"rotation": {"angle": 22.5, "axis": "x", "origin": [3, 4, 5]},
			"faces": {
				"north": {"uv": [13, 5, 14, 6.25], "texture": "#2"},
				"east": {"uv": [10, 5, 11, 6.25], "texture": "#2"},
				"south": {"uv": [11.75, 5, 10.75, 6.25], "texture": "#2"},
				"west": {"uv": [10.25, 5, 11.25, 6.25], "texture": "#2"},
				"up": {"uv": [11, 4, 11.25, 5], "texture": "#2"},
				"down": {"uv": [11, 4, 11.25, 4.25], "texture": "#2"}
			}
		},
		{
			"from": [0, -0.53912, 2.31703],
			"to": [2, 2.46088, 4.31703],
			"rotation": {"angle": 45, "axis": "x", "origin": [3, 0, 3]},
			"faces": {
				"north": {"uv": [2.75, 4.25, 3, 4.5], "texture": "#2"},
				"east": {"uv": [3, 4.25, 2.75, 4.5], "texture": "#2"},
				"south": {"uv": [3, 4.5, 2.75, 4.25], "texture": "#2"},
				"west": {"uv": [3, 4.25, 2.75, 4.5], "texture": "#2"},
				"up": {"uv": [3, 4.25, 2.75, 4.5], "texture": "#2"},
				"down": {"uv": [3, 4.25, 2.75, 4.5], "texture": "#2"}
			}
		},
		{
			"from": [0, -1.31703, -3.53912],
			"to": [2, 0.68297, -1.53912],
			"rotation": {"angle": 0, "axis": "x", "origin": [3, 0, 3]},
			"faces": {
				"north": {"uv": [2.5, 4.25, 2.25, 4.5], "rotation": 270, "texture": "#2"},
				"east": {"uv": [2.75, 4.5, 2.5, 4.25], "rotation": 270, "texture": "#2"},
				"south": {"uv": [2.75, 4.5, 2.5, 4.75], "rotation": 270, "texture": "#2"},
				"west": {"uv": [2.5, 4.25, 2.75, 4.5], "rotation": 90, "texture": "#2"},
				"up": {"uv": [2.75, 4.25, 2.5, 4.5], "rotation": 180, "texture": "#2"},
				"down": {"uv": [2.75, 4.25, 2.5, 4.5], "texture": "#2"}
			}
		},
		{
			"from": [-1, -2.31703, -4.53912],
			"to": [3, 1.68297, -2.53912],
			"rotation": {"angle": 0, "axis": "x", "origin": [3, 0, 3]},
			"faces": {
				"north": {"uv": [12, 4, 13, 5], "rotation": 270, "texture": "#2"},
				"east": {"uv": [10, 7.5, 11, 8], "rotation": 270, "texture": "#2"},
				"south": {"uv": [12, 4, 13, 5], "rotation": 270, "texture": "#2"},
				"west": {"uv": [12, 7.5, 13, 8], "rotation": 90, "texture": "#2"},
				"up": {"uv": [13, 7.5, 14, 8], "rotation": 180, "texture": "#2"},
				"down": {"uv": [11, 7.5, 12, 8], "texture": "#2"}
			}
		},
		{
			"from": [-1, -2.31703, -1.53912],
			"to": [3, 1.68297, 3.46088],
			"rotation": {"angle": 0, "axis": "x", "origin": [3, 0, 3]},
			"faces": {
				"north": {"uv": [11.25, 4, 11, 4.25], "rotation": 270, "texture": "#2"},
				"east": {"uv": [12, 6.25, 11, 7.5], "rotation": 270, "texture": "#2"},
				"south": {"uv": [11.25, 4, 11, 4.25], "rotation": 270, "texture": "#2"},
				"west": {"uv": [13, 6.25, 14, 7.5], "rotation": 90, "texture": "#2"},
				"up": {"uv": [11, 6.25, 10, 7.5], "rotation": 180, "texture": "#2"},
				"down": {"uv": [13, 6.25, 12, 7.5], "texture": "#2"}
			}
		},
		{
			"from": [-1, -3, -4],
			"to": [15, -1, -3],
			"rotation": {"angle": -22.5, "axis": "z", "origin": [12, -2, -4]},
			"faces": {
				"north": {"uv": [4.25, 8, 4.75, 12], "rotation": 90, "texture": "#2"},
				"east": {"uv": [5.5, 11.75, 6, 12], "rotation": 90, "texture": "#2"},
				"south": {"uv": [4.75, 12, 5.25, 8], "rotation": 90, "texture": "#2"},
				"west": {"uv": [5.5, 11.5, 6, 11.75], "rotation": 270, "texture": "#2"},
				"up": {"uv": [5.25, 8, 5.5, 12], "rotation": 90, "texture": "#2"},
				"down": {"uv": [5.25, 8, 5.5, 12], "rotation": 90, "texture": "#2"}
			}
		},
		{
			"from": [4.96319, 9.40939, -3.99],
			"to": [6.94319, 12.38939, -3.01],
			"rotation": {"angle": 45, "axis": "z", "origin": [12, -2, -4]},
			"faces": {
				"north": {"uv": [4.75, 9, 5.25, 9.5], "texture": "#2"},
				"east": {"uv": [5.25, 11.75, 5.5, 12], "rotation": 180, "texture": "#2"},
				"south": {"uv": [4.75, 10, 5.25, 9.5], "rotation": 180, "texture": "#2"},
				"west": {"uv": [4.5, 9.25, 4.75, 10], "rotation": 180, "texture": "#2"},
				"up": {"uv": [5.5, 11.5, 6, 11.75], "texture": "#2"},
				"down": {"uv": [5.25, 11.75, 5.5, 12], "rotation": 180, "texture": "#2"}
			}
		},
		{
			"from": [-4, -3, -4],
			"to": [-1, -1, -3],
			"rotation": {"angle": -22.5, "axis": "z", "origin": [12, -2, -4]},
			"faces": {
				"north": {"uv": [4.75, 9, 5.25, 9.5], "rotation": 90, "texture": "#2"},
				"east": {"uv": [5.5, 11.75, 6, 12], "rotation": 90, "texture": "#2"},
				"south": {"uv": [4.75, 10, 5.25, 9.5], "rotation": 90, "texture": "#2"},
				"west": {"uv": [5.5, 11.5, 6, 11.75], "rotation": 270, "texture": "#2"},
				"up": {"uv": [5.25, 11.75, 5.5, 12], "rotation": 90, "texture": "#2"},
				"down": {"uv": [5.25, 11.75, 5.5, 12], "rotation": 90, "texture": "#2"}
			}
		},
		{
			"from": [-2.38939, 3.05681, -3.99],
			"to": [0.59061, 5.03681, -3.01],
			"rotation": {"angle": 0, "axis": "z", "origin": [12, -2, -4]},
			"faces": {
				"north": {"uv": [4.75, 9, 5.25, 9.5], "rotation": 90, "texture": "#2"},
				"east": {"uv": [5.25, 11.75, 5.5, 12], "rotation": 90, "texture": "#2"},
				"south": {"uv": [4.75, 10, 5.25, 9.5], "rotation": 90, "texture": "#2"},
				"west": {"uv": [5.5, 11.5, 6, 11.75], "rotation": 270, "texture": "#2"},
				"up": {"uv": [4.5, 9.25, 4.75, 10], "rotation": 90, "texture": "#2"},
				"down": {"uv": [5.25, 11.75, 5.5, 12], "rotation": 90, "texture": "#2"}
			}
		},
		{
			"from": [9.1727, -7.75329, -3.99],
			"to": [12.1527, 1.22671, -3.01],
			"rotation": {"angle": 45, "axis": "z", "origin": [12, -2, -4]},
			"faces": {
				"north": {"uv": [4.75, 10, 5.25, 12], "texture": "#2"},
				"east": {"uv": [4.75, 10, 5.25, 12], "texture": "#2"},
				"south": {"uv": [4.75, 10, 5.25, 12], "texture": "#2"},
				"west": {"uv": [4.75, 10, 5.25, 12], "texture": "#2"},
				"up": {"uv": [4.75, 10, 5.25, 12], "texture": "#2"},
				"down": {"uv": [4.75, 10, 5.25, 12], "texture": "#2"}
			}
		},
		{
			"from": [8.78329, -2.1427, -3.98],
			"to": [16.74329, 0.8173, -3.02],
			"rotation": {"angle": 0, "axis": "z", "origin": [12, -2, -4]},
			"faces": {
				"north": {"uv": [4.75, 10, 5.25, 12], "rotation": 90, "texture": "#2"},
				"east": {"uv": [4.75, 10, 5.25, 12], "rotation": 270, "texture": "#2"},
				"south": {"uv": [4.75, 10, 5.25, 12], "rotation": 270, "texture": "#2"},
				"west": {"uv": [4.75, 10, 5.25, 12], "rotation": 270, "texture": "#2"},
				"up": {"uv": [4.75, 10, 5, 12], "rotation": 270, "texture": "#2"},
				"down": {"uv": [4.75, 10, 5.25, 12], "rotation": 270, "texture": "#2"}
			}
		},
		{
			"from": [0, -16, 0],
			"to": [16, -15, 8],
			"faces": {
				"north": {"uv": [5.5, 9.5, 9.5, 9.75], "texture": "#2"},
				"east": {"uv": [6.5, 8.25, 8.5, 8.5], "texture": "#2"},
				"south": {"uv": [5.5, 8.75, 9.5, 9], "texture": "#2"},
				"west": {"uv": [5.5, 9, 7.5, 9.25], "texture": "#2"},
				"up": {"uv": [5.5, 8, 9.5, 10], "texture": "#2"},
				"down": {"uv": [5.5, 8, 9.5, 10], "texture": "#2"}
			}
		},
		{
			"from": [0, -9, 0],
			"to": [16, -6, 8],
			"faces": {
				"north": {"uv": [5.5, 10, 9.5, 10.75], "texture": "#2"},
				"east": {"uv": [6.5, 8.25, 8.5, 8.5], "texture": "#2"},
				"south": {"uv": [5.5, 8.75, 9.5, 9], "texture": "#2"},
				"west": {"uv": [5.5, 9, 7.5, 9.25], "texture": "#2"},
				"up": {"uv": [5.5, 8, 9.5, 10], "texture": "#2"},
				"down": {"uv": [5.5, 8, 9.5, 10], "texture": "#2"}
			}
		},
		{
			"from": [0, -15, 0],
			"to": [1, -9, 8],
			"faces": {
				"north": {"uv": [5.5, 8, 9.5, 8.25], "texture": "#2"},
				"east": {"uv": [7.5, 8, 9.5, 10], "texture": "#2"},
				"south": {"uv": [6.75, 8, 7, 10], "texture": "#2"},
				"west": {"uv": [5.5, 8, 7.5, 10], "texture": "#2"},
				"up": {"uv": [8, 8, 8.25, 10], "texture": "#2"},
				"down": {"uv": [6, 8, 6.25, 10], "texture": "#2"}
			}
		},
		{
			"from": [15, -15, 0],
			"to": [16, -9, 8],
			"faces": {
				"north": {"uv": [5.5, 8, 9.5, 8.25], "texture": "#2"},
				"east": {"uv": [7.5, 8, 9.5, 10], "texture": "#2"},
				"south": {"uv": [6.75, 8, 7, 10], "texture": "#2"},
				"west": {"uv": [5.5, 8, 7.5, 10], "texture": "#2"},
				"up": {"uv": [8, 8, 8.25, 10], "texture": "#2"},
				"down": {"uv": [6, 8, 6.25, 10], "texture": "#2"}
			}
		},
		{
			"from": [1, -15, 1],
			"to": [15, -9, 2],
			"faces": {
				"north": {"uv": [9.5, 8, 12.75, 9.5], "texture": "#2"},
				"east": {"uv": [0, 0, 1, 8], "texture": "#2"},
				"south": {"uv": [9.5, 8, 12.75, 9.5], "texture": "#2"},
				"west": {"uv": [9.5, 8, 10, 8.5], "texture": "#2"},
				"up": {"uv": [9.5, 8, 10, 8.5], "texture": "#2"},
				"down": {"uv": [9.5, 8, 10, 8.5], "texture": "#2"}
			}
		},
		{
			"from": [1, -13, 4],
			"to": [10, -9, 4],
			"faces": {
				"north": {"uv": [0, 0, 14, 6], "texture": "#2"},
				"east": {"uv": [0, 0, 0, 6], "texture": "#2"},
				"south": {"uv": [13.75, 8, 16, 9], "texture": "#2"},
				"west": {"uv": [0, 0, 0, 6], "texture": "#2"},
				"up": {"uv": [0, 0, 14, 0], "texture": "#2"},
				"down": {"uv": [0, 0, 14, 0], "texture": "#2"}
			}
		},
		{
			"from": [7, -14, 5],
			"to": [12, -9, 5],
			"faces": {
				"north": {"uv": [0, 0, 14, 6], "texture": "#2"},
				"east": {"uv": [0, 0, 0, 6], "texture": "#2"},
				"south": {"uv": [13.75, 9, 15, 10.25], "texture": "#2"},
				"west": {"uv": [0, 0, 0, 6], "texture": "#2"},
				"up": {"uv": [0, 0, 14, 0], "texture": "#2"},
				"down": {"uv": [0, 0, 14, 0], "texture": "#2"}
			}
		},
		{
			"from": [5, 15, 2],
			"to": [11, 23, 8],
			"rotation": {"angle": 0, "axis": "y", "origin": [0, -3, 2]},
			"faces": {
				"north": {"uv": [16, 14, 14.5, 16], "texture": "#2"},
				"east": {"uv": [14.5, 14, 16, 16], "texture": "#2"},
				"south": {"uv": [14.5, 14, 15.75, 16], "texture": "#2"},
				"west": {"uv": [14.5, 14, 15.75, 16], "texture": "#2"},
				"up": {"uv": [12.75, 14.25, 14.25, 15.75], "texture": "#2"},
				"down": {"uv": [12.75, 14.25, 14.25, 15.75], "texture": "#2"}
			}
		},
		{
			"from": [3, 15, 0],
			"to": [13, 15, 10],
			"rotation": {"angle": 0, "axis": "y", "origin": [0, -3, 2]},
			"faces": {
				"north": {"uv": [0, 0, 10, 0], "texture": "#2"},
				"east": {"uv": [0, 0, 10, 0], "texture": "#2"},
				"south": {"uv": [0, 0, 10, 0], "texture": "#2"},
				"west": {"uv": [0, 0, 10, 0], "texture": "#2"},
				"up": {"uv": [12, 13.5, 14.5, 16], "texture": "#2"},
				"down": {"uv": [12, 13.5, 14.5, 16], "texture": "#2"}
			}
		}
	],
	"groups": [
		{
			"name": "Animatronic-BigBoy",
			"origin": [8, 8, 8],
			"color": 0,
			"children": [
				{
					"name": "Feet",
					"origin": [8, 8, 8],
					"color": 0,
					"children": [0, 1, 2, 3]
				},
				{
					"name": "Legs",
					"origin": [8, 8, 8],
					"color": 0,
					"children": [4, 5, 6, 7, 8, 9, 10, 11]
				},
				{
					"name": "Torso",
					"origin": [16, 0, 0],
					"color": 0,
					"children": [12, 13, 14, 15, 16]
				},
				{
					"name": "Electronics",
					"origin": [8, 8, 8],
					"color": 0,
					"children": [17, 18, 19, 20]
				},
				{
					"name": "NoHead?",
					"origin": [8, 8, 8],
					"color": 0,
					"children": [21, 22, 23, 24, 25, 26, 27]
				},
				{
					"name": "RightArm",
					"origin": [16, 0, 0],
					"color": 0,
					"children": [28, 29, 30, 31, 32, 33]
				},
				{
					"name": "LeftArm",
					"origin": [8, 8, 8],
					"color": 0,
					"children": [34, 35, 36, 37, 38, 39]
				}
			]
		},
		{
			"name": "Guitar",
			"origin": [8, 8, 8],
			"color": 0,
			"children": [40, 41, 42, 43, 44, 45]
		},
		{
			"name": "AMP",
			"origin": [8, 8, 8],
			"color": 0,
			"children": [46, 47, 48, 49, 50, 51, 52]
		},
		{
			"name": "MaybeHat",
			"origin": [8, 8, 8],
			"color": 0,
			"children": [53, 54]
		}
	]
}