{
	"credit": "Made with Blockbench",
	"textures": {
		"1": "item/skin/masterbot",
		"particle": "item/skin/masterbot"
	},
	"elements": [
		{
			"from": [8, 0, 5],
			"to": [12, 1, 10],
			"rotation": {"angle": 0, "axis": "y", "origin": [15, 0, 0]},
			"faces": {
				"north": {"uv": [5, 15.75, 4, 16], "texture": "#1"},
				"east": {"uv": [6.25, 15.75, 5, 16], "texture": "#1"},
				"south": {"uv": [5, 15.75, 4, 16], "texture": "#1"},
				"west": {"uv": [6.25, 15.75, 5, 16], "texture": "#1"},
				"up": {"uv": [7, 12, 6, 13], "texture": "#1"},
				"down": {"uv": [7, 12, 6, 13], "texture": "#1"}
			}
		},
		{
			"from": [4, 0, 5],
			"to": [8, 1, 10],
			"rotation": {"angle": 22.5, "axis": "x", "origin": [6, 12, 8]},
			"faces": {
				"north": {"uv": [4, 15.75, 5, 16], "texture": "#1"},
				"east": {"uv": [5, 15.75, 6.25, 16], "texture": "#1"},
				"south": {"uv": [4, 15.75, 5, 16], "texture": "#1"},
				"west": {"uv": [5, 15.75, 6.25, 16], "texture": "#1"},
				"up": {"uv": [6, 12, 7, 13], "texture": "#1"},
				"down": {"uv": [6, 12, 7, 13], "texture": "#1"}
			}
		},
		{
			"from": [5, 1, 7],
			"to": [7, 2, 9],
			"rotation": {"angle": 22.5, "axis": "x", "origin": [6, 12, 8]},
			"faces": {
				"north": {"uv": [3.25, 2.75, 3.5, 3], "texture": "#1"},
				"east": {"uv": [3.25, 2.75, 3.5, 3], "texture": "#1"},
				"south": {"uv": [3.25, 2.75, 3.5, 3], "texture": "#1"},
				"west": {"uv": [3.25, 2.75, 3.5, 3], "texture": "#1"},
				"up": {"uv": [2.5, 2.75, 2.75, 3], "texture": "#1"},
				"down": {"uv": [2.5, 2.75, 2.75, 3], "texture": "#1"}
			}
		},
		{
			"from": [9, 1, 7],
			"to": [11, 2, 9],
			"rotation": {"angle": 0, "axis": "y", "origin": [15, 0, 0]},
			"faces": {
				"north": {"uv": [3.5, 2.75, 3.25, 3], "texture": "#1"},
				"east": {"uv": [3.5, 2.75, 3.25, 3], "texture": "#1"},
				"south": {"uv": [3.5, 2.75, 3.25, 3], "texture": "#1"},
				"west": {"uv": [3.5, 2.75, 3.25, 3], "texture": "#1"},
				"up": {"uv": [2.75, 2.75, 2.5, 3], "texture": "#1"},
				"down": {"uv": [3.5, 2.75, 3.25, 3], "texture": "#1"}
			}
		},
		{
			"from": [4, 2, 6],
			"to": [8, 6, 10],
			"rotation": {"angle": 22.5, "axis": "x", "origin": [6, 12, 8]},
			"faces": {
				"north": {"uv": [2, 6.25, 3, 7.25], "texture": "#1"},
				"east": {"uv": [1, 6.25, 2, 7.25], "texture": "#1"},
				"south": {"uv": [0, 6.25, 1, 7.25], "texture": "#1"},
				"west": {"uv": [3, 6.25, 4, 7.25], "texture": "#1"},
				"up": {"uv": [2, 6.25, 3, 7.25], "texture": "#1"},
				"down": {"uv": [2, 6.25, 3, 7.25], "texture": "#1"}
			}
		},
		{
			"from": [8, 2, 6],
			"to": [12, 6, 10],
			"rotation": {"angle": 0, "axis": "y", "origin": [11, 2, 8]},
			"faces": {
				"north": {"uv": [3, 6.25, 2, 7.25], "texture": "#1"},
				"east": {"uv": [4, 6.25, 3, 7.25], "texture": "#1"},
				"south": {"uv": [1, 6.25, 0, 7.25], "texture": "#1"},
				"west": {"uv": [2, 6.25, 1, 7.25], "texture": "#1"},
				"up": {"uv": [3, 6.25, 2, 7.25], "texture": "#1"},
				"down": {"uv": [3, 6.25, 2, 7.25], "texture": "#1"}
			}
		},
		{
			"from": [5, 7.11091, 3.11091],
			"to": [7, 9.11091, 5.11091],
			"rotation": {"angle": -22.5, "axis": "x", "origin": [6, 12, 8]},
			"faces": {
				"north": {"uv": [2.75, 2.75, 2.5, 3], "texture": "#1"},
				"east": {"uv": [2.75, 2.75, 2.5, 3], "texture": "#1"},
				"south": {"uv": [2.75, 2.75, 2.5, 3], "texture": "#1"},
				"west": {"uv": [2.75, 2.75, 2.5, 3], "texture": "#1"},
				"up": {"uv": [2.75, 2.75, 2.5, 3], "texture": "#1"},
				"down": {"uv": [2.75, 2.75, 2.5, 3], "texture": "#1"}
			}
		},
		{
			"from": [4, 7, 6],
			"to": [8, 11, 10],
			"rotation": {"angle": 22.5, "axis": "x", "origin": [6, 12, 8]},
			"faces": {
				"north": {"uv": [2, 5.25, 3, 6.25], "texture": "#1"},
				"east": {"uv": [1, 5.25, 2, 6.25], "texture": "#1"},
				"south": {"uv": [0, 5.25, 1, 6.25], "texture": "#1"},
				"west": {"uv": [3, 5.25, 4, 6.25], "texture": "#1"},
				"up": {"uv": [1, 4, 2, 5], "texture": "#1"},
				"down": {"uv": [3, 6.25, 4, 7.25], "rotation": 270, "texture": "#1"}
			}
		},
		{
			"from": [8, 7, 6],
			"to": [12, 11, 10],
			"rotation": {"angle": 0, "axis": "y", "origin": [11, 2, 8]},
			"faces": {
				"north": {"uv": [3, 5.25, 2, 6.25], "texture": "#1"},
				"east": {"uv": [4, 5.25, 3, 6.25], "texture": "#1"},
				"south": {"uv": [1, 5.25, 0, 6.25], "texture": "#1"},
				"west": {"uv": [2, 5.25, 1, 6.25], "texture": "#1"},
				"up": {"uv": [2, 4, 1, 5], "texture": "#1"},
				"down": {"uv": [3, 7.25, 4, 6.25], "rotation": 270, "texture": "#1"}
			}
		},
		{
			"from": [5, 11, 7],
			"to": [7, 12, 9],
			"rotation": {"angle": 22.5, "axis": "x", "origin": [6, 12, 8]},
			"faces": {
				"north": {"uv": [3.25, 2.75, 3.5, 3], "texture": "#1"},
				"east": {"uv": [3.25, 2.75, 3.5, 3], "texture": "#1"},
				"south": {"uv": [3.25, 2.75, 3.5, 3], "texture": "#1"},
				"west": {"uv": [3.25, 2.75, 3.5, 3], "texture": "#1"},
				"up": {"uv": [3.25, 2.75, 3.5, 3], "texture": "#1"},
				"down": {"uv": [3.25, 2.75, 3.5, 3], "texture": "#1"}
			}
		},
		{
			"from": [9, 11, 7],
			"to": [11, 12, 9],
			"rotation": {"angle": 0, "axis": "y", "origin": [11, 2, 8]},
			"faces": {
				"north": {"uv": [3.5, 2.75, 3.25, 3], "texture": "#1"},
				"east": {"uv": [3.5, 2.75, 3.25, 3], "texture": "#1"},
				"south": {"uv": [2.75, 2.75, 2.5, 3], "texture": "#1"},
				"west": {"uv": [2.75, 2.75, 2.5, 3], "texture": "#1"},
				"up": {"uv": [3.5, 2.75, 3.25, 3], "texture": "#1"},
				"down": {"uv": [2.75, 2.75, 2.5, 3], "texture": "#1"}
			}
		},
		{
			"from": [9, 4.18198, 10.18198],
			"to": [11, 6.18198, 12.18198],
			"rotation": {"angle": -45, "axis": "x", "origin": [11, 2, 8]},
			"faces": {
				"north": {"uv": [3.25, 2.75, 3.5, 3], "texture": "#1"},
				"east": {"uv": [2.5, 2.75, 2.75, 3], "texture": "#1"},
				"south": {"uv": [3.25, 2.75, 3.5, 3], "texture": "#1"},
				"west": {"uv": [2.5, 2.75, 2.75, 3], "texture": "#1"},
				"up": {"uv": [3.25, 2.75, 3.5, 3], "texture": "#1"},
				"down": {"uv": [2.5, 2.75, 2.75, 3], "texture": "#1"}
			}
		},
		{
			"from": [4, 12, 6],
			"to": [12, 23, 7],
			"faces": {
				"north": {"uv": [5, 5, 7, 7.75], "texture": "#1"},
				"east": {"uv": [4, 5, 5, 8], "texture": "#1"},
				"south": {"uv": [10, 5, 12, 7], "texture": "#1"},
				"west": {"uv": [7, 5, 8, 8], "texture": "#1"},
				"up": {"uv": [5, 4.75, 7, 5], "texture": "#1"},
				"down": {"uv": [7, 4, 9, 5], "texture": "#1"}
			}
		},
		{
			"from": [3.9, 11.9, 5.9],
			"to": [12.1, 23.1, 10.1],
			"faces": {
				"north": {"uv": [5.25, 9, 7.25, 11.75], "texture": "#1"},
				"east": {"uv": [4.25, 9, 5.25, 12], "texture": "#1"},
				"south": {"uv": [8, 9, 10, 12], "texture": "#1"},
				"west": {"uv": [7, 9, 8, 12], "texture": "#1"},
				"up": {"uv": [5, 4.75, 7, 5], "texture": "#1"},
				"down": {"uv": [7, 8, 9, 9], "texture": "#1"}
			}
		},
		{
			"from": [11, 12, 7],
			"to": [12, 23, 10],
			"faces": {
				"north": {"uv": [4, 5, 4.25, 8], "texture": "#1"},
				"east": {"uv": [4, 5, 5, 8], "texture": "#1"},
				"south": {"uv": [4, 5, 4.25, 8], "texture": "#1"},
				"west": {"uv": [7, 5, 8, 8], "texture": "#1"},
				"up": {"uv": [7, 4, 9, 5], "texture": "#1"},
				"down": {"uv": [7, 4, 9, 5], "texture": "#1"}
			}
		},
		{
			"from": [4, 12, 7],
			"to": [5, 23, 10],
			"faces": {
				"north": {"uv": [4, 5, 4.25, 8], "texture": "#1"},
				"east": {"uv": [4, 5, 5, 8], "texture": "#1"},
				"south": {"uv": [4, 5, 4.25, 8], "texture": "#1"},
				"west": {"uv": [7, 5, 8, 8], "texture": "#1"},
				"up": {"uv": [7, 4, 9, 5], "texture": "#1"},
				"down": {"uv": [7, 4, 9, 5], "texture": "#1"}
			}
		},
		{
			"from": [5, 12, 7],
			"to": [11, 13, 10],
			"faces": {
				"north": {"uv": [7, 4.75, 9, 5], "texture": "#1"},
				"east": {"uv": [7, 4.75, 9, 5], "texture": "#1"},
				"south": {"uv": [7, 4.75, 9, 5], "texture": "#1"},
				"west": {"uv": [7, 4.75, 9, 5], "texture": "#1"},
				"up": {"uv": [7, 4, 9, 5], "texture": "#1"},
				"down": {"uv": [7, 4, 9, 5], "texture": "#1"}
			}
		},
		{
			"from": [5, 22, 7],
			"to": [11, 23, 10],
			"faces": {
				"north": {"uv": [7, 4.75, 9, 5], "texture": "#1"},
				"east": {"uv": [7, 4.75, 9, 5], "texture": "#1"},
				"south": {"uv": [7, 4.75, 9, 5], "texture": "#1"},
				"west": {"uv": [7, 4.75, 9, 5], "texture": "#1"},
				"up": {"uv": [5.25, 4.75, 6.75, 4], "texture": "#1"},
				"down": {"uv": [7.25, 4, 8.75, 4.75], "texture": "#1"}
			}
		},
		{
			"from": [5, 20.61524, 8.16566],
			"to": [11, 22.61524, 9.16566],
			"rotation": {"angle": 0, "axis": "x", "origin": [6, 18, 9]},
			"rotated": [0, 0, 0],
			"faces": {
				"north": {"uv": [0, 0, 6, 1], "texture": "#1"},
				"east": {"uv": [0, 0, 1, 1], "texture": "#1"},
				"south": {"uv": [8.25, 7.5, 9.75, 7.75], "texture": "#1"},
				"west": {"uv": [0, 0, 1, 1], "texture": "#1"},
				"up": {"uv": [9, 1.5, 15, 2.5], "texture": "#1"},
				"down": {"uv": [8.25, 7.5, 9.75, 7.75], "texture": "#1"}
			}
		},
		{
			"from": [5, 18.61524, 8.16566],
			"to": [11, 20.61524, 9.16566],
			"rotation": {"angle": 0, "axis": "x", "origin": [6, 18, 9]},
			"rotated": [0, 0, 0],
			"faces": {
				"north": {"uv": [0, 0, 6, 1], "texture": "#1"},
				"east": {"uv": [0, 0, 1, 1], "texture": "#1"},
				"south": {"uv": [9.75, 7.5, 8.25, 7.75], "texture": "#1"},
				"west": {"uv": [0, 0, 1, 1], "texture": "#1"},
				"up": {"uv": [9, 1.5, 15, 2.5], "texture": "#1"},
				"down": {"uv": [8.25, 7.5, 9.75, 7.75], "texture": "#1"}
			}
		},
		{
			"from": [5, 13, 6.1],
			"to": [11, 16, 7.1],
			"rotation": {"angle": 22.5, "axis": "x", "origin": [6, 13, 7]},
			"faces": {
				"north": {"uv": [0, 0, 6, 1], "texture": "#1"},
				"east": {"uv": [0, 0, 1, 1], "texture": "#1"},
				"south": {"uv": [9.75, 7.5, 8.25, 7.75], "texture": "#1"},
				"west": {"uv": [0, 0, 1, 1], "texture": "#1"},
				"up": {"uv": [9, 1.5, 15, 2.5], "texture": "#1"},
				"down": {"uv": [8.25, 7.5, 9.75, 7.75], "texture": "#1"}
			}
		},
		{
			"from": [5, 16, 6.1],
			"to": [11, 19, 7.1],
			"rotation": {"angle": 22.5, "axis": "x", "origin": [6, 13, 7]},
			"faces": {
				"north": {"uv": [0, 0, 6, 1], "texture": "#1"},
				"east": {"uv": [0, 0, 1, 1], "texture": "#1"},
				"south": {"uv": [8.25, 7.5, 9.75, 7.75], "texture": "#1"},
				"west": {"uv": [0, 0, 1, 1], "texture": "#1"},
				"up": {"uv": [8.25, 7.5, 9.75, 7.75], "texture": "#1"},
				"down": {"uv": [8.25, 7.5, 9.75, 7.75], "texture": "#1"}
			}
		},
		{
			"from": [7, 23, 7],
			"to": [9, 24, 9],
			"rotation": {"angle": -22.5, "axis": "y", "origin": [8, 24, 8]},
			"faces": {
				"north": {"uv": [9, 3, 10, 3.25], "texture": "#1"},
				"east": {"uv": [9, 3.25, 10, 3], "texture": "#1"},
				"south": {"uv": [9, 3.25, 10, 3], "texture": "#1"},
				"west": {"uv": [9, 3.25, 10, 3], "texture": "#1"},
				"up": {"uv": [9, 3.5, 10, 3.25], "texture": "#1"},
				"down": {"uv": [9, 3.5, 10, 3.25], "texture": "#1"}
			}
		},
		{
			"from": [4, 28, 4],
			"to": [12, 31.9, 12],
			"rotation": {"angle": -22.5, "axis": "y", "origin": [8, 24, 8]},
			"faces": {
				"north": {"uv": [2, 2, 4, 3], "texture": "#1"},
				"east": {"uv": [0, 2, 2, 3], "texture": "#1"},
				"south": {"uv": [6, 2, 8, 3], "texture": "#1"},
				"west": {"uv": [4, 2, 6, 3], "texture": "#1"},
				"up": {"uv": [2, 0, 4, 2], "rotation": 180, "texture": "#1"},
				"down": {"uv": [4.5, 15.5, 5, 16], "texture": "#1"}
			}
		},
		{
			"from": [3.5, 23.9, 3.5],
			"to": [12.5, 32, 12.5],
			"rotation": {"angle": -22.5, "axis": "y", "origin": [8, 24, 8]},
			"faces": {
				"north": {"uv": [10, 2, 12, 4], "texture": "#1"},
				"east": {"uv": [8, 2, 10, 4], "texture": "#1"},
				"south": {"uv": [14, 2, 16, 4], "texture": "#1"},
				"west": {"uv": [12, 2, 14, 4], "texture": "#1"},
				"up": {"uv": [10, 0, 12, 2], "rotation": 180, "texture": "#1"},
				"down": {"uv": [12, 0, 14, 2], "texture": "#1"}
			}
		},
		{
			"from": [10, 24, 4],
			"to": [12, 28, 12],
			"rotation": {"angle": -22.5, "axis": "y", "origin": [8, 24, 8]},
			"faces": {
				"north": {"uv": [2, 3, 2.5, 4], "texture": "#1"},
				"east": {"uv": [0, 3, 2, 4], "texture": "#1"},
				"south": {"uv": [7.5, 3, 8, 4], "texture": "#1"},
				"west": {"uv": [2, 12.25, 3, 13], "texture": "#1"},
				"up": {"uv": [2, 0, 2.5, 2], "texture": "#1"},
				"down": {"uv": [5.5, 0, 6, 2], "texture": "#1"}
			}
		},
		{
			"from": [4, 24, 4],
			"to": [6, 28, 12],
			"rotation": {"angle": -22.5, "axis": "y", "origin": [8, 24, 8]},
			"faces": {
				"north": {"uv": [2.5, 3, 2, 4], "texture": "#1"},
				"east": {"uv": [6, 15.5, 4, 15.75], "texture": "#1"},
				"south": {"uv": [8, 3, 7.5, 4], "texture": "#1"},
				"west": {"uv": [2, 3, 0, 4], "texture": "#1"},
				"up": {"uv": [2.5, 0, 2, 2], "texture": "#1"},
				"down": {"uv": [6, 0, 5.5, 2], "texture": "#1"}
			}
		},
		{
			"from": [6, 24, 5],
			"to": [10, 28, 12],
			"rotation": {"angle": -22.5, "axis": "y", "origin": [8, 24, 8]},
			"faces": {
				"north": {"uv": [2.75, 7.25, 3, 7.5], "texture": "#1"},
				"east": {"uv": [6, 15.5, 8, 16], "texture": "#1"},
				"south": {"uv": [6.5, 3, 7.5, 4], "texture": "#1"},
				"west": {"uv": [4, 2.75, 6, 4], "texture": "#1"},
				"up": {"uv": [2.5, 0.25, 3.5, 2], "texture": "#1"},
				"down": {"uv": [4.5, 0, 5.5, 1.5], "texture": "#1"}
			}
		},
		{
			"from": [6, 22.9, 3.6],
			"to": [10, 24.9, 6],
			"rotation": {"angle": -22.5, "axis": "y", "origin": [8, 24, 8]},
			"faces": {
				"north": {"uv": [2.5, 3.75, 3.5, 4], "texture": "#1"},
				"east": {"uv": [4, 0.5, 4.5, 1], "texture": "#1"},
				"south": {"uv": [3.5, 7.25, 4, 7.75], "texture": "#1"},
				"west": {"uv": [3.5, 3.5, 3.75, 4], "texture": "#1"},
				"up": {"uv": [2.75, 3.5, 3.25, 4], "texture": "#1"},
				"down": {"uv": [4.5, 1.5, 5.5, 2], "texture": "#1"}
			}
		},
		{
			"from": [7, 24.9, 3.6],
			"to": [9, 25.9, 5],
			"rotation": {"angle": -22.5, "axis": "y", "origin": [8, 24, 8]},
			"faces": {
				"north": {"uv": [2.5, 3.75, 3.5, 4], "texture": "#1"},
				"east": {"uv": [2.25, 3.75, 2.75, 4], "texture": "#1"},
				"south": {"uv": [3.5, 7.25, 4, 7.75], "texture": "#1"},
				"west": {"uv": [3.25, 3.75, 3.75, 4], "texture": "#1"},
				"up": {"uv": [2.75, 3.5, 3.25, 4], "texture": "#1"},
				"down": {"uv": [4.5, 1.5, 5.5, 2], "texture": "#1"}
			}
		},
		{
			"from": [6, 27, 4],
			"to": [7, 28, 5],
			"rotation": {"angle": -22.5, "axis": "y", "origin": [8, 24, 8]},
			"faces": {
				"north": {"uv": [3.25, 3, 3.5, 3.25], "texture": "#1"},
				"east": {"uv": [4, 0.5, 4.5, 1], "texture": "#1"},
				"south": {"uv": [3.5, 7.25, 4, 7.75], "texture": "#1"},
				"west": {"uv": [3.25, 3, 3.5, 3.25], "texture": "#1"},
				"up": {"uv": [2.75, 3, 3, 3.25], "texture": "#1"},
				"down": {"uv": [4.5, 1.5, 5.5, 2], "texture": "#1"}
			}
		},
		{
			"from": [9, 27, 4],
			"to": [10, 28, 5],
			"rotation": {"angle": -22.5, "axis": "y", "origin": [8, 24, 8]},
			"faces": {
				"north": {"uv": [3.5, 3, 3.25, 3.25], "texture": "#1"},
				"east": {"uv": [3.5, 3, 3.25, 3.25], "texture": "#1"},
				"south": {"uv": [4, 7.25, 3.5, 7.75], "texture": "#1"},
				"west": {"uv": [4.5, 0.5, 4, 1], "texture": "#1"},
				"up": {"uv": [3, 3, 2.75, 3.25], "texture": "#1"},
				"down": {"uv": [5.5, 1.5, 4.5, 2], "texture": "#1"}
			}
		},
		{
			"from": [13, 12, -1.10051],
			"to": [17, 16, 0.89949],
			"rotation": {"angle": -45, "axis": "x", "origin": [15, 14, 1]},
			"faces": {
				"north": {"uv": [12, 4, 13, 5], "rotation": 180, "texture": "#1"},
				"east": {"uv": [13, 7.5, 14, 8], "rotation": 270, "texture": "#1"},
				"south": {"uv": [12, 4, 13, 5], "texture": "#1"},
				"west": {"uv": [11, 7.5, 12, 8], "rotation": 90, "texture": "#1"},
				"up": {"uv": [12, 7.5, 13, 8], "rotation": 180, "texture": "#1"},
				"down": {"uv": [10, 7.5, 11, 8], "texture": "#1"}
			}
		},
		{
			"from": [12, 17.36396, 13.36396],
			"to": [13, 19.36396, 15.36396],
			"rotation": {"angle": -45, "axis": "x", "origin": [6, 12, 8]},
			"faces": {
				"north": {"uv": [9.25, 3, 9, 3.5], "rotation": 180, "texture": "#1"},
				"east": {"uv": [9.75, 3, 9.25, 3.5], "rotation": 270, "texture": "#1"},
				"south": {"uv": [9.25, 3, 9, 3.5], "texture": "#1"},
				"west": {"uv": [9.25, 3, 9, 3.5], "rotation": 90, "texture": "#1"},
				"up": {"uv": [9.25, 3, 9, 3.5], "rotation": 180, "texture": "#1"},
				"down": {"uv": [9.25, 3, 9, 3.5], "texture": "#1"}
			}
		},
		{
			"from": [13, 16.36396, 11.36396],
			"to": [17, 20.36396, 16.36396],
			"rotation": {"angle": -45, "axis": "x", "origin": [6, 12, 8]},
			"faces": {
				"north": {"uv": [10, 12, 9, 13], "rotation": 180, "texture": "#1"},
				"east": {"uv": [11, 13, 10, 14], "rotation": 270, "texture": "#1"},
				"south": {"uv": [10, 12, 9, 13], "texture": "#1"},
				"west": {"uv": [12, 13, 11, 14], "rotation": 90, "texture": "#1"},
				"up": {"uv": [8, 13, 9, 14], "rotation": 180, "texture": "#1"},
				"down": {"uv": [10, 13, 9, 14], "texture": "#1"}
			}
		},
		{
			"from": [14, 17.36396, 10.36396],
			"to": [16, 19.36396, 12.36396],
			"rotation": {"angle": -45, "axis": "x", "origin": [6, 12, 8]},
			"faces": {
				"north": {"uv": [10, 12, 9, 13], "rotation": 180, "texture": "#1"},
				"east": {"uv": [0.75, 11.5, 0.25, 11.75], "rotation": 270, "texture": "#1"},
				"south": {"uv": [10, 12, 9, 13], "texture": "#1"},
				"west": {"uv": [3.25, 15.5, 2.75, 15.75], "rotation": 90, "texture": "#1"},
				"up": {"uv": [3, 15.5, 3.5, 15.75], "rotation": 180, "texture": "#1"},
				"down": {"uv": [3.5, 11.5, 3, 11.25], "texture": "#1"}
			}
		},
		{
			"from": [14, 13, 0.89949],
			"to": [16, 15, 2.89949],
			"rotation": {"angle": -45, "axis": "x", "origin": [15, 14, 1]},
			"faces": {
				"north": {"uv": [10, 12, 9, 13], "rotation": 180, "texture": "#1"},
				"east": {"uv": [3.25, 15.5, 2.75, 15.75], "rotation": 270, "texture": "#1"},
				"south": {"uv": [10, 12, 9, 13], "texture": "#1"},
				"west": {"uv": [3.75, 11.5, 3.25, 11.75], "rotation": 90, "texture": "#1"},
				"up": {"uv": [3.25, 11.5, 3.75, 11.75], "rotation": 180, "texture": "#1"},
				"down": {"uv": [3.75, 11.75, 3.25, 11.5], "texture": "#1"}
			}
		},
		{
			"from": [13, 16.36396, 5.36396],
			"to": [17, 20.36396, 10.36396],
			"rotation": {"angle": -45, "axis": "x", "origin": [6, 12, 8]},
			"faces": {
				"north": {"uv": [10, 12, 9, 13], "rotation": 180, "texture": "#1"},
				"east": {"uv": [11, 14.25, 10, 15.5], "rotation": 270, "texture": "#1"},
				"south": {"uv": [10, 12, 9, 13], "texture": "#1"},
				"west": {"uv": [12, 14.25, 11, 15.5], "rotation": 90, "texture": "#1"},
				"up": {"uv": [8, 14.25, 9, 15.5], "rotation": 180, "texture": "#1"},
				"down": {"uv": [10, 14.25, 9, 15.5], "texture": "#1"}
			}
		},
		{
			"from": [2, 20, 7],
			"to": [4, 22, 9],
			"rotation": {"angle": 0, "axis": "z", "origin": [3, 21, 8]},
			"faces": {
				"north": {"uv": [9, 3, 9.25, 3.5], "texture": "#1"},
				"east": {"uv": [9, 3, 9.25, 3.5], "texture": "#1"},
				"south": {"uv": [9, 3, 9.25, 3.5], "texture": "#1"},
				"west": {"uv": [9.25, 3, 9.75, 3.5], "texture": "#1"},
				"up": {"uv": [9, 3, 9.25, 3.5], "texture": "#1"},
				"down": {"uv": [9, 3, 9.25, 3.5], "texture": "#1"}
			}
		},
		{
			"from": [0, 21, 6],
			"to": [5, 25, 10],
			"rotation": {"angle": 22.5, "axis": "z", "origin": [3, 21, 8]},
			"faces": {
				"north": {"uv": [13, 5, 14, 6.25], "rotation": 270, "texture": "#1"},
				"east": {"uv": [11, 4, 12, 5], "rotation": 90, "texture": "#1"},
				"south": {"uv": [11, 5, 12, 6.25], "rotation": 90, "texture": "#1"},
				"west": {"uv": [11, 4, 12, 5], "rotation": 90, "texture": "#1"},
				"up": {"uv": [12, 5, 13, 6.25], "rotation": 90, "texture": "#1"},
				"down": {"uv": [10, 5, 11, 6.25], "rotation": 90, "texture": "#1"}
			}
		},
		{
			"from": [-2.61104, 20.92807, 7],
			"to": [0.38896, 22.92807, 9],
			"rotation": {"angle": -45, "axis": "z", "origin": [0, 22, 8]},
			"faces": {
				"north": {"uv": [3.25, 2.75, 3.5, 3], "rotation": 270, "texture": "#1"},
				"east": {"uv": [10, 12, 9, 13], "rotation": 90, "texture": "#1"},
				"south": {"uv": [2.75, 3, 2.5, 2.75], "rotation": 90, "texture": "#1"},
				"west": {"uv": [10, 12, 9, 13], "rotation": 90, "texture": "#1"},
				"up": {"uv": [2.75, 2.75, 2.5, 3], "rotation": 90, "texture": "#1"},
				"down": {"uv": [3.5, 2.75, 3.25, 3], "rotation": 90, "texture": "#1"}
			}
		},
		{
			"from": [-6.07193, 25.53998, 7],
			"to": [-4.07193, 27.53998, 9],
			"rotation": {"angle": 22.5, "axis": "z", "origin": [-5, 27, 8]},
			"faces": {
				"north": {"uv": [3.5, 2.75, 3.25, 3], "rotation": 180, "texture": "#1"},
				"east": {"uv": [3.25, 2.75, 3.5, 3], "rotation": 180, "texture": "#1"},
				"south": {"uv": [3.5, 2.75, 3.25, 3], "rotation": 180, "texture": "#1"},
				"west": {"uv": [3.5, 3, 3.25, 2.75], "rotation": 180, "texture": "#1"},
				"up": {"uv": [3.5, 2.75, 3.25, 3], "rotation": 270, "texture": "#1"},
				"down": {"uv": [3.5, 2.75, 3.25, 3], "rotation": 90, "texture": "#1"}
			}
		},
		{
			"from": [-7.07193, 27.53997, 6],
			"to": [-3.07193, 29.53997, 10],
			"rotation": {"angle": 22.5, "axis": "z", "origin": [-5, 27, 8]},
			"faces": {
				"north": {"uv": [13, 7.5, 14, 8], "rotation": 180, "texture": "#1"},
				"east": {"uv": [12, 7.5, 13, 8], "rotation": 180, "texture": "#1"},
				"south": {"uv": [11, 7.5, 12, 8], "rotation": 180, "texture": "#1"},
				"west": {"uv": [10, 7.5, 11, 8], "rotation": 180, "texture": "#1"},
				"up": {"uv": [12, 4, 13, 5], "rotation": 270, "texture": "#1"},
				"down": {"uv": [12, 4, 13, 5], "rotation": 90, "texture": "#1"}
			}
		},
		{
			"from": [-6.61105, 19.92807, 6],
			"to": [-1.61105, 23.92807, 10],
			"rotation": {"angle": -45, "axis": "z", "origin": [0, 22, 8]},
			"faces": {
				"north": {"uv": [11, 6.25, 10, 7.5], "rotation": 270, "texture": "#1"},
				"east": {"uv": [12, 4, 11, 5], "texture": "#1"},
				"south": {"uv": [13, 6.25, 12, 7.5], "rotation": 90, "texture": "#1"},
				"west": {"uv": [12, 4, 11, 5], "rotation": 180, "texture": "#1"},
				"up": {"uv": [13, 6.25, 14, 7.5], "rotation": 90, "texture": "#1"},
				"down": {"uv": [12, 6.25, 11, 7.5], "rotation": 90, "texture": "#1"}
			}
		},
		{
			"from": [-6.57193, 22.53998, 14],
			"to": [-5.57193, 23.53998, 16],
			"rotation": {"angle": -45, "axis": "x", "origin": [-5, 29, 8]},
			"faces": {
				"north": {"uv": [8.5, 11.25, 8.75, 11.5], "texture": "#1"},
				"east": {"uv": [8, 11.25, 8.25, 11.75], "rotation": 90, "texture": "#1"},
				"south": {"uv": [8.25, 11.5, 8.5, 11.75], "rotation": 180, "texture": "#1"},
				"west": {"uv": [8, 11.25, 8.25, 11.75], "rotation": 270, "texture": "#1"},
				"up": {"uv": [8, 11.25, 8.25, 11.75], "texture": "#1"},
				"down": {"uv": [8, 11.25, 8.25, 11.75], "rotation": 180, "texture": "#1"}
			}
		},
		{
			"from": [-6.57193, 23.53998, 13],
			"to": [-5.57193, 24.53998, 16],
			"rotation": {"angle": -45, "axis": "x", "origin": [-5, 29, 8]},
			"faces": {
				"north": {"uv": [8.5, 11.25, 8.75, 11.5], "texture": "#1"},
				"east": {"uv": [8.25, 11, 8.5, 11.75], "rotation": 90, "texture": "#1"},
				"south": {"uv": [8.25, 11.5, 8.5, 11.75], "rotation": 180, "texture": "#1"},
				"west": {"uv": [8.25, 11, 8.5, 11.75], "rotation": 270, "texture": "#1"},
				"up": {"uv": [8.25, 11, 8.5, 11.75], "texture": "#1"},
				"down": {"uv": [8.25, 11, 8.5, 11.75], "rotation": 180, "texture": "#1"}
			}
		},
		{
			"from": [-6.57193, 24.53998, 12],
			"to": [-5.57193, 25.53998, 15],
			"rotation": {"angle": -45, "axis": "x", "origin": [-5, 29, 8]},
			"faces": {
				"north": {"uv": [8.5, 11.25, 8.75, 11.5], "texture": "#1"},
				"east": {"uv": [8.5, 10.75, 8.75, 11.5], "rotation": 90, "texture": "#1"},
				"south": {"uv": [8.25, 11.5, 8.5, 11.75], "rotation": 180, "texture": "#1"},
				"west": {"uv": [8.5, 10.75, 8.75, 11.5], "rotation": 270, "texture": "#1"},
				"up": {"uv": [8.5, 10.75, 8.75, 11.5], "texture": "#1"},
				"down": {"uv": [8.5, 10.75, 8.75, 11.5], "rotation": 180, "texture": "#1"}
			}
		},
		{
			"from": [-6.57193, 25.53998, 11],
			"to": [-5.57193, 26.53998, 14],
			"rotation": {"angle": -45, "axis": "x", "origin": [-5, 29, 8]},
			"faces": {
				"north": {"uv": [8.5, 11.25, 8.75, 11.5], "texture": "#1"},
				"east": {"uv": [8.75, 10.5, 9, 11.25], "rotation": 90, "texture": "#1"},
				"south": {"uv": [8.25, 11.5, 8.5, 11.75], "rotation": 180, "texture": "#1"},
				"west": {"uv": [8.75, 10.5, 9, 11.25], "rotation": 270, "texture": "#1"},
				"up": {"uv": [8.75, 10.5, 9, 11.25], "texture": "#1"},
				"down": {"uv": [8.75, 10.5, 9, 11.25], "rotation": 180, "texture": "#1"}
			}
		},
		{
			"from": [-6.57193, 26.53998, 10],
			"to": [-5.57193, 27.53998, 13],
			"rotation": {"angle": -45, "axis": "x", "origin": [-5, 29, 8]},
			"faces": {
				"north": {"uv": [8.5, 10.5, 8.75, 10.75], "texture": "#1"},
				"east": {"uv": [9.25, 10, 9.5, 10.75], "rotation": 90, "texture": "#1"},
				"south": {"uv": [8.25, 11.5, 8.5, 11.75], "rotation": 180, "texture": "#1"},
				"west": {"uv": [9.25, 10, 9.5, 10.75], "rotation": 270, "texture": "#1"},
				"up": {"uv": [9.25, 10, 9.5, 10.75], "texture": "#1"},
				"down": {"uv": [9.25, 10, 9.5, 10.75], "rotation": 180, "texture": "#1"}
			}
		},
		{
			"from": [-6.57193, 27.53998, 9],
			"to": [-5.57193, 28.53998, 12],
			"rotation": {"angle": -45, "axis": "x", "origin": [-5, 29, 8]},
			"faces": {
				"north": {"uv": [8.5, 10.5, 8.75, 10.75], "texture": "#1"},
				"east": {"uv": [8.25, 11, 8.5, 11.75], "rotation": 90, "texture": "#1"},
				"south": {"uv": [8.25, 11.5, 8.5, 11.75], "rotation": 180, "texture": "#1"},
				"west": {"uv": [8.25, 11, 8.5, 11.75], "rotation": 270, "texture": "#1"},
				"up": {"uv": [8.25, 11, 8.5, 11.75], "texture": "#1"},
				"down": {"uv": [8.25, 11, 8.5, 11.75], "rotation": 180, "texture": "#1"}
			}
		},
		{
			"from": [-6.57193, 28.53998, 8],
			"to": [-5.57193, 29.53998, 11],
			"rotation": {"angle": -45, "axis": "x", "origin": [-5, 29, 8]},
			"faces": {
				"north": {"uv": [8.5, 10.5, 8.75, 10.75], "texture": "#1"},
				"east": {"uv": [9.25, 10, 9.5, 10.75], "rotation": 90, "texture": "#1"},
				"south": {"uv": [8.25, 11.5, 8.5, 11.75], "rotation": 180, "texture": "#1"},
				"west": {"uv": [9.25, 10, 9.5, 10.75], "rotation": 270, "texture": "#1"},
				"up": {"uv": [9.25, 10, 9.5, 10.75], "texture": "#1"},
				"down": {"uv": [9.25, 10, 9.5, 10.75], "rotation": 180, "texture": "#1"}
			}
		},
		{
			"from": [-6.57193, 29.53998, 7],
			"to": [-5.57193, 30.53998, 10],
			"rotation": {"angle": -45, "axis": "x", "origin": [-5, 29, 8]},
			"faces": {
				"north": {"uv": [8.5, 10.5, 8.75, 10.75], "texture": "#1"},
				"east": {"uv": [8.25, 11, 8.5, 11.75], "rotation": 90, "texture": "#1"},
				"south": {"uv": [8.25, 11.5, 8.5, 11.75], "rotation": 180, "texture": "#1"},
				"west": {"uv": [8.25, 11, 8.5, 11.75], "rotation": 270, "texture": "#1"},
				"up": {"uv": [8.25, 11, 8.5, 11.75], "texture": "#1"},
				"down": {"uv": [8.25, 11, 8.5, 11.75], "rotation": 180, "texture": "#1"}
			}
		},
		{
			"from": [-6.57193, 30.53998, 7],
			"to": [-5.57193, 31.53998, 9],
			"rotation": {"angle": -45, "axis": "x", "origin": [-5, 29, 8]},
			"faces": {
				"north": {"uv": [8.5, 10.5, 8.75, 10.75], "texture": "#1"},
				"east": {"uv": [8.5, 11, 8.75, 11.5], "rotation": 90, "texture": "#1"},
				"south": {"uv": [8.25, 11.5, 8.5, 11.75], "rotation": 180, "texture": "#1"},
				"west": {"uv": [8.5, 11, 8.75, 11.5], "rotation": 270, "texture": "#1"},
				"up": {"uv": [8.5, 11, 8.75, 11.5], "texture": "#1"},
				"down": {"uv": [8.5, 11, 8.75, 11.5], "rotation": 180, "texture": "#1"}
			}
		},
		{
			"from": [14.5, 10.51472, -0.48528],
			"to": [15.5, 12.51472, 0.51472],
			"rotation": {"angle": -22.5, "axis": "x", "origin": [15, 13, 0]},
			"faces": {
				"north": {"uv": [8, 11.25, 8.25, 11.75], "texture": "#1"},
				"east": {"uv": [8, 11.25, 8.25, 11.75], "texture": "#1"},
				"south": {"uv": [8, 11.25, 8.25, 11.75], "texture": "#1"},
				"west": {"uv": [8, 11.25, 8.25, 11.75], "texture": "#1"},
				"up": {"uv": [8.5, 11.25, 8.75, 11.5], "texture": "#1"},
				"down": {"uv": [8.25, 11.5, 8.5, 11.75], "texture": "#1"}
			}
		},
		{
			"from": [14.5, 10.51472, -1.48528],
			"to": [15.5, 13.51472, -0.48528],
			"rotation": {"angle": -22.5, "axis": "x", "origin": [15, 13, 0]},
			"faces": {
				"north": {"uv": [8.25, 11, 8.5, 11.75], "texture": "#1"},
				"east": {"uv": [8.25, 11, 8.5, 11.75], "texture": "#1"},
				"south": {"uv": [8.25, 11, 8.5, 11.75], "texture": "#1"},
				"west": {"uv": [8.25, 11, 8.5, 11.75], "texture": "#1"},
				"up": {"uv": [8.5, 11.25, 8.75, 11.5], "texture": "#1"},
				"down": {"uv": [8.25, 11.5, 8.5, 11.75], "texture": "#1"}
			}
		},
		{
			"from": [14.5, 11.51472, -2.48528],
			"to": [15.5, 14.51472, -1.48528],
			"rotation": {"angle": -22.5, "axis": "x", "origin": [15, 13, 0]},
			"faces": {
				"north": {"uv": [8.5, 10.75, 8.75, 11.5], "texture": "#1"},
				"east": {"uv": [8.5, 10.75, 8.75, 11.5], "texture": "#1"},
				"south": {"uv": [8.5, 10.75, 8.75, 11.5], "texture": "#1"},
				"west": {"uv": [8.5, 10.75, 8.75, 11.5], "texture": "#1"},
				"up": {"uv": [8.5, 11.25, 8.75, 11.5], "texture": "#1"},
				"down": {"uv": [8.25, 11.5, 8.5, 11.75], "texture": "#1"}
			}
		},
		{
			"from": [14.5, 12.51472, -3.48528],
			"to": [15.5, 15.51472, -2.48528],
			"rotation": {"angle": -22.5, "axis": "x", "origin": [15, 13, 0]},
			"faces": {
				"north": {"uv": [8.75, 10.5, 9, 11.25], "texture": "#1"},
				"east": {"uv": [8.75, 10.5, 9, 11.25], "texture": "#1"},
				"south": {"uv": [8.75, 10.5, 9, 11.25], "texture": "#1"},
				"west": {"uv": [8.75, 10.5, 9, 11.25], "texture": "#1"},
				"up": {"uv": [8.5, 11.25, 8.75, 11.5], "texture": "#1"},
				"down": {"uv": [8.25, 11.5, 8.5, 11.75], "texture": "#1"}
			}
		},
		{
			"from": [14.5, 13.51472, -4.48528],
			"to": [15.5, 16.51472, -3.48528],
			"rotation": {"angle": -22.5, "axis": "x", "origin": [15, 13, 0]},
			"faces": {
				"north": {"uv": [9.25, 10, 9.5, 10.75], "texture": "#1"},
				"east": {"uv": [9.25, 10, 9.5, 10.75], "texture": "#1"},
				"south": {"uv": [9.25, 10, 9.5, 10.75], "texture": "#1"},
				"west": {"uv": [9.25, 10, 9.5, 10.75], "texture": "#1"},
				"up": {"uv": [8.5, 10.5, 8.75, 10.75], "texture": "#1"},
				"down": {"uv": [8.25, 11.5, 8.5, 11.75], "texture": "#1"}
			}
		},
		{
			"from": [14.5, 14.51472, -5.48528],
			"to": [15.5, 17.51472, -4.48528],
			"rotation": {"angle": -22.5, "axis": "x", "origin": [15, 13, 0]},
			"faces": {
				"north": {"uv": [8.25, 11, 8.5, 11.75], "texture": "#1"},
				"east": {"uv": [8.25, 11, 8.5, 11.75], "texture": "#1"},
				"south": {"uv": [8.25, 11, 8.5, 11.75], "texture": "#1"},
				"west": {"uv": [8.25, 11, 8.5, 11.75], "texture": "#1"},
				"up": {"uv": [8.5, 10.5, 8.75, 10.75], "texture": "#1"},
				"down": {"uv": [8.25, 11.5, 8.5, 11.75], "texture": "#1"}
			}
		},
		{
			"from": [14.5, 15.51472, -6.48528],
			"to": [15.5, 18.51472, -5.48528],
			"rotation": {"angle": -22.5, "axis": "x", "origin": [15, 13, 0]},
			"faces": {
				"north": {"uv": [9.25, 10, 9.5, 10.75], "texture": "#1"},
				"east": {"uv": [9.25, 10, 9.5, 10.75], "texture": "#1"},
				"south": {"uv": [9.25, 10, 9.5, 10.75], "texture": "#1"},
				"west": {"uv": [9.25, 10, 9.5, 10.75], "texture": "#1"},
				"up": {"uv": [8.5, 10.5, 8.75, 10.75], "texture": "#1"},
				"down": {"uv": [8.25, 11.5, 8.5, 11.75], "texture": "#1"}
			}
		},
		{
			"from": [14.5, 16.51472, -7.48528],
			"to": [15.5, 19.51472, -6.48528],
			"rotation": {"angle": -22.5, "axis": "x", "origin": [15, 13, 0]},
			"faces": {
				"north": {"uv": [8.25, 11, 8.5, 11.75], "texture": "#1"},
				"east": {"uv": [8.25, 11, 8.5, 11.75], "texture": "#1"},
				"south": {"uv": [8.25, 11, 8.5, 11.75], "texture": "#1"},
				"west": {"uv": [8.25, 11, 8.5, 11.75], "texture": "#1"},
				"up": {"uv": [8.5, 10.5, 8.75, 10.75], "texture": "#1"},
				"down": {"uv": [8.25, 11.5, 8.5, 11.75], "texture": "#1"}
			}
		},
		{
			"from": [14.5, 17.51472, -8.48528],
			"to": [15.5, 19.51472, -7.48528],
			"rotation": {"angle": -22.5, "axis": "x", "origin": [15, 13, 0]},
			"faces": {
				"north": {"uv": [8.5, 11, 8.75, 11.5], "texture": "#1"},
				"east": {"uv": [8.5, 11, 8.75, 11.5], "texture": "#1"},
				"south": {"uv": [8.5, 11, 8.75, 11.5], "texture": "#1"},
				"west": {"uv": [8.5, 11, 8.75, 11.5], "texture": "#1"},
				"up": {"uv": [8.5, 10.5, 8.75, 10.75], "texture": "#1"},
				"down": {"uv": [8.25, 11.5, 8.5, 11.75], "texture": "#1"}
			}
		}
	],
	"groups": [
		{
			"name": "Drumsticks",
			"origin": [0, 0, 0],
			"color": 0,
			"children": []
		},
		{
			"name": "Feet",
			"origin": [8, 8, 8],
			"color": 0,
			"children": [0, 1, 2, 3]
		},
		{
			"name": "Legs",
			"origin": [8, 8, 8],
			"color": 0,
			"children": [4, 5, 6, 7, 8, 9, 10, 11]
		},
		{
			"name": "Torso",
			"origin": [16, 0, 0],
			"color": 0,
			"children": [12, 13, 14, 15, 16, 17]
		},
		{
			"name": "Electronics",
			"origin": [8, 8, 8],
			"color": 0,
			"children": [18, 19, 20, 21]
		},
		{
			"name": "NoHead?",
			"origin": [8, 8, 8],
			"color": 0,
			"children": [22, 23, 24, 25, 26, 27, 28, 29, 30, 31]
		},
		{
			"name": "RightArm",
			"origin": [16, 0, 0],
			"color": 0,
			"children": [32, 33, 34, 35, 36, 37]
		},
		{
			"name": "LeftArm",
			"origin": [8, 8, 8],
			"color": 0,
			"children": [38, 39, 40, 41, 42, 43]
		},
		{
			"name": "DrumstickLeft",
			"origin": [8, 8, 8],
			"color": 0,
			"children": [44, 45, 46, 47, 48, 49, 50, 51, 52]
		},
		{
			"name": "DrumstickRight",
			"origin": [8, 8, 8],
			"color": 0,
			"children": [53, 54, 55, 56, 57, 58, 59, 60, 61]
		}
	]
}