{
	"credit": "Made with Blockbench",
	"texture_size": [64, 64],
	"textures": {
		"0": "item/radio",
		"particle": "item/radio"
	},
	"elements": [
		{
			"from": [0, 0, 7],
			"to": [16, 10, 11],
			"faces": {
				"north": {"uv": [0, 0, 4, 2.5], "texture": "#0"},
				"east": {"uv": [4, 2, 5, 4.5], "texture": "#0"},
				"south": {"uv": [0, 2.5, 4, 5], "texture": "#0"},
				"west": {"uv": [4, 4.5, 5, 7], "texture": "#0"},
				"up": {"uv": [8, 1, 4, 0], "texture": "#0"},
				"down": {"uv": [8, 1, 4, 2], "texture": "#0"}
			}
		},
		{
			"from": [11.75, 0.75, 6.5],
			"to": [13.75, 2.75, 7],
			"faces": {
				"north": {"uv": [5, 5.5, 5.5, 6], "texture": "#0"},
				"east": {"uv": [5.75, 6.5, 6, 7], "texture": "#0"},
				"south": {"uv": [5.5, 5.5, 6, 6], "texture": "#0"},
				"west": {"uv": [6.5, 6.25, 6.75, 6.75], "texture": "#0"},
				"up": {"uv": [2.25, 7, 1.75, 6.75], "texture": "#0"},
				"down": {"uv": [2.75, 6.75, 2.25, 7], "texture": "#0"}
			}
		},
		{
			"from": [2.25, 0.75, 6.5],
			"to": [4.25, 2.75, 7],
			"faces": {
				"north": {"uv": [5, 6, 5.5, 6.5], "texture": "#0"},
				"east": {"uv": [2.75, 6.75, 3, 7.25], "texture": "#0"},
				"south": {"uv": [5.5, 6, 6, 6.5], "texture": "#0"},
				"west": {"uv": [3, 6.75, 3.25, 7.25], "texture": "#0"},
				"up": {"uv": [3.75, 7, 3.25, 6.75], "texture": "#0"},
				"down": {"uv": [7.25, 5.5, 6.75, 5.75], "texture": "#0"}
			}
		},
		{
			"from": [-0.5, 9, 8],
			"to": [0, 10, 9],
			"faces": {
				"north": {"uv": [4.5, 7, 4.75, 7.25], "texture": "#0"},
				"east": {"uv": [4.75, 7, 5, 7.25], "texture": "#0"},
				"south": {"uv": [5.75, 7, 6, 7.25], "texture": "#0"},
				"west": {"uv": [7, 5.75, 7.25, 6], "texture": "#0"},
				"up": {"uv": [6.25, 7.25, 6, 7], "texture": "#0"},
				"down": {"uv": [7.25, 6, 7, 6.25], "texture": "#0"}
			}
		},
		{
			"from": [2.3125, 9.25, 11.4625],
			"to": [2.8125, 9.75, 11.7125],
			"rotation": {"angle": 0, "axis": "y", "origin": [-0.4375, 9.5, 11.5]},
			"faces": {
				"north": {"uv": [7.25, 6.5, 7.5, 6.75], "texture": "#0"},
				"east": {"uv": [6.75, 7.25, 7, 7.5], "texture": "#0"},
				"south": {"uv": [7.25, 6.75, 7.5, 7], "texture": "#0"},
				"west": {"uv": [7, 7.25, 7.25, 7.5], "texture": "#0"},
				"up": {"uv": [7.5, 7.25, 7.25, 7], "texture": "#0"},
				"down": {"uv": [7.5, 7.25, 7.25, 7.5], "texture": "#0"}
			}
		},
		{
			"from": [2.3125, 9.25, 11.7125],
			"to": [2.8125, 13.75, 12.2125],
			"rotation": {"angle": 0, "axis": "z", "origin": [2.5625, 9.5, 11.8375]},
			"faces": {
				"north": {"uv": [2.75, 5.5, 3, 6.75], "texture": "#0"},
				"east": {"uv": [3, 5.5, 3.25, 6.75], "texture": "#0"},
				"south": {"uv": [3.25, 5.5, 3.5, 6.75], "texture": "#0"},
				"west": {"uv": [3.5, 5.5, 3.75, 6.75], "texture": "#0"},
				"up": {"uv": [7, 6.5, 6.75, 6.25], "texture": "#0"},
				"down": {"uv": [6.75, 6.75, 6.5, 7], "texture": "#0"}
			}
		},
		{
			"from": [2.4125, 13.75, 11.8125],
			"to": [2.7125, 18.25, 12.1125],
			"rotation": {"angle": 0, "axis": "z", "origin": [2.5625, 9.5, 11.8375]},
			"faces": {
				"north": {"uv": [1.75, 5.5, 2, 6.75], "texture": "#0"},
				"east": {"uv": [2, 5.5, 2.25, 6.75], "texture": "#0"},
				"south": {"uv": [2.25, 5.5, 2.5, 6.75], "texture": "#0"},
				"west": {"uv": [2.5, 5.5, 2.75, 6.75], "texture": "#0"},
				"up": {"uv": [7, 6, 6.75, 5.75], "texture": "#0"},
				"down": {"uv": [7, 6, 6.75, 6.25], "texture": "#0"}
			}
		},
		{
			"from": [2.0625, 9, 10.9625],
			"to": [3.0625, 10, 11.4625],
			"rotation": {"angle": 0, "axis": "y", "origin": [-0.4375, 9.5, 11.5]},
			"faces": {
				"north": {"uv": [7.25, 5.75, 7.5, 6], "texture": "#0"},
				"east": {"uv": [6, 7.25, 6.25, 7.5], "texture": "#0"},
				"south": {"uv": [7.25, 6, 7.5, 6.25], "texture": "#0"},
				"west": {"uv": [6.25, 7.25, 6.5, 7.5], "texture": "#0"},
				"up": {"uv": [7.5, 6.5, 7.25, 6.25], "texture": "#0"},
				"down": {"uv": [6.75, 7.25, 6.5, 7.5], "texture": "#0"}
			}
		},
		{
			"from": [-0.75, 9.25, 8.25],
			"to": [-0.5, 9.75, 8.75],
			"faces": {
				"north": {"uv": [3, 7.25, 3.25, 7.5], "texture": "#0"},
				"east": {"uv": [3.25, 7.25, 3.5, 7.5], "texture": "#0"},
				"south": {"uv": [3.5, 7.25, 3.75, 7.5], "texture": "#0"},
				"west": {"uv": [4, 7.25, 4.25, 7.5], "texture": "#0"},
				"up": {"uv": [4.5, 7.5, 4.25, 7.25], "texture": "#0"},
				"down": {"uv": [4.75, 7.25, 4.5, 7.5], "texture": "#0"}
			}
		},
		{
			"from": [16.5, 9.25, 8.25],
			"to": [16.75, 9.75, 8.75],
			"faces": {
				"north": {"uv": [4.75, 7.25, 5, 7.5], "texture": "#0"},
				"east": {"uv": [5, 7.25, 5.25, 7.5], "texture": "#0"},
				"south": {"uv": [5.25, 7.25, 5.5, 7.5], "texture": "#0"},
				"west": {"uv": [5.5, 7.25, 5.75, 7.5], "texture": "#0"},
				"up": {"uv": [7.5, 5.75, 7.25, 5.5], "texture": "#0"},
				"down": {"uv": [6, 7.25, 5.75, 7.5], "texture": "#0"}
			}
		},
		{
			"from": [16, 9, 8],
			"to": [16.5, 10, 9],
			"faces": {
				"north": {"uv": [6.25, 7, 6.5, 7.25], "texture": "#0"},
				"east": {"uv": [7, 6.25, 7.25, 6.5], "texture": "#0"},
				"south": {"uv": [6.5, 7, 6.75, 7.25], "texture": "#0"},
				"west": {"uv": [7, 6.5, 7.25, 6.75], "texture": "#0"},
				"up": {"uv": [7, 7.25, 6.75, 7], "texture": "#0"},
				"down": {"uv": [7.25, 6.75, 7, 7], "texture": "#0"}
			}
		},
		{
			"from": [16, 10, 8.1],
			"to": [16.4, 13, 8.9],
			"faces": {
				"north": {"uv": [6, 5.5, 6.25, 6.25], "texture": "#0"},
				"east": {"uv": [6.25, 5.5, 6.5, 6.25], "texture": "#0"},
				"south": {"uv": [6, 6.25, 6.25, 7], "texture": "#0"},
				"west": {"uv": [6.25, 6.25, 6.5, 7], "texture": "#0"},
				"up": {"uv": [7.25, 7.25, 7, 7], "texture": "#0"},
				"down": {"uv": [2, 7.25, 1.75, 7.5], "texture": "#0"}
			}
		},
		{
			"from": [-0.25, 10, 8.1],
			"to": [0.15, 13, 8.9],
			"faces": {
				"north": {"uv": [5, 6.5, 5.25, 7.25], "texture": "#0"},
				"east": {"uv": [5.25, 6.5, 5.5, 7.25], "texture": "#0"},
				"south": {"uv": [5.5, 6.5, 5.75, 7.25], "texture": "#0"},
				"west": {"uv": [6.5, 5.5, 6.75, 6.25], "texture": "#0"},
				"up": {"uv": [2.25, 7.5, 2, 7.25], "texture": "#0"},
				"down": {"uv": [2.5, 7.25, 2.25, 7.5], "texture": "#0"}
			}
		},
		{
			"from": [0.15, 12.5, 8.1],
			"to": [16.05, 13, 8.9],
			"faces": {
				"north": {"uv": [0, 5, 4, 5.25], "texture": "#0"},
				"east": {"uv": [2.5, 7.25, 2.75, 7.5], "texture": "#0"},
				"south": {"uv": [5, 2, 9, 2.25], "texture": "#0"},
				"west": {"uv": [2.75, 7.25, 3, 7.5], "texture": "#0"},
				"up": {"uv": [9, 2.5, 5, 2.25], "texture": "#0"},
				"down": {"uv": [9, 2.5, 5, 2.75], "texture": "#0"}
			}
		},
		{
			"from": [0, 0, 6],
			"to": [0.5, 10, 7],
			"faces": {
				"north": {"uv": [3.75, 5.25, 4, 7.75], "texture": "#0"},
				"east": {"uv": [0, 5.5, 0.25, 8], "texture": "#0"},
				"south": {"uv": [0.25, 5.5, 0.5, 8], "texture": "#0"},
				"west": {"uv": [0.5, 5.5, 0.75, 8], "texture": "#0"},
				"up": {"uv": [7, 6.75, 6.75, 6.5], "texture": "#0"},
				"down": {"uv": [7, 6.75, 6.75, 7], "texture": "#0"}
			}
		},
		{
			"from": [15.5, 0, 6],
			"to": [16, 10, 7],
			"faces": {
				"north": {"uv": [0.75, 5.5, 1, 8], "texture": "#0"},
				"east": {"uv": [1, 5.5, 1.25, 8], "texture": "#0"},
				"south": {"uv": [1.25, 5.5, 1.5, 8], "texture": "#0"},
				"west": {"uv": [1.5, 5.5, 1.75, 8], "texture": "#0"},
				"up": {"uv": [2, 7.25, 1.75, 7], "texture": "#0"},
				"down": {"uv": [2.25, 7, 2, 7.25], "texture": "#0"}
			}
		},
		{
			"from": [0.5, 0, 6],
			"to": [15.5, 0.5, 7],
			"faces": {
				"north": {"uv": [5, 2.75, 8.75, 3], "texture": "#0"},
				"east": {"uv": [2.25, 7, 2.5, 7.25], "texture": "#0"},
				"south": {"uv": [5, 3, 8.75, 3.25], "texture": "#0"},
				"west": {"uv": [2.5, 7, 2.75, 7.25], "texture": "#0"},
				"up": {"uv": [8.75, 3.5, 5, 3.25], "texture": "#0"},
				"down": {"uv": [8.75, 3.5, 5, 3.75], "texture": "#0"}
			}
		},
		{
			"from": [0.5, 9.5, 6],
			"to": [15.5, 10, 7],
			"faces": {
				"north": {"uv": [5, 3.75, 8.75, 4], "texture": "#0"},
				"east": {"uv": [3.25, 7, 3.5, 7.25], "texture": "#0"},
				"south": {"uv": [5, 4, 8.75, 4.25], "texture": "#0"},
				"west": {"uv": [3.5, 7, 3.75, 7.25], "texture": "#0"},
				"up": {"uv": [8.75, 4.5, 5, 4.25], "texture": "#0"},
				"down": {"uv": [8.75, 4.5, 5, 4.75], "texture": "#0"}
			}
		},
		{
			"from": [0.5, 3, 6.5],
			"to": [15.5, 3.5, 7],
			"faces": {
				"north": {"uv": [5, 4.75, 8.75, 5], "texture": "#0"},
				"east": {"uv": [4, 7, 4.25, 7.25], "texture": "#0"},
				"south": {"uv": [5, 5, 8.75, 5.25], "texture": "#0"},
				"west": {"uv": [4.25, 7, 4.5, 7.25], "texture": "#0"},
				"up": {"uv": [3.75, 5.5, 0, 5.25], "texture": "#0"},
				"down": {"uv": [8.75, 5.25, 5, 5.5], "texture": "#0"}
			}
		}
	],
	"display": {
		"thirdperson_righthand": {
			"rotation": [63.75, 0, 0],
			"translation": [0, -2, -2],
			"scale": [0.5, 0.5, 0.5]
		},
		"thirdperson_lefthand": {
			"rotation": [63.75, 0, 0],
			"translation": [0, -2, -2],
			"scale": [0.5, 0.5, 0.5]
		},
		"firstperson_righthand": {
			"rotation": [-35, 135, 0],
			"translation": [3.5, 0, -7]
		},
		"firstperson_lefthand": {
			"rotation": [-35, 135, 0],
			"translation": [3.5, 0, -7]
		},
		"ground": {
			"translation": [0, -1.25, 0],
			"scale": [0.5, 0.5, 0.5]
		},
		"gui": {
			"rotation": [0, 157, 0],
			"translation": [0, -0.25, 0],
			"scale": [0.75, 0.75, 0.75]
		},
		"head": {
			"translation": [0, 5.25, 4.25]
		},
		"fixed": {
			"rotation": [-90, 0, 0],
			"translation": [0, 0, -16],
			"scale": [2, 2, 2]
		}
	}
}