{
	"credit": "Made with Blockbench",
	"textures": {
		"0": "item/skin/spyrobot",
		"particle": "item/skin/spyrobot"
	},
	"elements": [
		{
			"from": [8, 0, 5],
			"to": [12, 1, 10],
			"rotation": {"angle": 0, "axis": "y", "origin": [15, 0, 0]},
			"faces": {
				"north": {"uv": [5, 15.75, 4, 16], "texture": "#0"},
				"east": {"uv": [6.25, 15.75, 5, 16], "texture": "#0"},
				"south": {"uv": [5, 15.75, 4, 16], "texture": "#0"},
				"west": {"uv": [6.25, 15.75, 5, 16], "texture": "#0"},
				"up": {"uv": [7, 12, 6, 13], "texture": "#0"},
				"down": {"uv": [7, 12, 6, 13], "texture": "#0"}
			}
		},
		{
			"from": [4, 0, 5],
			"to": [8, 1, 10],
			"rotation": {"angle": 0, "axis": "y", "origin": [1, 0, 0]},
			"faces": {
				"north": {"uv": [4, 15.75, 5, 16], "texture": "#0"},
				"east": {"uv": [5, 15.75, 6.25, 16], "texture": "#0"},
				"south": {"uv": [4, 15.75, 5, 16], "texture": "#0"},
				"west": {"uv": [5, 15.75, 6.25, 16], "texture": "#0"},
				"up": {"uv": [6, 12, 7, 13], "texture": "#0"},
				"down": {"uv": [6, 12, 7, 13], "texture": "#0"}
			}
		},
		{
			"from": [5, 1, 7],
			"to": [7, 2, 9],
			"rotation": {"angle": 0, "axis": "y", "origin": [1, 0, 0]},
			"faces": {
				"north": {"uv": [9, 3.25, 9.5, 3.5], "texture": "#0"},
				"east": {"uv": [9, 3.25, 9.5, 3.5], "texture": "#0"},
				"south": {"uv": [9, 3.25, 9.5, 3.5], "texture": "#0"},
				"west": {"uv": [9, 3.25, 9.5, 3.5], "texture": "#0"},
				"up": {"uv": [10.75, 3, 11.25, 3.5], "texture": "#0"},
				"down": {"uv": [10.75, 3, 11.25, 3.5], "texture": "#0"}
			}
		},
		{
			"from": [9, 1, 7],
			"to": [11, 2, 9],
			"rotation": {"angle": 0, "axis": "y", "origin": [15, 0, 0]},
			"faces": {
				"north": {"uv": [9.5, 3.25, 9, 3.5], "texture": "#0"},
				"east": {"uv": [9.5, 3.25, 9, 3.5], "texture": "#0"},
				"south": {"uv": [9.5, 3.25, 9, 3.5], "texture": "#0"},
				"west": {"uv": [9.5, 3.25, 9, 3.5], "texture": "#0"},
				"up": {"uv": [11.25, 3, 10.75, 3.5], "texture": "#0"},
				"down": {"uv": [11.25, 3, 10.75, 3.5], "texture": "#0"}
			}
		},
		{
			"from": [4, 2, 6],
			"to": [8, 6, 10],
			"rotation": {"angle": 0, "axis": "y", "origin": [5, 2, 8]},
			"faces": {
				"north": {"uv": [2, 6.25, 3, 7.25], "texture": "#0"},
				"east": {"uv": [1, 6.25, 2, 7.25], "texture": "#0"},
				"south": {"uv": [0, 6.25, 1, 7.25], "texture": "#0"},
				"west": {"uv": [3, 6.25, 4, 7.25], "texture": "#0"},
				"up": {"uv": [2, 6.25, 3, 7.25], "texture": "#0"},
				"down": {"uv": [2, 6.25, 3, 7.25], "texture": "#0"}
			}
		},
		{
			"from": [8, 2, 6],
			"to": [12, 6, 10],
			"rotation": {"angle": 0, "axis": "y", "origin": [11, 2, 8]},
			"faces": {
				"north": {"uv": [3, 6.25, 2, 7.25], "texture": "#0"},
				"east": {"uv": [4, 6.25, 3, 7.25], "texture": "#0"},
				"south": {"uv": [1, 6.25, 0, 7.25], "texture": "#0"},
				"west": {"uv": [2, 6.25, 1, 7.25], "texture": "#0"},
				"up": {"uv": [3, 6.25, 2, 7.25], "texture": "#0"},
				"down": {"uv": [3, 6.25, 2, 7.25], "texture": "#0"}
			}
		},
		{
			"from": [5, 4.18198, 10.18198],
			"to": [7, 6.18198, 12.18198],
			"rotation": {"angle": -45, "axis": "x", "origin": [5, 2, 8]},
			"faces": {
				"north": {"uv": [10.75, 3, 10.25, 3.5], "texture": "#0"},
				"east": {"uv": [10.75, 3, 10.25, 3.5], "texture": "#0"},
				"south": {"uv": [10.75, 3, 10.25, 3.5], "texture": "#0"},
				"west": {"uv": [10.75, 3, 10.25, 3.5], "texture": "#0"},
				"up": {"uv": [10.75, 3, 10.25, 3.5], "texture": "#0"},
				"down": {"uv": [10.75, 3, 10.25, 3.5], "texture": "#0"}
			}
		},
		{
			"from": [4, 7, 6],
			"to": [8, 11, 10],
			"rotation": {"angle": 0, "axis": "y", "origin": [5, 2, 8]},
			"faces": {
				"north": {"uv": [2, 5.25, 3, 6.25], "texture": "#0"},
				"east": {"uv": [1, 5.25, 2, 6.25], "texture": "#0"},
				"south": {"uv": [0, 5.25, 1, 6.25], "texture": "#0"},
				"west": {"uv": [3, 5.25, 4, 6.25], "texture": "#0"},
				"up": {"uv": [1, 4, 2, 5], "texture": "#0"},
				"down": {"uv": [3, 6.25, 4, 7.25], "rotation": 270, "texture": "#0"}
			}
		},
		{
			"from": [8, 7, 6],
			"to": [12, 11, 10],
			"rotation": {"angle": 0, "axis": "y", "origin": [11, 2, 8]},
			"faces": {
				"north": {"uv": [3, 5.25, 2, 6.25], "texture": "#0"},
				"east": {"uv": [4, 5.25, 3, 6.25], "texture": "#0"},
				"south": {"uv": [1, 5.25, 0, 6.25], "texture": "#0"},
				"west": {"uv": [2, 5.25, 1, 6.25], "texture": "#0"},
				"up": {"uv": [2, 4, 1, 5], "texture": "#0"},
				"down": {"uv": [3, 7.25, 4, 6.25], "rotation": 270, "texture": "#0"}
			}
		},
		{
			"from": [5, 11, 7],
			"to": [7, 12, 9],
			"rotation": {"angle": 0, "axis": "y", "origin": [5, 2, 8]},
			"faces": {
				"north": {"uv": [9, 3.25, 9.5, 3.5], "texture": "#0"},
				"east": {"uv": [9, 3.25, 9.5, 3.5], "texture": "#0"},
				"south": {"uv": [9, 3.25, 9.5, 3.5], "texture": "#0"},
				"west": {"uv": [9, 3.25, 9.5, 3.5], "texture": "#0"},
				"up": {"uv": [9, 3, 9.5, 3.5], "texture": "#0"},
				"down": {"uv": [9, 3, 9.5, 3.5], "texture": "#0"}
			}
		},
		{
			"from": [9, 11, 7],
			"to": [11, 12, 9],
			"rotation": {"angle": 0, "axis": "y", "origin": [11, 2, 8]},
			"faces": {
				"north": {"uv": [9.5, 3.25, 9, 3.5], "texture": "#0"},
				"east": {"uv": [9.5, 3.25, 9, 3.5], "texture": "#0"},
				"south": {"uv": [9.5, 3.25, 9, 3.5], "texture": "#0"},
				"west": {"uv": [9.5, 3.25, 9, 3.5], "texture": "#0"},
				"up": {"uv": [9.5, 3, 9, 3.5], "texture": "#0"},
				"down": {"uv": [9.5, 3, 9, 3.5], "texture": "#0"}
			}
		},
		{
			"from": [9, 4.18198, 10.18198],
			"to": [11, 6.18198, 12.18198],
			"rotation": {"angle": -45, "axis": "x", "origin": [11, 2, 8]},
			"faces": {
				"north": {"uv": [10.25, 3, 10.75, 3.5], "texture": "#0"},
				"east": {"uv": [10.25, 3, 10.75, 3.5], "texture": "#0"},
				"south": {"uv": [10.25, 3, 10.75, 3.5], "texture": "#0"},
				"west": {"uv": [10.25, 3, 10.75, 3.5], "texture": "#0"},
				"up": {"uv": [10.25, 3, 10.75, 3.5], "texture": "#0"},
				"down": {"uv": [10.25, 3, 10.75, 3.5], "texture": "#0"}
			}
		},
		{
			"from": [4, 12, 6],
			"to": [12, 23, 7],
			"faces": {
				"north": {"uv": [5, 5, 7, 7.75], "texture": "#0"},
				"east": {"uv": [4, 5, 5, 8], "texture": "#0"},
				"south": {"uv": [10, 5, 12, 7], "texture": "#0"},
				"west": {"uv": [7, 5, 8, 8], "texture": "#0"},
				"up": {"uv": [5, 4.75, 7, 5], "texture": "#0"},
				"down": {"uv": [7, 4, 9, 5], "texture": "#0"}
			}
		},
		{
			"from": [11, 12, 7],
			"to": [12, 23, 10],
			"faces": {
				"north": {"uv": [4, 5, 4.25, 8], "texture": "#0"},
				"east": {"uv": [4, 5, 5, 8], "texture": "#0"},
				"south": {"uv": [4, 5, 4.25, 8], "texture": "#0"},
				"west": {"uv": [7, 5, 8, 8], "texture": "#0"},
				"up": {"uv": [7, 4, 9, 5], "texture": "#0"},
				"down": {"uv": [7, 4, 9, 5], "texture": "#0"}
			}
		},
		{
			"from": [4, 12, 7],
			"to": [5, 23, 10],
			"faces": {
				"north": {"uv": [4, 5, 4.25, 8], "texture": "#0"},
				"east": {"uv": [4, 5, 5, 8], "texture": "#0"},
				"south": {"uv": [4, 5, 4.25, 8], "texture": "#0"},
				"west": {"uv": [7, 5, 8, 8], "texture": "#0"},
				"up": {"uv": [7, 4, 9, 5], "texture": "#0"},
				"down": {"uv": [7, 4, 9, 5], "texture": "#0"}
			}
		},
		{
			"from": [5, 12, 7],
			"to": [11, 13, 10],
			"faces": {
				"north": {"uv": [7, 4.75, 9, 5], "texture": "#0"},
				"east": {"uv": [7, 4.75, 9, 5], "texture": "#0"},
				"south": {"uv": [7, 4.75, 9, 5], "texture": "#0"},
				"west": {"uv": [7, 4.75, 9, 5], "texture": "#0"},
				"up": {"uv": [7, 4, 9, 5], "texture": "#0"},
				"down": {"uv": [7, 4, 9, 5], "texture": "#0"}
			}
		},
		{
			"from": [5, 22, 7],
			"to": [11, 23, 10],
			"faces": {
				"north": {"uv": [7, 4.75, 9, 5], "texture": "#0"},
				"east": {"uv": [7, 4.75, 9, 5], "texture": "#0"},
				"south": {"uv": [7, 4.75, 9, 5], "texture": "#0"},
				"west": {"uv": [7, 4.75, 9, 5], "texture": "#0"},
				"up": {"uv": [5.25, 4.75, 6.75, 4], "texture": "#0"},
				"down": {"uv": [7.25, 4, 8.75, 4.75], "texture": "#0"}
			}
		},
		{
			"from": [5, 20.61524, 8.16566],
			"to": [11, 22.61524, 9.16566],
			"rotation": {"angle": 0, "axis": "x", "origin": [6, 18, 9]},
			"faces": {
				"north": {"uv": [0, 0, 6, 1], "texture": "#0"},
				"east": {"uv": [0, 0, 1, 1], "texture": "#0"},
				"south": {"uv": [8.25, 7.5, 9.75, 7.75], "texture": "#0"},
				"west": {"uv": [0, 0, 1, 1], "texture": "#0"},
				"up": {"uv": [9, 1.5, 15, 2.5], "texture": "#0"},
				"down": {"uv": [8.25, 7.5, 9.75, 7.75], "texture": "#0"}
			}
		},
		{
			"from": [5, 18.61524, 8.16566],
			"to": [11, 20.61524, 9.16566],
			"rotation": {"angle": 0, "axis": "x", "origin": [6, 18, 9]},
			"faces": {
				"north": {"uv": [0, 0, 6, 1], "texture": "#0"},
				"east": {"uv": [0, 0, 1, 1], "texture": "#0"},
				"south": {"uv": [9.75, 7.5, 8.25, 7.75], "texture": "#0"},
				"west": {"uv": [0, 0, 1, 1], "texture": "#0"},
				"up": {"uv": [9, 1.5, 15, 2.5], "texture": "#0"},
				"down": {"uv": [8.25, 7.5, 9.75, 7.75], "texture": "#0"}
			}
		},
		{
			"from": [5, 13, 6.1],
			"to": [11, 16, 7.1],
			"rotation": {"angle": 22.5, "axis": "x", "origin": [6, 13, 7]},
			"faces": {
				"north": {"uv": [0, 0, 6, 1], "texture": "#0"},
				"east": {"uv": [0, 0, 1, 1], "texture": "#0"},
				"south": {"uv": [9.75, 7.5, 8.25, 7.75], "texture": "#0"},
				"west": {"uv": [0, 0, 1, 1], "texture": "#0"},
				"up": {"uv": [9, 1.5, 15, 2.5], "texture": "#0"},
				"down": {"uv": [8.25, 7.5, 9.75, 7.75], "texture": "#0"}
			}
		},
		{
			"from": [5, 16, 6.1],
			"to": [11, 19, 7.1],
			"rotation": {"angle": 22.5, "axis": "x", "origin": [6, 13, 7]},
			"faces": {
				"north": {"uv": [0, 0, 6, 1], "texture": "#0"},
				"east": {"uv": [0, 0, 1, 1], "texture": "#0"},
				"south": {"uv": [8.25, 7.5, 9.75, 7.75], "texture": "#0"},
				"west": {"uv": [0, 0, 1, 1], "texture": "#0"},
				"up": {"uv": [8.25, 7.5, 9.75, 7.75], "texture": "#0"},
				"down": {"uv": [8.25, 7.5, 9.75, 7.75], "texture": "#0"}
			}
		},
		{
			"from": [7.34671, 16.77583, -2.29289],
			"to": [9.34671, 22.77583, -0.29289],
			"rotation": {"angle": 22.5, "axis": "x", "origin": [9, 20, -2]},
			"faces": {
				"north": {"uv": [12.5, 3, 13, 3.5], "rotation": 270, "texture": "#0"},
				"east": {"uv": [12, 3, 12.75, 3.5], "texture": "#0"},
				"south": {"uv": [12.5, 3, 11.75, 3.5], "rotation": 90, "texture": "#0"},
				"west": {"uv": [12, 3, 12.5, 3.5], "rotation": 270, "texture": "#0"},
				"up": {"uv": [9, 3, 9.5, 3.5], "rotation": 90, "texture": "#0"},
				"down": {"uv": [9.5, 3, 10, 3.5], "rotation": 90, "texture": "#0"}
			}
		},
		{
			"from": [6.34671, 22.77583, -3.29289],
			"to": [10.34671, 26.77583, 0.70711],
			"rotation": {"angle": 22.5, "axis": "x", "origin": [9, 20, -2]},
			"faces": {
				"north": {"uv": [11.25, 3, 11.75, 3.5], "texture": "#0"},
				"east": {"uv": [10.25, 3, 10.75, 3.5], "rotation": 90, "texture": "#0"},
				"south": {"uv": [10.75, 3, 10.25, 3.5], "rotation": 180, "texture": "#0"},
				"west": {"uv": [11.25, 3, 11.75, 3.5], "rotation": 180, "texture": "#0"},
				"up": {"uv": [11.25, 3, 11.75, 3.5], "rotation": 90, "texture": "#0"},
				"down": {"uv": [10.25, 3, 10.75, 3.5], "texture": "#0"}
			}
		},
		{
			"from": [7, 23, 7],
			"to": [9, 24, 9],
			"faces": {
				"north": {"uv": [9, 3, 10, 3.25], "texture": "#0"},
				"east": {"uv": [9, 3.25, 10, 3], "texture": "#0"},
				"south": {"uv": [9, 3.25, 10, 3], "texture": "#0"},
				"west": {"uv": [9, 3.25, 10, 3], "texture": "#0"},
				"up": {"uv": [9, 3.5, 10, 3.25], "texture": "#0"},
				"down": {"uv": [9, 3.5, 10, 3.25], "texture": "#0"}
			}
		},
		{
			"from": [4, 25, 4],
			"to": [12, 32, 12],
			"faces": {
				"north": {"uv": [2, 2, 4, 3.75], "texture": "#0"},
				"east": {"uv": [0, 2, 2, 3.75], "texture": "#0"},
				"south": {"uv": [6, 2, 8, 3.75], "texture": "#0"},
				"west": {"uv": [4, 2, 6, 3.75], "texture": "#0"},
				"up": {"uv": [2, 0, 4, 2], "rotation": 180, "texture": "#0"},
				"down": {"uv": [4.5, 15.5, 5, 16], "texture": "#0"}
			}
		},
		{
			"from": [3.5, 25, 3.5],
			"to": [12.5, 31.75, 12.5],
			"faces": {
				"north": {"uv": [10, 2, 12, 3.75], "texture": "#0"},
				"east": {"uv": [8, 2, 10, 3.75], "texture": "#0"},
				"south": {"uv": [14, 2, 16, 3.75], "texture": "#0"},
				"west": {"uv": [12, 2, 14, 3.75], "texture": "#0"},
				"up": {"uv": [9.75, 0, 11.75, 2], "rotation": 180, "texture": "#0"},
				"down": {"uv": [15, 0.75, 15.5, 1.25], "texture": "#0"}
			}
		},
		{
			"from": [10, 24, 4],
			"to": [12, 25, 12],
			"faces": {
				"north": {"uv": [2, 3.75, 2.5, 4], "texture": "#0"},
				"east": {"uv": [0, 3.75, 2, 4], "texture": "#0"},
				"south": {"uv": [7.25, 3.75, 8, 4], "texture": "#0"},
				"west": {"uv": [4, 15.5, 6, 16], "texture": "#0"},
				"up": {"uv": [2, 0, 2.5, 2], "texture": "#0"},
				"down": {"uv": [4, 0, 4.5, 2], "texture": "#0"}
			}
		},
		{
			"from": [4, 24, 4],
			"to": [6, 25, 12],
			"faces": {
				"north": {"uv": [3.5, 3.75, 4, 4], "texture": "#0"},
				"east": {"uv": [6, 15.5, 8, 16], "texture": "#0"},
				"south": {"uv": [6, 3.75, 6.75, 4], "texture": "#0"},
				"west": {"uv": [4, 3.75, 6, 4], "texture": "#0"},
				"up": {"uv": [2, 0, 2.5, 2], "texture": "#0"},
				"down": {"uv": [5.5, 0, 6, 2], "texture": "#0"}
			}
		},
		{
			"from": [6, 24, 6],
			"to": [10, 25, 12],
			"faces": {
				"north": {"uv": [2.5, 7.25, 3.25, 7.75], "texture": "#0"},
				"east": {"uv": [6, 15.5, 8, 16], "texture": "#0"},
				"south": {"uv": [6, 3.5, 6.75, 4], "texture": "#0"},
				"west": {"uv": [4, 3.5, 6, 4], "texture": "#0"},
				"up": {"uv": [2, 0, 2.5, 2], "texture": "#0"},
				"down": {"uv": [4.75, 0, 5.25, 1.5], "texture": "#0"}
			}
		},
		{
			"from": [6, 23.3, 4],
			"to": [10, 24.3, 6],
			"rotation": {"angle": 0, "axis": "x", "origin": [13, 21, 8]},
			"faces": {
				"north": {"uv": [2.5, 3.5, 3.5, 4], "texture": "#0"},
				"east": {"uv": [4, 0.5, 4.5, 1], "texture": "#0"},
				"south": {"uv": [3.5, 7.25, 4, 7.75], "texture": "#0"},
				"west": {"uv": [3.25, 3.5, 3.75, 4], "texture": "#0"},
				"up": {"uv": [2.75, 3.5, 3.25, 4], "texture": "#0"},
				"down": {"uv": [4.5, 1.5, 5.5, 2], "texture": "#0"}
			}
		},
		{
			"from": [13, 17.77583, -3.84568],
			"to": [17, 21.77583, -1.84568],
			"rotation": {"angle": 45, "axis": "y", "origin": [15, 20, 5]},
			"faces": {
				"north": {"uv": [12, 4, 13, 5], "rotation": 180, "texture": "#0"},
				"east": {"uv": [13, 7.5, 14, 8], "rotation": 270, "texture": "#0"},
				"south": {"uv": [12, 4, 13, 5], "texture": "#0"},
				"west": {"uv": [11, 7.5, 12, 8], "rotation": 90, "texture": "#0"},
				"up": {"uv": [12, 7.5, 13, 8], "rotation": 180, "texture": "#0"},
				"down": {"uv": [10, 7.5, 11, 8], "texture": "#0"}
			}
		},
		{
			"from": [12, 20, 7],
			"to": [13, 22, 9],
			"rotation": {"angle": -22.5, "axis": "x", "origin": [12, 21, 8]},
			"faces": {
				"north": {"uv": [9.25, 3, 9, 3.5], "rotation": 180, "texture": "#0"},
				"east": {"uv": [9.75, 3, 9.25, 3.5], "rotation": 270, "texture": "#0"},
				"south": {"uv": [9.25, 3, 9, 3.5], "texture": "#0"},
				"west": {"uv": [9.25, 3, 9, 3.5], "rotation": 90, "texture": "#0"},
				"up": {"uv": [9.25, 3, 9, 3.5], "rotation": 180, "texture": "#0"},
				"down": {"uv": [9.25, 3, 9, 3.5], "texture": "#0"}
			}
		},
		{
			"from": [13, 19, 5],
			"to": [17, 23, 10],
			"rotation": {"angle": -22.5, "axis": "x", "origin": [12, 21, 8]},
			"faces": {
				"north": {"uv": [10, 12, 9, 13], "rotation": 180, "texture": "#0"},
				"east": {"uv": [9, 13, 8, 14], "rotation": 270, "texture": "#0"},
				"south": {"uv": [10, 12, 9, 13], "texture": "#0"},
				"west": {"uv": [11, 13, 10, 14], "rotation": 90, "texture": "#0"},
				"up": {"uv": [11, 13, 12, 14], "rotation": 180, "texture": "#0"},
				"down": {"uv": [10, 13, 9, 14], "texture": "#0"}
			}
		},
		{
			"from": [14, 18.77583, 4.15432],
			"to": [16, 20.77583, 6.15432],
			"rotation": {"angle": 45, "axis": "y", "origin": [15, 20, 5]},
			"faces": {
				"north": {"uv": [10, 12, 9, 13], "rotation": 180, "texture": "#0"},
				"east": {"uv": [12.75, 3, 12.25, 3.25], "rotation": 270, "texture": "#0"},
				"south": {"uv": [10, 12, 9, 13], "texture": "#0"},
				"west": {"uv": [9.75, 3.25, 9.25, 3.5], "rotation": 90, "texture": "#0"},
				"up": {"uv": [12, 3.25, 12.5, 3.5], "rotation": 180, "texture": "#0"},
				"down": {"uv": [11.25, 3.25, 10.75, 3], "texture": "#0"}
			}
		},
		{
			"from": [14, 18.77583, -1.84568],
			"to": [16, 20.77583, 0.15432],
			"rotation": {"angle": 45, "axis": "y", "origin": [15, 20, 5]},
			"faces": {
				"north": {"uv": [10, 12, 9, 13], "rotation": 180, "texture": "#0"},
				"east": {"uv": [13, 3, 12.5, 3.25], "rotation": 270, "texture": "#0"},
				"south": {"uv": [10, 12, 9, 13], "texture": "#0"},
				"west": {"uv": [10, 3, 9.5, 3.25], "rotation": 90, "texture": "#0"},
				"up": {"uv": [11.25, 3.5, 11.75, 3.75], "rotation": 180, "texture": "#0"},
				"down": {"uv": [11.75, 3, 11.25, 2.75], "texture": "#0"}
			}
		},
		{
			"from": [0.75736, 16, 3],
			"to": [5.75736, 20, 7],
			"rotation": {"angle": 22.5, "axis": "y", "origin": [1, 18, 5]},
			"faces": {
				"north": {"uv": [13, 6.25, 14, 7.5], "rotation": 90, "texture": "#0"},
				"east": {"uv": [12, 4, 11, 5], "rotation": 270, "texture": "#0"},
				"south": {"uv": [12, 6.25, 11, 7.5], "rotation": 270, "texture": "#0"},
				"west": {"uv": [12, 4, 11, 5], "rotation": 270, "texture": "#0"},
				"up": {"uv": [11, 6.25, 10, 7.5], "rotation": 270, "texture": "#0"},
				"down": {"uv": [13, 6.25, 12, 7.5], "rotation": 270, "texture": "#0"}
			}
		},
		{
			"from": [13, 17.77583, -0.84568],
			"to": [17, 21.77583, 4.15432],
			"rotation": {"angle": 45, "axis": "y", "origin": [15, 20, 5]},
			"faces": {
				"north": {"uv": [10, 12, 9, 13], "rotation": 180, "texture": "#0"},
				"east": {"uv": [9, 14.25, 8, 15.5], "rotation": 270, "texture": "#0"},
				"south": {"uv": [10, 12, 9, 13], "texture": "#0"},
				"west": {"uv": [11, 14.25, 10, 15.5], "rotation": 90, "texture": "#0"},
				"up": {"uv": [11, 14.25, 12, 15.5], "rotation": 180, "texture": "#0"},
				"down": {"uv": [10, 14.25, 9, 15.5], "texture": "#0"}
			}
		},
		{
			"from": [3, 21.24264, 4],
			"to": [4, 23.24264, 6],
			"rotation": {"angle": 45, "axis": "x", "origin": [3, 18, 5]},
			"faces": {
				"north": {"uv": [9, 3, 9.25, 3.5], "texture": "#0"},
				"east": {"uv": [9, 3, 9.25, 3.5], "texture": "#0"},
				"south": {"uv": [9, 3, 9.25, 3.5], "texture": "#0"},
				"west": {"uv": [9.25, 3, 9.75, 3.5], "texture": "#0"},
				"up": {"uv": [9, 3, 9.25, 3.5], "texture": "#0"},
				"down": {"uv": [9, 3, 9.25, 3.5], "texture": "#0"}
			}
		},
		{
			"from": [-1, 18, 6],
			"to": [3, 23, 10],
			"rotation": {"angle": 45, "axis": "x", "origin": [3, 21, 8]},
			"faces": {
				"north": {"uv": [13, 5, 14, 6.25], "texture": "#0"},
				"east": {"uv": [10, 5, 11, 6.25], "texture": "#0"},
				"south": {"uv": [11, 5, 12, 6.25], "texture": "#0"},
				"west": {"uv": [12, 5, 13, 6.25], "texture": "#0"},
				"up": {"uv": [11, 4, 12, 5], "texture": "#0"},
				"down": {"uv": [11, 4, 12, 5], "texture": "#0"}
			}
		},
		{
			"from": [0, 16, 7],
			"to": [2, 18, 9],
			"rotation": {"angle": 45, "axis": "x", "origin": [3, 21, 8]},
			"faces": {
				"north": {"uv": [10.75, 3.25, 11.25, 3.5], "texture": "#0"},
				"east": {"uv": [12.25, 3.25, 11.75, 3.5], "texture": "#0"},
				"south": {"uv": [10, 3.5, 9.5, 3.25], "texture": "#0"},
				"west": {"uv": [12.75, 3, 12.25, 3.25], "texture": "#0"},
				"up": {"uv": [10, 12, 9, 13], "texture": "#0"},
				"down": {"uv": [10, 12, 9, 13], "texture": "#0"}
			}
		},
		{
			"from": [4.75528, 17, 2.01046],
			"to": [6.75528, 19, 4.01046],
			"rotation": {"angle": 0, "axis": "y", "origin": [6, 18, 4]},
			"faces": {
				"north": {"uv": [10.75, 3.25, 11.25, 3.5], "rotation": 90, "texture": "#0"},
				"east": {"uv": [10, 12, 9, 13], "rotation": 270, "texture": "#0"},
				"south": {"uv": [12.75, 3.25, 12.25, 3], "rotation": 270, "texture": "#0"},
				"west": {"uv": [10, 12, 9, 13], "rotation": 270, "texture": "#0"},
				"up": {"uv": [12.25, 3.25, 11.75, 3.5], "rotation": 270, "texture": "#0"},
				"down": {"uv": [11.25, 3, 10.75, 3.25], "rotation": 270, "texture": "#0"}
			}
		},
		{
			"from": [6.29647, 16, 1.31703],
			"to": [8.29647, 20, 5.31703],
			"rotation": {"angle": 0, "axis": "y", "origin": [5, 18, 3]},
			"faces": {
				"north": {"uv": [12, 7.5, 13, 8], "rotation": 90, "texture": "#0"},
				"east": {"uv": [12, 4, 13, 5], "rotation": 270, "texture": "#0"},
				"south": {"uv": [10, 7.5, 11, 8], "rotation": 270, "texture": "#0"},
				"west": {"uv": [12, 4, 13, 5], "rotation": 270, "texture": "#0"},
				"up": {"uv": [13, 7.5, 14, 8], "rotation": 270, "texture": "#0"},
				"down": {"uv": [11, 7.5, 12, 8], "rotation": 270, "texture": "#0"}
			}
		}
	],
	"display": {
		"fixed": {
			"rotation": [-90, 0, 0],
			"translation": [0, 0, -22],
			"scale": [2.75, 2.75, 2.75]
		}
	},
	"groups": [
		{
			"name": "Feet",
			"origin": [8, 8, 8],
			"color": 0,
			"children": [0, 1, 2, 3]
		},
		{
			"name": "Legs",
			"origin": [8, 8, 8],
			"color": 0,
			"children": [4, 5, 6, 7, 8, 9, 10, 11]
		},
		{
			"name": "Torso",
			"origin": [16, 0, 0],
			"color": 0,
			"children": [12, 13, 14, 15, 16]
		},
		{
			"name": "Electronics",
			"origin": [8, 8, 8],
			"color": 0,
			"children": [17, 18, 19, 20]
		},
		{
			"name": "Michrophone",
			"origin": [0, 0, 0],
			"color": 0,
			"children": [21, 22]
		},
		{
			"name": "NoHead?",
			"origin": [8, 8, 8],
			"color": 0,
			"children": [23, 24, 25, 26, 27, 28, 29]
		},
		{
			"name": "RightArm",
			"origin": [16, 0, 0],
			"color": 0,
			"children": [30, 31, 32, 33, 34, 35, 36]
		},
		{
			"name": "LeftArm",
			"origin": [8, 8, 8],
			"color": 0,
			"children": [37, 38, 39, 40, 41]
		}
	]
}