{
	"credit": "Made with Blockbench",
	"texture_size": [128, 128],
	"textures": {
		"particle": "item/aura",
		"layer0": "item/aura"
	},
	"elements": [
		{
			"from": [-8, 0, 24],
			"to": [24, 32, -8],
			"faces": {
				"north": {"uv": [0, 0, 16, 16], "texture": "#layer0", "tintindex": 0},
				"east": {"uv": [0, 0, 16, 16], "texture": "#layer0", "tintindex": 0},
				"south": {"uv": [0, 0, 16, 16], "texture": "#layer0", "tintindex": 0},
				"west": {"uv": [0, 0, 16, 16], "texture": "#layer0", "tintindex": 0},
				"up": {"uv": [16, 16, 0, 0], "texture": "#layer0", "tintindex": 0},
				"down": {"uv": [16, 0, 0, 16], "texture": "#layer0", "tintindex": 0}
			}
		}
	]
}