{
  "parent": "minecraft:item/generated",
  "textures": {
    "layer0": "minecraft:item/leather_horse_armor"
  },
	"overrides": [
		{"predicate": {"custom_model_data":1}, "model": "item/ring/null"},
		{"predicate": {"custom_model_data":2}, "model": "item/planet/test"},
		{"predicate": {"custom_model_data":3}, "model": "item/planet/earth2.0"},
		{"predicate": {"custom_model_data":4}, "model": "item/planet/cobble"},
		{"predicate": {"custom_model_data":5}, "model": "item/ring/test"},
		{"predicate": {"custom_model_data":6}, "model": "item/ring/saturn"},
		{"predicate": {"custom_model_data":7}, "model": "item/ring/asteroids"},
		{"predicate": {"custom_model_data":8}, "model": "item/planet/noise"},
		{"predicate": {"custom_model_data":9}, "model": "item/planet/bred"},
		{"predicate": {"custom_model_data":10}, "model": "item/planet/nerd"},
		{"predicate": {"custom_model_data":11}, "model": "item/planet/lastone"},
		{"predicate": {"custom_model_data":12}, "model": "item/aura"},
		{"predicate": {"custom_model_data":13}, "model": "item/ring/skinny"},
		{"predicate": {"custom_model_data":14}, "model": "item/ring/checker"},
		{"predicate": {"custom_model_data":15}, "model": "item/planet/moon"},
		{"predicate": {"custom_model_data":16}, "model": "item/planet/sun"},
		{"predicate": {"custom_model_data":17}, "model": "item/planet/striped"},
		{"predicate": {"custom_model_data":18}, "model": "item/planet/magma"},
		{"predicate": {"custom_model_data":19}, "model": "item/planet/head"},
		{"predicate": {"custom_model_data":20}, "model": "item/planet/skull"},
		{"predicate": {"custom_model_data":21}, "model": "item/planet/coconut"},
		{"predicate": {"custom_model_data":22}, "model": "item/planet/clouds"},
		{"predicate": {"custom_model_data":23}, "model": "item/planet/gradient"},
		{"predicate": {"custom_model_data":24}, "model": "item/planet/holes"},
		{"predicate": {"custom_model_data":25}, "model": "item/planet/grass"},
		{"predicate": {"custom_model_data":26}, "model": "item/planet/shulker"},
		{"predicate": {"custom_model_data":27}, "model": "item/planet/cyclops"},
		{"predicate": {"custom_model_data":28}, "model": "item/ring/fidget"},
		{"predicate": {"custom_model_data":29}, "model": "item/ring/disc"},
		{"predicate": {"custom_model_data":30}, "model": "item/ring/clockhand"},
		{"predicate": {"custom_model_data":31}, "model": "item/ring/wheel"}
	]
}